0	e320be51411f440c67e896a7a150cf629163d6128fefb1551800321f6fa72f70
1	f4cc90e5684b4751cca070f7b744992d56f38097d2222d3538efa2078db2f8a2
2	d26122e9db2472c957017332f614d64501f67e97b848513b9f3870d6b59e9c90
3	dcd949e75eae41504390ee7bb9099f8b0b52cd1e21e4fd292dcd618f94634b01
4	5907dc1dfa8231c5f1c67899add332f6fab67966edec6ee0dadd4951913aa5e9
5	6188bfd5d1e543492412bb3afb877cf8647bdaa9f969a928250df89f3ebfc9f0
6	ed126ca8c30a3733a0defb75ecb551aee1d70a876c05e0f23939b45a4f02b756
7	77aaf349d127cc702d3ee6afd0379c6bb78a4c0e4f631842318926e15ab7f878
8	5fcd2e1e3e5aace59f0016a1f640cf481f499a6d5a515ca8fb9c27a7683285cd
9	6ffa9257fe926938f958c1183a24cea23a223cc672694b61d38d22a782bf661b
10	a81a01afeeb338cd90d97ec2961894c500ece1d327c0a81ad2008e37820e873b
11	60449b7692ed67e8c8fbf937661620bcf6eeb25e5873a174f36cc36667955281
12	3f8812e8bda1830f18a0566bf89b77a884f3420d63912b1a8b91e6918d17a30b
13	e7bc5be862160aacb67c348a0ddbeee27d343d678706fe5b221898a3eec6ff94
14	490ea6f3e5a78a6a6dc40b1b1992c78d3a715eb9f1b8e8e8b20bf757acb6a3a5
15	7d87eb49897a2a54d551b9d87b05aa84af09242f094949dfcbc3127235250339
