id	status	owner	commit_or_artifact	test	result	added_children	limitations
00.001	DONE	Codex	migration/baseline/baseline.json	git rev-parse afa43fae	source commit resolves	-	-
00.002	DONE	Codex	migration/baseline/baseline.json	git merge-base --is-ancestor a61915a8 afa43fae	ancestor verified	-	-
00.003	DONE	Codex	migration/baseline/baseline.json	git rev-parse GIMP_3_0_8^{commit}	6ac8031c verified	-	-
00.004	DONE	Codex	migration/support-policy.md	policy review against design.md section 2	initial 3.0 and added-series rule recorded	-	-
00.005	DONE	Codex	branch gimp-3-0-port	git rev-parse HEAD gimp-upstream/gimp-3-0	branch starts at 95f6410f	-	-
00.006	DONE	Codex	migration/constraints.md	compare design.md section 1	four forbidden substitutions recorded	-	-
00.007	DONE	Codex	migration/README.md	directory existence and path review	six artifact destinations defined	-	-
00.008	DONE	Codex	migration/progress.tsv	python3 tools/check_tasks.py	required evidence columns defined	-	-
00.009	DONE	Codex	tools/check_tasks.py	python3 tools/check_tasks.py	missing IDs and cycles checked	-	-
00.010	DONE	Codex	migration/README.md	review child-ID and blocked procedure	child implementation and test rule recorded	-	-
00.011	DONE	Codex	tasks.md section 5	36-row count and task group mapping review	all 36 features mapped to implementation and checks	-	-
00.012	DONE	Codex	migration/support-policy.md	review target architectures	Linux x86_64 Windows x86_64 macOS arm64/x86_64 recorded	-	-
01.001	DONE	Codex	migration/inventory/changed-files.tsv	python3 tools/inventory_changes.py; wc -l changed-files.tsv	947 changed paths with status and old/new blob IDs	-	-
03.001	DONE	Codex	meson.build:1-8; migration/baseline/build-definition.md	inspect project language, standard, minimum Meson	C and C++ enabled; C++14; Meson >=0.61.0	-	-
01.002	DONE	Codex	migration/inventory/changed-hunks.tsv	tools/inventory_hunks.py; verified 947/947 changed paths	2489 sections with classification columns and per-section child checks	01.002/000001..002489	-
02.001	BLOCKED	Codex	migration/baseline/legacy-build.md	configure.ac dependency inspection	declared minima extracted; exact isolated stack unavailable	-	GTK 2 and GEGL 0.3 build stack absent
03.002	DONE	Codex	migration/baseline/build-environment.json; migration/baseline/linux-build.md	pkg-config versions; meson setup build	toolchain and GLib GTK GEGL babl versions recorded; GIMP configured	-	-
01.003	DONE	Codex	migration/inventory/external-changes.tsv	python3 tools/classify_external.py; 474/474 non-app files	every external changed file has a category and implementation/test sections	01.003/0001..0474	implementation and feature parity remain open
01.004	DONE	Codex	migration/inventory/cpp-types.tsv	python3 tools/inventory_cpp_types.py; 17 declarations	all NewGClass declarations mapped to C parents instances Impl interfaces and GType names	01.004/001..017	-
01.005	DOING	Codex	migration/inventory/cpp-call-boundary-candidates.tsv; migration/inventory/c-call-reference-candidates.tsv; migration/inventory/c-reference-review.tsv; migration/inventory/c-entry-coverage.tsv; migration/inventory/c-entry-signatures.tsv; migration/inventory/c-linkage-review.tsv; migration/inventory/c-parameter-review.tsv; migration/inventory/extern-c-block-review.tsv; migration/inventory/bridge-boundary-findings.tsv; migration/inventory/function-pointer-review.tsv; migration/inventory/vfunc-assignment-review.tsv; migration/inventory/binder-site-review.tsv; migration/inventory/property-accessor-review.tsv; migration/inventory/callback-registration-review.tsv; migration/inventory/signal-wrapper-review.tsv; migration/inventory/delegator-site-review.tsv	python3 tools/inventory_call_boundaries.py; python3 tools/audit_c_references.py; python3 tools/audit_c_entry_signatures.py; python3 tools/audit_c_linkage_review.py; python3 tools/audit_c_parameters.py; python3 tools/audit_extern_c_blocks.py; python3 tools/audit_function_pointers.py; python3 -B tools/audit_vfunc_assignments.py; python3 -B tools/audit_binder_sites.py; python3 -B tools/audit_property_accessors.py; python3 -B tools/audit_callback_registrations.py; python3 -B tools/audit_signal_wrappers.py; python3 -B tools/audit_delegator_sites.py	683 C++ candidates; 28 C entry syntax sites and 149 definitions classified; 6 macro-generated GTypes paired with C headers; 130 C/header references classified including 6 C pointer registrations and 33 active C-to-C++ direct calls traced; 41 direct-call syntax candidates split into 35 active and 6 disabled; 2 deferred source paths traced; 69 extern C scopes classified; 34 pointer syntax sites classified; 66 signature pairs; 28 unguarded header pairs classified; 64 C entry parameter and 64 return pairs classified; 9 generic bridge mechanisms inspected; 63 class assignments classified (40 callbacks and 23 metadata fields); 92 NewGClass binder candidates classified (71 actual bindings); 44 property accessor occurrences (18 active bindings) classified; 94 callback registration candidates classified (60 named signal connections); 47 signal wrapper connections classified; 107 delegator candidates classified (90 member callbacks and 7 lambdas)	-	Remaining candidate classification and C caller ownership still require audit
01.005/bridge-core	DONE	Codex	migration/inventory/bridge-boundary-findings.tsv	check nine source anchors at legacy commit afa43fae and inspect C callback ownership	9 core NewGClass and Delegator boundaries mapped to source and migration checks	-	This inventory task does not implement the bridge
01.005/c-linkage	DONE	Codex	migration/inventory/c-linkage-review.tsv	python3 tools/audit_c_linkage_review.py; verify 28 source anchors at afa43fae	25 includes under extern C; 1 explicit extern C definition; 2 distinct C++ overload pairs	-	C callers and all other boundary candidates remain under review
01.005/c-references	DONE	Codex	migration/inventory/c-reference-review.tsv	python3 tools/audit_c_references.py; verify 130 source lines at afa43fae	41 direct calls; 6 pointer registrations; 1 C definition; 2 commented C sites; 65 declarations; 11 macros; 3 templates; 1 commented header site	-	Only the original candidate list is classified; caller argument and owner inspection remain open
01.005/c-parameters	DONE	Codex	migration/inventory/c-parameter-review.tsv	python3 tools/audit_c_parameters.py; inspect three nonmatching pairs against c-entry-signatures.tsv	61 text matches after normalization; 2 name-only differences; 1 guint versus guint32 type spelling difference	-	Return types and ABI of typedefs remain to be verified in implementation
01.005/extern-c	DONE	Codex	migration/inventory/extern-c-block-review.tsv	python3 tools/audit_extern_c_blocks.py; inspect 69 matching braces at afa43fae	55 include scopes; 9 definition scopes; 3 mixed scopes; 2 local GObject declaration scopes	-	Definition regex is triage evidence; exported symbols and ownership still under review
03.003	DONE	Codex	gimp-build.log (workspace)	meson compile -C build -j 2; build/app/gimp-console-3.0 --version	2594/2594 targets linked; GNU Image Manipulation Program version 3.0.9	-	-
03.004	DONE	Codex	migration/tests/baseline-smoke.py; migration/fixtures/gimp3-baseline.xcf	direct headless GIMP batch; XCF creation fill save reopen and exit status	BASELINE_CREATE_FILL_SAVE_REOPEN_OK; exit 0; XCF SHA256 e9622c6bb195ec5de7a4e00d1bd558527b43b728fdefae8b721d589c8cc7c9ae	-	nonfatal g_file_test(NULL) warning observed; GUI test still pending
03.005	DONE	Codex	migration/baseline/linux-build.md	GIMP3_DIRECTORY outside default home in direct batch run	isolated profile used; no default user profile touched	-	-
03.006	DONE	Codex	migration/baseline/meson-options.txt	meson configure build; inspect debug/release sanitizer and optional dependency flags	full Meson options and current choices recorded	-	-
03.007	DONE	Codex	migration/baseline/build-definition.md; migration/baseline/meson-options.txt	meson configure build cpp_std; inspect meson.build	initial C++14 is project default; no global standard uplift	-	-
03.008	DONE	Codex	migration/baseline/standard-tests.md; migration/baseline/build-artifact-check.json	meson test -C build --no-rebuild --print-errorlogs --suite gimp:app	4/5 passed; baseline save-and-export failed before any painter port, traceback at line 71	-	baseline script-fu crash and imported-file mismatch unresolved
03.009	DONE	Codex	migration/baseline/linux-build.md	inspect clean build command and CCACHE_DISABLE=1	fresh build-clean directory and cache-off commands recorded	-	clean build procedure recorded but a second full clean compilation not executed
01.005/function-pointers	DONE	Codex	migration/inventory/function-pointer-review.tsv	python3 tools/audit_function_pointers.py; inspect 34 source lines at afa43fae	13 declarations or pointer parameters; 21 indirect calls	-	C ABI and lifetime of pointed-to callbacks still under review
01.005/vfunc-assignments	DONE	Codex	migration/inventory/vfunc-assignment-review.tsv	python3 -B tools/audit_vfunc_assignments.py; check 63 legacy assignments and 40 target locations	36 same-file callback definitions; 1 cross-file save; 3 bridge callbacks; 23 class metadata fields	-	GIMP 3 slot signatures and callback owner lifetimes still require audit
01.005/binder-sites	DONE	Codex	migration/inventory/binder-site-review.tsv	python3 -B tools/audit_binder_sites.py; verify 92 candidate lines and resolve 37 Impl aliases	21 macro definitions; 71 vfunc bindings (64 _override and 7 bind_to_class) mapped to class pointer and implementation alias	-	GIMP 3 slot signatures and property accessor macros require separate audit
01.005/property-accessors	DONE	Codex	migration/inventory/property-accessor-review.tsv	python3 -B tools/audit_property_accessors.py; verify 18 active targets and 8 disabled occurrences	18 macro definitions; 18 active accessor bindings; 8 accessor invocations inside #if 0	-	Property types and ownership in GIMP 3 remain under review
01.005/callback-registrations	DONE	Codex	migration/inventory/callback-registration-review.tsv	python3 -B tools/audit_callback_registrations.py; verify 11 continuation parents and 60 named targets	60 named signal connections; 11 continuation rows; 10 generic helper forwards; 2 callback parameters; 2 helper declarations; 9 other callback sites	-	Signal disconnect paths and callback ownership still require review
01.005/signal-wrappers	DONE	Codex	migration/inventory/signal-wrapper-review.tsv; tools/inventory_call_boundaries.py	python3 -B tools/inventory_call_boundaries.py; python3 -B tools/audit_signal_wrappers.py	47 wrapper connections: 22 stored handlers; 10 untracked member callbacks; 15 untracked lambdas capturing this	-	Receiver and callback destruction order requires a separate lifetime audit
01.005/delegator-sites	DONE	Codex	migration/inventory/delegator-site-review.tsv	python3 -B tools/audit_delegator_sites.py; verify 107 legacy source lines and lambda captures	90 member callbacks; 7 lambdas; 4 adapter factories; 4 generic forwards; 2 local functions	-	Disconnection and lifetime of referenced or deferred callbacks still require audit
01.005/cpp-definitions	DONE	Codex	migration/inventory/cpp-definition-review.tsv	python3 -B tools/audit_cpp_definitions.py; verify 149 legacy definitions and disabled #if 0 ranges	64 header-declared entries; 2 locally C-declared GType entries; 2 C++ overloads; 71 static functions; 2 C++ template helpers; 8 disabled definitions	-	Callback ABI and owner lifetime still require audit
01.005/c-returns	DONE	Codex	migration/inventory/c-return-review.tsv	python3 -B tools/audit_c_returns.py; verify 64 legacy return type source anchors	64 return types match after whitespace and pointer spacing normalization	-	Return value ownership and GIMP 3 type changes remain open
01.005/generated-gtypes	DONE	Codex	migration/inventory/generated-gtype-review.tsv	python3 -B tools/audit_generated_gtypes.py; verify C header declarations for six G_DEFINE_TYPE expansions	6 generated get_type entries paired with legacy C headers	-	GIMP 3 registration and C linkage must be verified during port
01.005/c-entry-candidates	DONE	Codex	migration/inventory/c-entry-candidate-review.tsv	python3 -B tools/audit_c_entry_candidates.py; reconcile all 28 syntactic candidates with cpp-definition-review.tsv	23 header entries; 2 local C-declared GType definitions; 2 local declarations; 1 C++ declaration of disabled routine	-	Actual C caller ownership and GIMP 3 contracts remain open
01.005/c-pointer-registrations	DONE	Codex	migration/inventory/c-pointer-registration-review.tsv	python3 -B tools/audit_c_pointer_registrations.py; verify 6 registration anchors, typedefs, storage and invocations	2 deferred factory callbacks; 1 tool callback; 3 tool registrations bypass the provided callback	-	Returned object ownership and GIMP 3 registration API remain for port
01.005/xcf-c-entries	DONE	Codex	migration/inventory/xcf-c-entry-review.tsv	python3 -B tools/audit_xcf_c_entries.py; check all 9 first-pass XCF direct calls and ownership-related source anchors	6 load and 3 save calls; clone lazy lookup; filter arg copy and release; null source save hazard mapped	12.002/clone-unresolved-write,12.003/filter-args-ownership,12.015/clone-unresolved-roundtrip,12.015/filter-args-roundtrip	Port must define safe argument copy/free and unresolved clone name serialization
01.005/c-direct-call-activity	DONE	Codex	migration/inventory/c-direct-call-activity.tsv	python3 -B tools/audit_c_direct_call_activity.py; verify guards and balanced call expressions for 41 candidates	33 active C++ calls; 2 active C implementation calls; 6 disabled C++ calls	-	Ownership and GIMP 3 signatures for remaining active C++ calls need review
01.005/non-xcf-c-calls	DONE	Codex	migration/inventory/non-xcf-c-call-review.tsv	python3 -B tools/audit_non_xcf_c_calls.py; verify 24 caller and 14 C++ entry anchors plus ownership-related lines	All 24 remaining active non-XCF calls mapped; MyPaint editor guard/NULL options and ignored guide success flagged	24.001/editor-context-contract,24.015/mypaint-editor-create,24.017/mypaint-editor-constructor-test	GIMP 3 target APIs and widget teardown still need implementation checks
12.002/clone-unresolved-write	TODO	Codex	01.005/xcf-c-entries	-	pending	-	Preserve unresolved legacy clone source name without null dereference
12.003/filter-args-ownership	TODO	Codex	01.005/xcf-c-entries	-	pending	-	Deep-copy and free saved GValue arrays on success and failure
12.015/clone-unresolved-roundtrip	TODO	Codex	01.005/xcf-c-entries	-	pending	-	Roundtrip unresolved reference fixture
12.015/filter-args-roundtrip	TODO	Codex	01.005/xcf-c-entries	-	pending	-	Roundtrip typed arguments and verify temporary allocations
24.001/editor-context-contract	TODO	Codex	01.005/non-xcf-c-calls	-	pending	-	Specify context/options ownership and missing brush handling
24.015/mypaint-editor-create	TODO	Codex	01.005/non-xcf-c-calls	-	pending	-	Correct constructor type check and null options path
24.017/mypaint-editor-constructor-test	TODO	Codex	01.005/non-xcf-c-calls	-	pending	-	Verify valid/invalid context and widget teardown
01.005/deferred-sources	DONE	Codex	migration/inventory/deferred-source-review.tsv	python3 -B tools/audit_deferred_sources.py; verify timeout and idle registration, source ID and cancellation anchors	1 uncancelled raw-this timeout and 1 RAII idle with unverified raw viewable capture	17.001/filter-end-timeout-contract,17.026/filter-end-timeout-cancel,18.008/filter-end-timeout-teardown,29.001/preview-idle-lifetime-contract,29.019/preview-idle-owner,29.020/preview-idle-teardown	Callback signatures and GIMP 3 destruction paths remain to verify
17.001/filter-end-timeout-contract	TODO	Codex	01.005/deferred-sources	-	pending	-	Specify source ID, close ordering and one-shot notification
17.026/filter-end-timeout-cancel	TODO	Codex	01.005/deferred-sources	-	pending	-	Implement cancellation before FilterLayer owner destruction
18.008/filter-end-timeout-teardown	TODO	Codex	01.005/deferred-sources	-	pending	-	Test layer and image destruction with timeout pending
29.001/preview-idle-lifetime-contract	TODO	Codex	01.005/deferred-sources	-	pending	-	Specify preview/viewable lifetime and requeue ordering
29.019/preview-idle-owner	TODO	Codex	01.005/deferred-sources	-	pending	-	Retain or weakly guard captured viewable before deferred callback
29.020/preview-idle-teardown	TODO	Codex	01.005/deferred-sources	-	pending	-	Test requeue and teardown while idle is pending
