width	height	amount	wrapmode	edgemode	input-file	expected-file
5	4	1.75	1	0	/workspace/shared/legacy-edge-inputs/input-5x4.rgba	/workspace/shared/legacy-edge-outputs/edge-5x4-m0-w1.rgba
5	4	1.75	2	0	/workspace/shared/legacy-edge-inputs/input-5x4.rgba	/workspace/shared/legacy-edge-outputs/edge-5x4-m0-w2.rgba
5	4	1.75	3	0	/workspace/shared/legacy-edge-inputs/input-5x4.rgba	/workspace/shared/legacy-edge-outputs/edge-5x4-m0-w3.rgba
5	4	1.75	1	1	/workspace/shared/legacy-edge-inputs/input-5x4.rgba	/workspace/shared/legacy-edge-outputs/edge-5x4-m1-w1.rgba
5	4	1.75	2	1	/workspace/shared/legacy-edge-inputs/input-5x4.rgba	/workspace/shared/legacy-edge-outputs/edge-5x4-m1-w2.rgba
5	4	1.75	3	1	/workspace/shared/legacy-edge-inputs/input-5x4.rgba	/workspace/shared/legacy-edge-outputs/edge-5x4-m1-w3.rgba
5	4	1.75	1	2	/workspace/shared/legacy-edge-inputs/input-5x4.rgba	/workspace/shared/legacy-edge-outputs/edge-5x4-m2-w1.rgba
5	4	1.75	2	2	/workspace/shared/legacy-edge-inputs/input-5x4.rgba	/workspace/shared/legacy-edge-outputs/edge-5x4-m2-w2.rgba
5	4	1.75	3	2	/workspace/shared/legacy-edge-inputs/input-5x4.rgba	/workspace/shared/legacy-edge-outputs/edge-5x4-m2-w3.rgba
5	4	1.75	1	3	/workspace/shared/legacy-edge-inputs/input-5x4.rgba	/workspace/shared/legacy-edge-outputs/edge-5x4-m3-w1.rgba
5	4	1.75	2	3	/workspace/shared/legacy-edge-inputs/input-5x4.rgba	/workspace/shared/legacy-edge-outputs/edge-5x4-m3-w2.rgba
5	4	1.75	3	3	/workspace/shared/legacy-edge-inputs/input-5x4.rgba	/workspace/shared/legacy-edge-outputs/edge-5x4-m3-w3.rgba
5	4	1.75	1	4	/workspace/shared/legacy-edge-inputs/input-5x4.rgba	/workspace/shared/legacy-edge-outputs/edge-5x4-m4-w1.rgba
5	4	1.75	2	4	/workspace/shared/legacy-edge-inputs/input-5x4.rgba	/workspace/shared/legacy-edge-outputs/edge-5x4-m4-w2.rgba
5	4	1.75	3	4	/workspace/shared/legacy-edge-inputs/input-5x4.rgba	/workspace/shared/legacy-edge-outputs/edge-5x4-m4-w3.rgba
5	4	1.75	1	5	/workspace/shared/legacy-edge-inputs/input-5x4.rgba	/workspace/shared/legacy-edge-outputs/edge-5x4-m5-w1.rgba
5	4	1.75	2	5	/workspace/shared/legacy-edge-inputs/input-5x4.rgba	/workspace/shared/legacy-edge-outputs/edge-5x4-m5-w2.rgba
5	4	1.75	3	5	/workspace/shared/legacy-edge-inputs/input-5x4.rgba	/workspace/shared/legacy-edge-outputs/edge-5x4-m5-w3.rgba
1	1	1.75	1	0	/workspace/shared/legacy-edge-inputs/input-1x1.rgba	/workspace/shared/legacy-edge-outputs/edge-1x1-m0-w1.rgba
1	1	1.75	2	0	/workspace/shared/legacy-edge-inputs/input-1x1.rgba	/workspace/shared/legacy-edge-outputs/edge-1x1-m0-w2.rgba
1	1	1.75	3	0	/workspace/shared/legacy-edge-inputs/input-1x1.rgba	/workspace/shared/legacy-edge-outputs/edge-1x1-m0-w3.rgba
1	1	1.75	1	1	/workspace/shared/legacy-edge-inputs/input-1x1.rgba	/workspace/shared/legacy-edge-outputs/edge-1x1-m1-w1.rgba
1	1	1.75	2	1	/workspace/shared/legacy-edge-inputs/input-1x1.rgba	/workspace/shared/legacy-edge-outputs/edge-1x1-m1-w2.rgba
1	1	1.75	3	1	/workspace/shared/legacy-edge-inputs/input-1x1.rgba	/workspace/shared/legacy-edge-outputs/edge-1x1-m1-w3.rgba
1	1	1.75	1	2	/workspace/shared/legacy-edge-inputs/input-1x1.rgba	/workspace/shared/legacy-edge-outputs/edge-1x1-m2-w1.rgba
1	1	1.75	2	2	/workspace/shared/legacy-edge-inputs/input-1x1.rgba	/workspace/shared/legacy-edge-outputs/edge-1x1-m2-w2.rgba
1	1	1.75	3	2	/workspace/shared/legacy-edge-inputs/input-1x1.rgba	/workspace/shared/legacy-edge-outputs/edge-1x1-m2-w3.rgba
1	1	1.75	1	3	/workspace/shared/legacy-edge-inputs/input-1x1.rgba	/workspace/shared/legacy-edge-outputs/edge-1x1-m3-w1.rgba
1	1	1.75	2	3	/workspace/shared/legacy-edge-inputs/input-1x1.rgba	/workspace/shared/legacy-edge-outputs/edge-1x1-m3-w2.rgba
1	1	1.75	3	3	/workspace/shared/legacy-edge-inputs/input-1x1.rgba	/workspace/shared/legacy-edge-outputs/edge-1x1-m3-w3.rgba
1	1	1.75	1	4	/workspace/shared/legacy-edge-inputs/input-1x1.rgba	/workspace/shared/legacy-edge-outputs/edge-1x1-m4-w1.rgba
1	1	1.75	2	4	/workspace/shared/legacy-edge-inputs/input-1x1.rgba	/workspace/shared/legacy-edge-outputs/edge-1x1-m4-w2.rgba
1	1	1.75	3	4	/workspace/shared/legacy-edge-inputs/input-1x1.rgba	/workspace/shared/legacy-edge-outputs/edge-1x1-m4-w3.rgba
1	1	1.75	1	5	/workspace/shared/legacy-edge-inputs/input-1x1.rgba	/workspace/shared/legacy-edge-outputs/edge-1x1-m5-w1.rgba
1	1	1.75	2	5	/workspace/shared/legacy-edge-inputs/input-1x1.rgba	/workspace/shared/legacy-edge-outputs/edge-1x1-m5-w2.rgba
1	1	1.75	3	5	/workspace/shared/legacy-edge-inputs/input-1x1.rgba	/workspace/shared/legacy-edge-outputs/edge-1x1-m5-w3.rgba
1	5	1.75	1	0	/workspace/shared/legacy-edge-inputs/input-1x5.rgba	/workspace/shared/legacy-edge-outputs/edge-1x5-m0-w1.rgba
1	5	1.75	2	0	/workspace/shared/legacy-edge-inputs/input-1x5.rgba	/workspace/shared/legacy-edge-outputs/edge-1x5-m0-w2.rgba
1	5	1.75	3	0	/workspace/shared/legacy-edge-inputs/input-1x5.rgba	/workspace/shared/legacy-edge-outputs/edge-1x5-m0-w3.rgba
1	5	1.75	1	1	/workspace/shared/legacy-edge-inputs/input-1x5.rgba	/workspace/shared/legacy-edge-outputs/edge-1x5-m1-w1.rgba
1	5	1.75	2	1	/workspace/shared/legacy-edge-inputs/input-1x5.rgba	/workspace/shared/legacy-edge-outputs/edge-1x5-m1-w2.rgba
1	5	1.75	3	1	/workspace/shared/legacy-edge-inputs/input-1x5.rgba	/workspace/shared/legacy-edge-outputs/edge-1x5-m1-w3.rgba
1	5	1.75	1	2	/workspace/shared/legacy-edge-inputs/input-1x5.rgba	/workspace/shared/legacy-edge-outputs/edge-1x5-m2-w1.rgba
1	5	1.75	2	2	/workspace/shared/legacy-edge-inputs/input-1x5.rgba	/workspace/shared/legacy-edge-outputs/edge-1x5-m2-w2.rgba
1	5	1.75	3	2	/workspace/shared/legacy-edge-inputs/input-1x5.rgba	/workspace/shared/legacy-edge-outputs/edge-1x5-m2-w3.rgba
1	5	1.75	1	3	/workspace/shared/legacy-edge-inputs/input-1x5.rgba	/workspace/shared/legacy-edge-outputs/edge-1x5-m3-w1.rgba
1	5	1.75	2	3	/workspace/shared/legacy-edge-inputs/input-1x5.rgba	/workspace/shared/legacy-edge-outputs/edge-1x5-m3-w2.rgba
1	5	1.75	3	3	/workspace/shared/legacy-edge-inputs/input-1x5.rgba	/workspace/shared/legacy-edge-outputs/edge-1x5-m3-w3.rgba
1	5	1.75	1	4	/workspace/shared/legacy-edge-inputs/input-1x5.rgba	/workspace/shared/legacy-edge-outputs/edge-1x5-m4-w1.rgba
1	5	1.75	2	4	/workspace/shared/legacy-edge-inputs/input-1x5.rgba	/workspace/shared/legacy-edge-outputs/edge-1x5-m4-w2.rgba
1	5	1.75	3	4	/workspace/shared/legacy-edge-inputs/input-1x5.rgba	/workspace/shared/legacy-edge-outputs/edge-1x5-m4-w3.rgba
1	5	1.75	1	5	/workspace/shared/legacy-edge-inputs/input-1x5.rgba	/workspace/shared/legacy-edge-outputs/edge-1x5-m5-w1.rgba
1	5	1.75	2	5	/workspace/shared/legacy-edge-inputs/input-1x5.rgba	/workspace/shared/legacy-edge-outputs/edge-1x5-m5-w2.rgba
1	5	1.75	3	5	/workspace/shared/legacy-edge-inputs/input-1x5.rgba	/workspace/shared/legacy-edge-outputs/edge-1x5-m5-w3.rgba
5	1	1.75	1	0	/workspace/shared/legacy-edge-inputs/input-5x1.rgba	/workspace/shared/legacy-edge-outputs/edge-5x1-m0-w1.rgba
5	1	1.75	2	0	/workspace/shared/legacy-edge-inputs/input-5x1.rgba	/workspace/shared/legacy-edge-outputs/edge-5x1-m0-w2.rgba
5	1	1.75	3	0	/workspace/shared/legacy-edge-inputs/input-5x1.rgba	/workspace/shared/legacy-edge-outputs/edge-5x1-m0-w3.rgba
5	1	1.75	1	1	/workspace/shared/legacy-edge-inputs/input-5x1.rgba	/workspace/shared/legacy-edge-outputs/edge-5x1-m1-w1.rgba
5	1	1.75	2	1	/workspace/shared/legacy-edge-inputs/input-5x1.rgba	/workspace/shared/legacy-edge-outputs/edge-5x1-m1-w2.rgba
5	1	1.75	3	1	/workspace/shared/legacy-edge-inputs/input-5x1.rgba	/workspace/shared/legacy-edge-outputs/edge-5x1-m1-w3.rgba
5	1	1.75	1	2	/workspace/shared/legacy-edge-inputs/input-5x1.rgba	/workspace/shared/legacy-edge-outputs/edge-5x1-m2-w1.rgba
5	1	1.75	2	2	/workspace/shared/legacy-edge-inputs/input-5x1.rgba	/workspace/shared/legacy-edge-outputs/edge-5x1-m2-w2.rgba
5	1	1.75	3	2	/workspace/shared/legacy-edge-inputs/input-5x1.rgba	/workspace/shared/legacy-edge-outputs/edge-5x1-m2-w3.rgba
5	1	1.75	1	3	/workspace/shared/legacy-edge-inputs/input-5x1.rgba	/workspace/shared/legacy-edge-outputs/edge-5x1-m3-w1.rgba
5	1	1.75	2	3	/workspace/shared/legacy-edge-inputs/input-5x1.rgba	/workspace/shared/legacy-edge-outputs/edge-5x1-m3-w2.rgba
5	1	1.75	3	3	/workspace/shared/legacy-edge-inputs/input-5x1.rgba	/workspace/shared/legacy-edge-outputs/edge-5x1-m3-w3.rgba
5	1	1.75	1	4	/workspace/shared/legacy-edge-inputs/input-5x1.rgba	/workspace/shared/legacy-edge-outputs/edge-5x1-m4-w1.rgba
5	1	1.75	2	4	/workspace/shared/legacy-edge-inputs/input-5x1.rgba	/workspace/shared/legacy-edge-outputs/edge-5x1-m4-w2.rgba
5	1	1.75	3	4	/workspace/shared/legacy-edge-inputs/input-5x1.rgba	/workspace/shared/legacy-edge-outputs/edge-5x1-m4-w3.rgba
5	1	1.75	1	5	/workspace/shared/legacy-edge-inputs/input-5x1.rgba	/workspace/shared/legacy-edge-outputs/edge-5x1-m5-w1.rgba
5	1	1.75	2	5	/workspace/shared/legacy-edge-inputs/input-5x1.rgba	/workspace/shared/legacy-edge-outputs/edge-5x1-m5-w2.rgba
5	1	1.75	3	5	/workspace/shared/legacy-edge-inputs/input-5x1.rgba	/workspace/shared/legacy-edge-outputs/edge-5x1-m5-w3.rgba
67	66	2.0	1	0	/workspace/shared/legacy-edge-inputs/input-67x66.rgba	/workspace/shared/legacy-edge-outputs/edge-67x66-m0-w1.rgba
67	66	2.0	3	0	/workspace/shared/legacy-edge-inputs/input-67x66.rgba	/workspace/shared/legacy-edge-outputs/edge-67x66-m0-w3.rgba
67	66	2.0	1	5	/workspace/shared/legacy-edge-inputs/input-67x66.rgba	/workspace/shared/legacy-edge-outputs/edge-67x66-m5-w1.rgba
67	66	2.0	3	5	/workspace/shared/legacy-edge-inputs/input-67x66.rgba	/workspace/shared/legacy-edge-outputs/edge-67x66-m5-w3.rgba
