sequence	local_commit	remote_commit	tree	remote_parent	message
1	b892f0830d5339ea4e6479471db2a907d5e21628	eb4dd052d6bf02b369b0856621966920eaeb25be	e43c99f0ae843456cdf9371f78daf4299fdcc06a	665e71270326c7162c6a325d297e4dd983f9c0a2	migration: assign every legacy hunk and asset to WBS (01.013)
2	3cfc1b2788179f3a4feb2958e2a69698943500b5	2596587b6504a6866ecc2094050769a14dbb40b0	3bbf80dd0846a055e1d2aac793f6be94fdd707ce	eb4dd052d6bf02b369b0856621966920eaeb25be	migration: freeze pinned legacy brush assets (02.008)
3	3800852d13226ceee006489ed824175bd3fb9fd0	521a30e500240df95eddd897e5372989eb134651	f66e817d4903e774a1067a0b59301804014eccc1	2596587b6504a6866ecc2094050769a14dbb40b0	migration: define reproducible stroke recording format (02.009)
4	e25737eb7891ef42cb62f9de5284e1eef05c4e19	9de7481e3c0f16b28dca7f4cc24e21672c8d625d	b21e13936f3d6c0227bf456632a1906bc8675243	521a30e500240df95eddd897e5372989eb134651	migration: register source fixture provenance (02.014/source-register)
5	404c71fbe6696f4caaf358d044a5a66d667ee993	3a44a6dfac51c5fe98b450d8ffe08ac94b98c1c7	efc07080f35ab739be4b271ce21161dc219e68d6	9de7481e3c0f16b28dca7f4cc24e21672c8d625d	migration: record legacy bootstrap recovery procedure
6	ada803853b17052559c24c4725f838adfd63abd7	71309f065c55fd9d071c4fa7079e410b2db3fb44	0ffc025a66558952c83f6e8c5818f685fe0034f4	3a44a6dfac51c5fe98b450d8ffe08ac94b98c1c7	migration: distinguish cleanup candidates from functional data (01.014)
7	0e1f3bc8720578b6fa8b9239562718b29010b0cb	5a7f479901a43ce9fc35f3cdbcefbdc7b950d939	819f2ff04df8a9fc99c40e9a207176ccfb8ed7b5	71309f065c55fd9d071c4fa7079e410b2db3fb44	migration: audit auxiliary scripts and generator contracts (01.015)
8	1518f4d136a5899605641af0d330939d0ec2124f	467ebcedbb911d78ff205d0b7cb54bc58e2a24f5	24851cdd06980e1fc1125d967612dac44239997c	5a7f479901a43ce9fc35f3cdbcefbdc7b950d939	migration: audit standard paint and selection traversal (01.016)
9	b5ed6e61e3a2ecd430d7942e45ea993842f3e950	bed2851fda4d0c3ad7e1c1c6d63fea0d4ae605d4	c39c5106785d842d65bf78f83ba3967c76806839	467ebcedbb911d78ff205d0b7cb54bc58e2a24f5	build: reproduce GIMP 3 baseline with isolated Debian dependencies
10	ea89e3b47a6524a7dc4a8d4fcb3fb4430c0049ae	6cb0cc076a4037d2e125c7480a100aa47929fa07	e5b6e168faf825bd3af94562b4a7e4f15214bc0f	bed2851fda4d0c3ad7e1c1c6d63fea0d4ae605d4	migration: split source obligations and enforce inventory gates (01.017)
11	a55b8acb49cfd6e1bd2d7b56e6f8dc0c0f6691d3	bf875c015ef2c89ec084f6dc24fa07d30ec1fc39	5db25111434d450366fd5a1951203c82687756db	6cb0cc076a4037d2e125c7480a100aa47929fa07	migration: define painter module dependency direction (04.001)
12	dc48d754a3afad1e79525770ec3a8fa2a5b5a7f1	683531183e1bb16106898f460ea43456d5752f4e	a7b54777f1e8ab6b2514eed07f84362db105fe51	bf875c015ef2c89ec084f6dc24fa07d30ec1fc39	painter: integrate unified C++ ownership and lifecycle foundation
13	ceba9aa1874c4c72ff302fb348dd5b11e699f619	3a53e800d197737c835812611e009c8e4934c725	3017cead176454923e92089fb72042fb6686674e	683531183e1bb16106898f460ea43456d5752f4e	painter: define exhaustive typed handle and C entry contracts (05.001)
14	b7663f2420530f868117d5aa87ed90d9d2837233	f69c9d1a04b54447769f967da18b5114c9de907e	960ef9e1b969d22cec3f1bb0eea09ad1cc7d0f8d	3a53e800d197737c835812611e009c8e4934c725	painter: verify 05.002 handle ownership contract
15	b975b53faefe0caf2adfed9bb960584e8b324532	3f9f86bacb755d286e5a1e5e42286643b0738bb6	75355ff88bc475a9e7187dfdddfc8040ddfbc644	f69c9d1a04b54447769f967da18b5114c9de907e	painter: verify 05.003 handle ownership contract
16	75881110a8f1b093f7549193497affa8b6f8cccb	47dc6ef4fadfb3c7e4c096904d09d66e59e6dd5e	b28148aedadaf226373814e61520d03e16c62ba7	3f9f86bacb755d286e5a1e5e42286643b0738bb6	painter: reconstruct deterministic brush setting generator (04.013 child)
17	675c2d7b52eb887c2cb84dc5c37728f86c1f2aba	c55072af61a104b52198e5aa904c0c41f6ac8738	f15508db7990f8f14bf4a54ee80a8d093bd6d17a	47dc6ef4fadfb3c7e4c096904d09d66e59e6dd5e	painter: constrain synchronous implementation borrows (05.004 child)
18	0150ee65d39cfef30534d2591fbbb99a116ae837	aaa54633a93beafca6abaee36992cdf81eac6280	db81a8ad1035b8ead52caa233ae5558784fc943b	c55072af61a104b52198e5aa904c0c41f6ac8738	painter: verify 05.004 unified API contract
19	bf01df84f429bbe2e05e1666e607c12390a4c34d	d1c0b773e1e041b73f143921115bef4a9c5f0f05	8023a733d7b9abb9c7027b7ca8c42e39647b7f5e	aaa54633a93beafca6abaee36992cdf81eac6280	painter: verify 05.005 unified API contract
20	b6d307cfd4a6f3b04da190265cdcebece988d6e3	ee310f41cea43cb912ac157393eb992f75dec706	51f095c3178e926d022e2da0d3986ea6c941c7ec	d1c0b773e1e041b73f143921115bef4a9c5f0f05	painter: verify 05.006 unified API contract
21	426f9247a9429938d27591ee2796b7b118fae06f	7048b4efc35b32f1eacdff7d447e2e7f56ecf2a4	f42f48ab86fb7ab3afd8790dea9b98769ea062db	ee310f41cea43cb912ac157393eb992f75dec706	painter: verify 05.007 unified API contract
22	e6205647f818182ac905eebef956c05e5c9c3b24	cbbc4dad372f820f1e348784f3ea0cdfc14769ea	4f0fe68fda758704f238919cfee8b67dc39e3ca6	7048b4efc35b32f1eacdff7d447e2e7f56ecf2a4	painter: verify 05.008 unified API contract
23	0631174aefb9532e504c1bf755334bbee8a8ddfb	4fe2e0a4db714629de08aeae3c5cc1cb87e8047a	d07a5a8d6d8062b7947b40a4c59c57ae303600f6	cbbc4dad372f820f1e348784f3ea0cdfc14769ea	painter: verify 05.009 unified API contract
24	33ffc138b0b82994afa625c6d92fbd5f9efc66da	183991300b69e744b430322bfd0d5bc551eb8cab	bddc2bbe38340082b1cebf69f3ba08621f005e12	4fe2e0a4db714629de08aeae3c5cc1cb87e8047a	painter: verify 05.010 unified API contract
25	ec9e26d6ed4d278e63cbf09798efa71c6a17abbc	e9510d16171be7241ac2f0726af6567d6a9122ef	dd12f6a759602741621c8ba2e2876e1f6afda571	183991300b69e744b430322bfd0d5bc551eb8cab	painter: reject reserved names in typed operation contracts
26	4f504cc230db4699ce8564b24a8c33fd1de2f1ee	11519c677248c66ae3b026fd142e2c4f461e3388	ed1c970eb11ad3fbb89be120a6fb076956ce76c8	e9510d16171be7241ac2f0726af6567d6a9122ef	migration: lock recovered legacy build environment (02.001)
27	65ba653fd4af49cac70f8577132aac7dfeddbdcf	a4dad72aadf5b08d4e97a5bc2903cf65ae4d6282	07864398e89b3947c6210658ec3c8ea33a837ab7	11519c677248c66ae3b026fd142e2c4f461e3388	migration: reproduce pinned legacy executable (02.002)
28	4d9f1076434f55c199ff0b82e654351c4da8220b	dc5212c36429b5123216b5ceb020f77b18febc8d	752b64ee7903292573cc8f645c7efe22a1c00cac	a4dad72aadf5b08d4e97a5bc2903cf65ae4d6282	migration: capture real legacy drawing and editable fixtures (02.003)
29	9d443fb95eba7cf568d44f068513470c00f6e7ed	39bcd6b60c061fbaa65894de7a1bf72c3e097223	f0cb94539041339ae9de86fecb58db1cf5aa1b4c	dc5212c36429b5123216b5ceb020f77b18febc8d	migration: verify 02.004 executed legacy fixture
30	40012594972351269d361d651e457a8211c2755a	d9c378a0ed2885baf52d61945406165faa48eea1	1cc2f721efe55f25000007ba23bf60fc2ae15062	39bcd6b60c061fbaa65894de7a1bf72c3e097223	migration: verify 02.005 executed legacy fixture
31	4d8a6efdd7b1870fda5ff755ad6b9c358d8c863f	46ed25973045d3529ebc1f37820f4f10aadaca07	eca8bd244f2ff0b7e5a35f3ef2ce3b4525b9de5f	d9c378a0ed2885baf52d61945406165faa48eea1	migration: preserve real legacy FilterLayer negative fixture
32	5cfd4645880044289eaf17703e9050bb89836356	575b99aa268b23985bf9d7866727cf72f1f69c08	69b3bfa08d2ea7236f2922bec2a0aa5533e751ca	46ed25973045d3529ebc1f37820f4f10aadaca07	migration: audit C header readability and preserve mixed-language ABI
33	f4ab23c81e1b2990100b5fca5cf606be5b559f0d	2e77f0756de5ab4a7f9296c034a8fc57655037dd	cf0fd7ea062a0bf8f0d37f97623d0a6f6efde347	575b99aa268b23985bf9d7866727cf72f1f69c08	migration: audit legacy XCF wire framing and collisions
34	6af5b2e7af628523019a5341db646a0b3533085a	0db82a14c1dd90160bc838c2379270f6c34a84fc	c4942fc0b20f930c621094a318489b02dafbaa00	2e77f0756de5ab4a7f9296c034a8fc57655037dd	xcf: add bounded legacy byte-record probe and preservation decoder
35	3718734f2b9814a6dd2c3d6af340b4eb74161262	eba342dc0ad31e5e3dc79957e885a76595d8ec4d	a6277be50c1d2549413d6d1e1baabb1aea5d3181	0db82a14c1dd90160bc838c2379270f6c34a84fc	migration: capture real legacy CloneLayer resize Undo behavior
36	88a5b43ef99e667e0942e64b290cbc399e88b7d3	e00c825c323a796c221fa24b1293b5210aa449fa	dd3c3b43c4f6125c51ef1f8180537c33bd427593	eba342dc0ad31e5e3dc79957e885a76595d8ec4d	core: port CloneLayer reference projection and legacy group Undo semantics
37	90e7f017cdfc4670a9f8852c56174538741c13d1	43b225b1f797fa22e9c0976736f8e143fc0e63da	cfb3231ef59c5e6658808ffdf3c87c2f94b09470	e00c825c323a796c221fa24b1293b5210aa449fa	core: implement independent FilterLayer scheduling and legacy edge executor
38	9cb3c127a9bd9e0b103a4cb83e63d139b24f55c9	fe12ce0cec465d3b595ff0f550c681f6e161a427	f121b8635cdbd531515fe6043a613bedeee2d261	43b225b1f797fa22e9c0976736f8e143fc0e63da	painter: restore legacy Gaussian executor with real preset fixtures
39	bb4c677ec32162f0b8d16378eb284d6e5c96a995	fdaf56c5d2f3f19cbdbfb1d72372344905971ea8	5539ea16ad16187f6974378c612bf8bd41cf0205	fe12ce0cec465d3b595ff0f550c681f6e161a427	xcf: distinguish impossible string reads from work budget limits
40	a35550d30b8ffbd3ad5936f7a0a0501a2b82abef	e6ca1c15ecd2e9d9db9896751763f22b27a0df43	06804726d5bee121953484a20ca5f5a2f11d48e5	fdaf56c5d2f3f19cbdbfb1d72372344905971ea8	migration: distinguish old ordinary projection from merged fixture output
41	306d450f60eab8a77ea5ab7e8136f3dd29aca88b	9cb390a44016d53bc2d6daa32809030df417b51e	cf15f8f0c86c4a8110d41e700b8c34553b8dc602	e6ca1c15ecd2e9d9db9896751763f22b27a0df43	operations: preserve seven Painter legacy modes through explicit GEGL operators
42	231ba6e6252d30cec917f87313b86e88971a9737	67ebe93514025e38504fb7aa124e124e6767e6e8	db6fe9eab9006dbb73924db09cad294f603facb4	9cb390a44016d53bc2d6daa32809030df417b51e	xcf: load legacy custom layers through normal Open with explicit recovery
43	844cd736c90613062b96923f8008e0d4ead1e8f0	bf6225b180f248efd39161f0e2a63855348b2f08	178426c29e9057bcd77bbbbb2ff215c5290c4300	67ebe93514025e38504fb7aa124e124e6767e6e8	migration: capture genuine upstream historical XCF projection
44	9c539bf9584d5511cbe958a324326dbb2f4b0fe7	d2e3ade83142de2f06732e53dc85a58f116ebeeb	111a147c5827de19ec97dfc92daad821f77c49c9	bf6225b180f248efd39161f0e2a63855348b2f08	operations: match historical Normal and Multiply byte rounding
45	377f920a5a00e495b3ffcee45f78c2a5df1fe521	0c848cbb2c53406c05fa333bac49d8b6c89e89af	16d4c9485d553afb8d6509cf309d98afabe50f55	d2e3ade83142de2f06732e53dc85a58f116ebeeb	core: add CloneLayer reference Undo and stable serialization snapshots
46	cd313af63210ff50ff6ca11fa1111389a1943408	81ec1183f8cc889435c739d8d1316625ddf50f3d	6c3f9e18d6f587292d0968addac57df9770deaa8	0c848cbb2c53406c05fa333bac49d8b6c89e89af	core: preserve retained item lifetimes and immutable import provenance
47	11b8aebea978ccbb2752071267ea685e526215ec	dde23d1d576e9342c0779dbfb096e42a828af931	668f9de09998719e9f8c0ee8bba4b3a15bdf1fae	81ec1183f8cc889435c739d8d1316625ddf50f3d	painter: add fair FilterLayer dispatch and safe persistence epochs
48	2d88896e22ff6e848e964cab30195596497efaed	0aa2d85910c976c083526e485a1189df1496f487	9ed666a554bf55236ad6e4288d8a81e646fa3ead	dde23d1d576e9342c0779dbfb096e42a828af931	painter: preserve native encoded color in FilterLayer execution
49	0c2da9cb02076b81781f18ea33fe4df85def7d89	826bf8da1728bdd1c67be8839db7073d0a721c13	8223fe35263ceecad1cf9631e342fb55d43959b5	0aa2d85910c976c083526e485a1189df1496f487	tests: verify CloneLayer cross-image behavior against the old runtime
50	bddb233e2f38b10e1417d962d76434d5b5f44883	fac74bcb53512bac5fdc6ed7c246806315e074f2	8ac2f6b3ddc471e8a4a79f5fa8056b17d79c6c19	826bf8da1728bdd1c67be8839db7073d0a721c13	paint: restore extended MyPaint resources and pinned brush evaluator
51	16124f81c8e930036894a0ea0e7047a3c7b783a2	010dc327991a9cb5ea39eebaa411792404f9c038	47cc82e872aa7e1ef799e2debbf3c85c61d697fc	fac74bcb53512bac5fdc6ed7c246806315e074f2	display: restore painter rotation arithmetic and modifier routing
52	aa9d582040c7679800a3c31625aa43c0c339b9f1	e79f5bf0a3f8b46a59d574c1bc2448921c41f144	bac7b5812371d09b4b90f599ca791514314a1cec	010dc327991a9cb5ea39eebaa411792404f9c038	display: preserve painter radial drag zoom on the inherited input route
53	b3110f3fbe69d741aa5d6c830f274c5b69438f7b	d7222264567e6303e8a81d892b5c91f68b8bdad5	d39a9326df199e36fdb8a51b48c24c5593adc233	e79f5bf0a3f8b46a59d574c1bc2448921c41f144	xcf: preserve editable painter layers and immutable origins across saves
54	b416152f5c4e91547be3197bc1e916986a7999d2	50f4a9b3afa81a0c28d7d50bc5ce244443c1e52d	544ed3f7bbf319423465e915d02421b111a21607	d7222264567e6303e8a81d892b5c91f68b8bdad5	painter: validate indirect filter dependencies and publish completed projections
55	06563ed800766581295e803cb8687639f23755a2	d82d388e0d1092e9688f15c127c2df907b55b235	5d12fd3d39f7337e481a7062d1d039156be79904	50f4a9b3afa81a0c28d7d50bc5ce244443c1e52d	ui: expose editable Clone and Filter layers with safe dialog lifetimes
56	a499e851396b4060c540ec1d708629245073d6b3	47d0c83939a0b3082954cceefc74029c43e81d00	02fc63a2dc62603d0e309983f7e3eee835e094d7	d82d388e0d1092e9688f15c127c2df907b55b235	display: verify native navigation events and release picker grabs
57	28d0735eea225bcb0fe12f1060c172813566a997	8d999637baeeba13929717f7afc9e90ef40721e3	536ff713b36dccfdc00c24f9f746f8680849e9ac	47d0c83939a0b3082954cceefc74029c43e81d00	paint: integrate extended brush factory and legacy GEGL paint sessions
58	c33ff896ffdcbc7a93f25e5cc444e5c9769d7459	50c48d15e2cbb1717618ff57158218bc8313b9bb	71ce1b9741cdbab1a3b880b5210441f69f062eec	8d999637baeeba13929717f7afc9e90ef40721e3	painter: keep opaque filter definitions and committed pixels through Undo
59	02656d40b928222a489b84539ccb1716eb3467fc	3ec39b3f383e45cf467eadb6d586822bce153ae6	e8616c7ab5125706b5b2d1555ddc26c0ddd92043	50c48d15e2cbb1717618ff57158218bc8313b9bb	xcf: preserve opaque definitions through duplication and reference recovery
60	1f8376bfedf062e8d4bf12ed7172c3525dd3cd1b	a784ce311b2423ab31c84b8b41bca024baa69bd4	7e5bd2d48dcbb877c45b1085e0c5c69298a9bdfd	3ec39b3f383e45cf467eadb6d586822bce153ae6	display: add perspective ruler model, native editor and transformed overlay
61	a10e241ee344b3e8e6490d951dd471e1760e37e6	0e99c5300c2aeaad5d3c1504202578c2d02d88b5	fd648f0e8fe7ec2d6ef9ff1c44361820e0abe977	a784ce311b2423ab31c84b8b41bca024baa69bd4	paint: verify full MyPaint sessions against real legacy Undo pixels
62	8a1da7c0e4e632d39a4fe7ee0f8cacec1ee6127d	b783b0bc6e7fd8531c15fa18765854ef5e0fa982	41f5e28521294d327b37ab434dd88cdbbb12ff13	0e99c5300c2aeaad5d3c1504202578c2d02d88b5	xcf: preserve external references as safe unresolved descriptors
63	2f310a38d10e6bfa4c5e4107539fbf51a89d34cc	d0c3303f92a2ce7b4fd3c917327ef22692c4466c	facfc310aab79db2a396c7afdff585fa7488f1d4	b783b0bc6e7fd8531c15fa18765854ef5e0fa982	painter: execute native Gray filters against genuine legacy fixtures
64	5b5ff9d9b016356124aff9d2f896c069a7c4f59e	14d5bab0084acede09da18c67a0c1edfc5d2916f	ec9681b43918b8c905941751dc972c3183dec66a	d0c3303f92a2ce7b4fd3c917327ef22692c4466c	paint: port bounded fill search with exact legacy mask and grow oracles
65	735c3fb68ed819cd96a77f64fba6a021ff295f83	ec8bf0f0f0f8a3c04a07db84ed8509d918856ad4	5588798fe422de2433a2a8c117001571e93d4d54	14d5bab0084acede09da18c67a0c1edfc5d2916f	test: capture real legacy Fill Brush rate and Undo pixel behavior
66	5c5eaca1b6abc50d6330aa7bdc20cd518b9096d5	ed1cd0097bfb3e951bf860f9d1809e433853e548	55ae605576aa40a684e0d0ba21b590b1c8f35bdc	ec8bf0f0f0f8a3c04a07db84ed8509d918856ad4	painter: bound concurrent filter memory and worker admission
67	6a8d46d14fd6bcb79b390974a91620f8f813c4ac	1526cea088c1fb006c37f3f0ce1855388b0ba7d8	495f56ffe32497906ef1e6feb86166a90965c7c1	ed1cd0097bfb3e951bf860f9d1809e433853e548	paint: integrate extended MyPaint brush selection into native context
68	9ad1622c545b3a89142f476699f5a480fe7758aa	96796fea630e78e7b8ea1a10b35881bbe5fa528e	6263795fdcbdda6aa577caab50f120fdb847f5c3	1526cea088c1fb006c37f3f0ce1855388b0ba7d8	display: connect perspective constraints to native input and lifecycle
69	bca9a7a0638fa3dc089cb189625f29e2017b6996	29e347c8bb56b7d6cc90c8495cd61881266e5b7f	6906488852c0de99be5ab5b871f9d11f89f09528	96796fea630e78e7b8ea1a10b35881bbe5fa528e	core: retain image ownership across reentrant Undo operations
70	c90b61b3ebaf117cba7d1b69aa80eed5a34f8afa	a50653d2c5dd9d190d85603dbb05b49348e89b3d	ae9f052cfd70e832aee0847a84ce8ecbfc25e83d	29e347c8bb56b7d6cc90c8495cd61881266e5b7f	paint: support direct Painter blend operations and legacy paint opacity
71	212daf50548c345a7c490348602f57cca3d4bc92	79a4e3c3e2ab08b9b34171a1f5fb48b382b6fdc4	71436779a17d060af3c3899f8046381688b4e99c	a50653d2c5dd9d190d85603dbb05b49348e89b3d	xcf: preserve ambiguous capsules and omit remote image diagnostics
72	c15722e45ba9abf021a88fc92904af424ea99207	f782d65c34cba6d4879b4878f597719cc402b7c6	9d2b626dd6bb6f2a0e9f132f7e09fc129d608fc7	79a4e3c3e2ab08b9b34171a1f5fb48b382b6fdc4	xcf: restore native recovery saving without altering live file state
73	c52e53f26ebfa028dcf190bb07d98e2eb27fb514	7fe9e5fc37517470499268f590ebc0cedfda05ae	caa3aad3d1dbf2dbf9d799f03a60ebea88b2e35c	f782d65c34cba6d4879b4878f597719cc402b7c6	paint: add extended options model and owned MyPaint session adapter
74	072648b0cbaf630638c3dc299a5485c389a42a43	425dc7566bebb2d1e843200fb17d6fab336d7103	021d6bce55cac2e1ad1e1425d4e26654709a4493	7fe9e5fc37517470499268f590ebc0cedfda05ae	painter: add bounded spill storage, transport and exact raster kernels
75	6c9654e5b63d767cd26ad95761a6cc20f3f43712	968f1d29dcb6e00deec6c60270f9b8221816f887	7e44f876c7529f4587d23cfc8c40229993001516	425dc7566bebb2d1e843200fb17d6fab336d7103	xcf: validate custom semantics before executable layer restoration
76	9c1798ade511852c8eedd3abcf9a1d3525f141df	20a186de737557ec6a4ef3b0fd62cfb8fc00dfb1	5ee92eee147aaa68df8191871bdf87ccb9575bdc	968f1d29dcb6e00deec6c60270f9b8221816f887	paint: sample hover state without unintended pixels or Undo entries
77	959e70de5527aac3926eebbf01d3365e924db88a	3daa47813f302a5be36c0fbf04236f0683835973	944c4497b58843028dd771a8a8226942b5ad068d	20a186de737557ec6a4ef3b0fd62cfb8fc00dfb1	tests: preserve corrected legacy Fill dab and stroke origin evidence
78	a5e593329d41142bd36ccd08086d8f4e9dfe4d44	24cc95c1a05ea45ac8a3ecd6e771b30a7d69490b	487795b3ffb37c95619bf6a6d1c3953a150343dd	3daa47813f302a5be36c0fbf04236f0683835973	paint: connect bounded Fill jobs to native paint and Undo transactions
79	f510402ef86146cecb9651032d852b8e3103bd95	0ebf89841547b6c0980835bfd89ed3acfba39b8c	18807edb519dbd036d160bf2ca45bf0c4220fda4	24cc95c1a05ea45ac8a3ecd6e771b30a7d69490b	tests: capture legacy independent Smudge alpha and blending strokes
80	a51fdffbebd9334abc3801a48b635a1ba23f6c14	f1047438fadaea3cf7a7a93a9d9588b49663ba9b	af93ca3978593643848af994b7782449b2ad0dd3	0ebf89841547b6c0980835bfd89ed3acfba39b8c	tools: register queued Fill Brush with safe pending-paint save guards
81	68299d5e2affe0c67352fa88af92ae2bfdf4e880	5bedd847a7cbe1ba5fd885fd2ab6cc62a2371cbc	11c59a20bcad1447b5baeb923859d61c3663de76	f1047438fadaea3cf7a7a93a9d9588b49663ba9b	core: stream large FilterLayer jobs through bounded spill transport
82	b382b0f977edd2c12bd11c1b04ea692b22fe7cb4	7a08557043baf4b1cccba1189614f563e0a1c366	66ef7166c35d502da8d1dca0c46940e9935c538f	5bedd847a7cbe1ba5fd885fd2ab6cc62a2371cbc	tools: retain public button-press owner through callback bookkeeping
83	ac405453eba92176a82afd79bc936881fd958313	4db5b94a9603e550ea7849b054901c404c595f5a	4a9ae81bec5979a8053bcbe288f123d8744d16ae	7a08557043baf4b1cccba1189614f563e0a1c366	presets: restore native resources transactions and GTK preset workflow
84	405e50d537f7d8c113a8b26c8d58e2eb46f29a7a	733b0290bd1107ed10b0e966c3f24b447c439ba8	3c8022db9562ea180809861f3be8907f4a63aad6	4db5b94a9603e550ea7849b054901c404c595f5a	tools: connect extended MyPaint sessions to native input and display lifecycle
85	db8bc1b50f4830c457d1e90e3b3c3700b7b70e42	7603d705895674afdebd903ef6f14894050437c4	4ab75bcf42397e879052199b5ca9b7c0c23c30fa	733b0290bd1107ed10b0e966c3f24b447c439ba8	core: prepare cold Filter graphs cooperatively and measure whole quanta
86	e4cadc514c9b082f465ae95414bed7d79ad696ab	7be5b9209b30db32f91752f0f30efb7568b9244a	572c35d9752ff7411bf94899a5c6a3a6fa5fef36	7603d705895674afdebd903ef6f14894050437c4	core: restore independent Painter blending dynamics and safe empty curves
87	fb8dde7881e1b9a20102f971043925180121eaf9	b74c5acf289df26c7391819f1494312a604cfa05	572e60eeab0ba6fa4d13368055c6be645f04aa9b	7be5b9209b30db32f91752f0f30efb7568b9244a	paint: preserve exact legacy Smudge accumulation shading and composition
88	7e07c9b8b0d751ed6deef908434f029b250880ba	3bbdd8f07e53c15d0f391c06f0c14de5112566d1	ed5789be8e54d069797aab36fc5af653d261e201	b74c5acf289df26c7391819f1494312a604cfa05	paint: resume native interpolation without expanding long Fill events
89	0136aa2f21cb197d61868b6750942e7cf6a2daf7	a1b57137f93bb013598cfe540a026fd6557c92b4	075924aaf615018d788efa1f0bcdc70446ac3c9f	3bbdd8f07e53c15d0f391c06f0c14de5112566d1	paint: share complete Painter history through the application owner
90	a648999117fa21e2998e11074d3ffa1cc73ddaff	dc83316026c836e1931c498c544b43457e9f0192	69307f4242fa858fd40139a2b2c7089303a1190d	a1b57137f93bb013598cfe540a026fd6557c92b4	paint: isolate deterministic preview resources from live brush state
91	eeb3079e1c85ab1b0755826ec7997bc62670ad54	e8afdc03e1a0f12c9313e54bada4d23f1274cf3a	42c96ca59a89a5453c34961089714796bab1fcc7	dc83316026c836e1931c498c544b43457e9f0192	paint: reject unowned Fill starts before native state mutation
92	98d2682660196b57b4d004ba42c47efbaa9b0f38	50318f5630f8d1908c84d2475ddd7a491e3517d0	ebeabb3815998923d4bdac5aa377b57a91b8bca5	e8afdc03e1a0f12c9313e54bada4d23f1274cf3a	paint: preserve old MyPaint RGB surface erasing and alpha lock
93	b4d421e7961234430a3f10ebc038fcd372675b6c	44568d4f276b1be9e5d13ef1040ace23e11be599	abdc7b4fd45e8c5a30cd0f4233cdfd25e9beb4cb	50318f5630f8d1908c84d2475ddd7a491e3517d0	paint: integrate exact legacy Smudge with owned native transactions
94	6c8bf318b2683cf77f46697d942899e53e30443a	0016a566620e38971acac81719e9eaa0cd448234	b9bec08aca30f3f2440b19d402bf98f1960f132b	44568d4f276b1be9e5d13ef1040ace23e11be599	filter: preserve legacy Gaussian aliases and negative-radius regions
95	7c08e4660feae5ba50bb085408fea88e5920e726	e779b1cd5f5ee077eb5e7e9b5f581f5f70eae989	1848442272ad12b80ecc6d81042c1d460ae9f11f	0016a566620e38971acac81719e9eaa0cd448234	widgets: connect complete shared Painter MyPaint editor workflow
96	1d7a33a51d5c2fcb8c47542779dcf085eee99a61	9b4ecaf6b97a11ae5ebe198cf055e8fdc6bea731	020712ebd75480b07e494edd7aff933250261842	e779b1cd5f5ee077eb5e7e9b5f581f5f70eae989	tools: register resumable legacy Smudge with owned UI transactions
97	542d4d7d9fce28e724feed8312f06cf95c6f4a27	595d04234306eb33a8463b24d55d09c0b63a21ce	edc94b7b60f4274df42d0015f09abb029aee726e	9b4ecaf6b97a11ae5ebe198cf055e8fdc6bea731	tests: preserve RTTI compatibility scope in focused sanitizer builds
98	f402d063e369c8c2608257691dcd8bca71ded977	9c35b796b2b06d13c7493eeb71f6a2f5e370b9c2	46020c44d0890f011851c098a5750170e5de1475	595d04234306eb33a8463b24d55d09c0b63a21ce	file: resume owned GUI saves after queued painting completes
99	8010d7e3e903ff7580f8e4521a36ca2ee28017b9	03db5491a670c32070bacef26d6be46bac2ce882	208ee3999575ab1d7b7085d76d227b108fd5dd3e	9c35b796b2b06d13c7493eeb71f6a2f5e370b9c2	paint: route generic MyPaint strokes through atomic owned sessions
100	2c9e557853513f63d3b74b3f404cc63f6074740e	bc0eaa83066b937159ce5f043644e1dd66244d1e	1a97511c7b3eac3f4959550ba2f8a294639b4a8d	03db5491a670c32070bacef26d6be46bac2ce882	Port native Gray MyPaint Surface against real legacy sessions
101	57c9eefe9ca08cbb89a44c0f6ac8530c32696c97	d1ee4351ba8d3656e7480c00e0cc22edcc32bcb2	4b8ccef3c0d1a62fb69255c4887076baf076af17	bc0eaa83066b937159ce5f043644e1dd66244d1e	Bound automatic FilterLayer spill storage with native configuration
102	0046e68e91db2c6c7c61188d694fe611459c953e	a3e407de7809b337ad93719567fb48658d06f236	9d1d832a12583bb3f4e9b9e275f087a9c2a9574d	d1ee4351ba8d3656e7480c00e0cc22edcc32bcb2	Define native two-byte Gray-alpha and nonincremental MyPaint rendering
103	cb42d4c6ad15581e0ce6de15c8df778e744ae903	c439f0380bf4ab81b613d4fc123fba5d89e8b547	c6461cd3201cb9521b04102b1ff9d710adc6fede	a3e407de7809b337ad93719567fb48658d06f236	Verify native MyPaint Gray workflows through XCF save and reopen
104	67dbe393c9fc1eedd9f04aa745c4e72a738184ce	9a6932183b528f9dffb2f89aa16d7b7fd2dc506c	f0f6652a115cfb236e2a6855dd0173bb2641b68c	c439f0380bf4ab81b613d4fc123fba5d89e8b547	Reconcile foundation WBS with typed hierarchy and interface evidence
105	61b672c0f486b2a345c4fa9486df24a4040fe5ef	d45ccdb52266def715d871ff01b37aa8d27f893a	0bf62775c004f12519088fbceaf7e3def1aaacf8	9a6932183b528f9dffb2f89aa16d7b7fd2dc506c	Migrate legacy Painter profiles through the native first-run workflow
106	8755fdbdc6e8247cfe9c72ab6734b9f172e081c4	344734acedaaa1d0ab20fa71f7fab8757727d24e	983d65cc2c2d01e0599afc8e69c285e6c0057396	d45ccdb52266def715d871ff01b37aa8d27f893a	Integrate native Painter canvas tiles and fix channel preview bounds
107	989ec4616feb20723fdc761ca2eeceffa6edef5f	5d36db1c0c6c48df51709713962a48476baf9cca	49909be31292cf7ddc46b52fc524f379a2f810c5	344734acedaaa1d0ab20fa71f7fab8757727d24e	Restore native paper textures across ordinary and queued painting
108	36eff9767fc7d69ae024a7fc09bb4dad3672ec62	2eb42032a7152fc790cfe054a808f3d96882fa36	73bfd39782d7378f2075af76e97e00b923e6f895	5d36db1c0c6c48df51709713962a48476baf9cca	Keep public Painter mode identities aligned with native enum values
109	1b69d5c73868ad6070240e7f7a8744dbf56f8cf6	6955a5addf7d6f835fa1741904e406ddb98a8c76	683c9aab88c0963a2cc1606623e5da06af5d0424	2eb42032a7152fc790cfe054a808f3d96882fa36	Share native tool controls across reversible compact Canvas options
110	77b6322ac0619485edf29a7c243b5a1e07a3188a	a3cc11cd6da668c7d12c4e0d8672127c4db91d1a	6a04c3800836214c1df14b46787523f5541e0649	6955a5addf7d6f835fa1741904e406ddb98a8c76	Preserve native MyPaint pipe release tails and Clipboard preview state
111	fbec12a9aa6e106b68ffb6ca546449afe8360bec	b8a42bc4e6b19faf83731ebd063ce344fde65a8c	fa8d63140c0271cc4a0b42d6cfb8dd6f41c934e0	a3cc11cd6da668c7d12c4e0d8672127c4db91d1a	Own XCF provenance through typed common-store metadata components
112	8a09714efa6f0aa3d97c45a99bd59d67938f98d3	d0181989842ba1591913822f293fdcece1c0c8ca	78cd46df7fa02ee1736fd608b73facc7d0921934	b8a42bc4e6b19faf83731ebd063ce344fde65a8c	Restore proven legacy brush geometry without changing native defaults
113	7c2a5784fb0841e199354db1ba9fa9e04e0aa5c5	f9668d084d1dcd1aecf7318ee5e86385d9355ce2	8d6d6aa7ea50019c5e2d3e292d52fc3d0a0b550f	d0181989842ba1591913822f293fdcece1c0c8ca	Keep generated PDB mode identities consistent with public headers
114	59cc7ab52a9c4fac36f7108cd849dbd2ae2b6178	4b24f162ea4779154786655058e250ff5b624e75	d3fe8ff42a502eb34f6b74d6e51d8f00d28c1383	f9668d084d1dcd1aecf7318ee5e86385d9355ce2	Verify legacy angle ties and registered brush geometry gates
115	3bdc5266b87538d83f930bf95d5e81eddc5c9c98	2d967b4092a9501100ff656c19a6bd0ebc939d20	8bb3ea18ef40efaa3f24e31ac23999adf8e45f96	4b24f162ea4779154786655058e250ff5b624e75	Minimize inherited environment data in all test evidence formats
116	6ba04f81113ab22235e07e420d1da8c3dd0ba524	2c33a9745c5c043ff7763692ebae030703fe30ec	b654280b28b746287069cbc8846e4999c6fd6d91	2d967b4092a9501100ff656c19a6bd0ebc939d20	Unify layer dialog state and callback lifetime in the common store
117	faebd07b41b11eab9a56e7a54251dc32d1e04552	b41dd6602b082cdcf0cb55d5856b2909d24f84e9	90a44b0e05400bfddebc3ff96e8e37e69947dbe2	2c33a9745c5c043ff7763692ebae030703fe30ec	Port optional typed Painter HTTP service with explicit lifecycle boundaries
118	d626f67207af925b887b4ddce8ebf9850205952e	1a78bca033417c403e2f944e26f80f6321906362	eba79d8a5ef872102ce3e6aaabe4dfeb2fb80655	b41dd6602b082cdcf0cb55d5856b2909d24f84e9	Preserve native precision and profile semantics in extended MyPaint strokes
119	8f24ec890d6d3d942753425de9081913ede9103c	bd05c1279af85aa41c1b09c8813e12701ced2847	55ff743748137c866f72f846ad7ea9f75d487d4f	1a78bca033417c403e2f944e26f80f6321906362	Reconcile Clone acceptance with exact core and historical integration evidence
120	0317eedd01b8ddd9d54055d3eff7ba52bc7d6a76	629443b8c3a571f56f43271ce21afe795908365e	d63b23076fe1417cda875c263fb6518be11f1ba1	bd05c1279af85aa41c1b09c8813e12701ced2847	Add sealed Linux runtime packaging and relocated native prototype verification
121	94d83d455500fe1fbba3a6efda4715498098e1ef	87ed04b05a396b96b1de7051588e22959963409d	bd269b840ca04e53ba209ee78e853108d6a54e85	629443b8c3a571f56f43271ce21afe795908365e	Checkpoint native Filter routes, precision transport and alias editing with remaining gates explicit
122	e8b91d52cbf8dfb100534405329eb5fe5edd170e	cc7a2a6e4239216b8dfb7931e925113e5b1b1dae	2688bd61069b2828793afee0344ea30d82eaaf45	87ed04b05a396b96b1de7051588e22959963409d	Checkpoint XCF field ownership, stable references and running-save preservation
123	e109524cca95639d65ec8b0f4ba0f1fbd6e45a98	dc62c20b57b963ccd2a10187dda114059ed59015	d90ca1a4a8040f94f0e55f791d0a76de2c36166c	cc7a2a6e4239216b8dfb7931e925113e5b1b1dae	Checkpoint owned Fill and Smudge generic strokes with exact legacy path and boundary traces
124	484c1e20641c2f8a9125f9c38d1acc49824293ae	dea71d6357134386aed8fcb3d8e4a5773b8119ef	64b5ac4b75b32a81a21b6c0d0cedb6412b9adc90	dc62c20b57b963ccd2a10187dda114059ed59015	Record complete frozen Linux aggregate and preserve all four failing targets
125	913735c92b582ff87de6d4f2959afa9bc0b2047b	9f407f392fa898c95522a0f6cf4747ce674a45dc	285fac1250ceee02a8ffe36175d462fb846fab4a	dea71d6357134386aed8fcb3d8e4a5773b8119ef	Preserve exact uint64 spill settings without crashing Preferences
126	000796345566ca480c3d4f87009b289d7b955022	51aa49c356227e550f734b88b62cd25490c02d16	10e0421a0f90db3db383af483ccd015a1e49f12f	9f407f392fa898c95522a0f6cf4747ce674a45dc	Restore Perspective UI after last-image close and preserve old tool groups
127	996297f09f1b4715b149b2c4fcdfeca1d99fb3d6	13b795a27a6fdd4178c7152e56c8ecb5f3d9420d	bee0399705e5da64730e3c28614715d1e5f1731a	51aa49c356227e550f734b88b62cd25490c02d16	Validate tested build convergence without waiving PHONY or aggregate failures
