child_id	status	path	source_blob	hunk_id	range	classification	input_output_contract	target	implementation_tasks	verification_tasks	runtime_state
01.015/hunk-000001	DONE	app/Makefile.am	01ecb1d4604460e385b36c7fdacf515a8ce95292	01.002/000001	-35,2 -> 35,8	automake-build-or-install-input	Each changed source/library/generated target and install-list entry	Corresponding current Meson module/install target	04.002,04.008,04.009	04.015,04.016	NOT_PORTED
01.015/hunk-000002	DONE	app/Makefile.am	01ecb1d4604460e385b36c7fdacf515a8ce95292	01.002/000002	-73,0 -> 80,2	automake-build-or-install-input	Each changed source/library/generated target and install-list entry	Corresponding current Meson module/install target	04.002,04.008,04.009	04.015,04.016	NOT_PORTED
01.015/hunk-000003	DONE	app/Makefile.am	01ecb1d4604460e385b36c7fdacf515a8ce95292	01.002/000003	-89 -> 97	automake-build-or-install-input	Each changed source/library/generated target and install-list entry	Corresponding current Meson module/install target	04.002,04.008,04.009	04.015,04.016	NOT_PORTED
01.015/hunk-000004	DONE	app/Makefile.am	01ecb1d4604460e385b36c7fdacf515a8ce95292	01.002/000004	-171,0 -> 180	automake-build-or-install-input	Each changed source/library/generated target and install-list entry	Corresponding current Meson module/install target	04.002,04.008,04.009	04.015,04.016	NOT_PORTED
01.015/hunk-000005	DONE	app/Makefile.am	01ecb1d4604460e385b36c7fdacf515a8ce95292	01.002/000005	-188,0 -> 198,8	automake-build-or-install-input	Each changed source/library/generated target and install-list entry	Corresponding current Meson module/install target	04.002,04.008,04.009	04.015,04.016	NOT_PORTED
01.015/hunk-000006	DONE	app/Makefile.am	01ecb1d4604460e385b36c7fdacf515a8ce95292	01.002/000006	-206,0 -> 224	automake-build-or-install-input	Each changed source/library/generated target and install-list entry	Corresponding current Meson module/install target	04.002,04.008,04.009	04.015,04.016	NOT_PORTED
01.015/hunk-000007	DONE	app/Makefile.am	01ecb1d4604460e385b36c7fdacf515a8ce95292	01.002/000007	-212 -> 230	automake-build-or-install-input	Each changed source/library/generated target and install-list entry	Corresponding current Meson module/install target	04.002,04.008,04.009	04.015,04.016	NOT_PORTED
01.015/hunk-000008	DONE	app/Makefile.am	01ecb1d4604460e385b36c7fdacf515a8ce95292	01.002/000008	-219,0 -> 238	automake-build-or-install-input	Each changed source/library/generated target and install-list entry	Corresponding current Meson module/install target	04.002,04.008,04.009	04.015,04.016	NOT_PORTED
01.015/hunk-000009	DONE	app/actions/Makefile.am	17f1de23b884d5d33d07ece936abfa2b0bdab7c7	01.002/000009	-25,0 -> 26,2	automake-build-or-install-input	Each changed source/library/generated target and install-list entry	Corresponding current Meson module/install target	04.002,04.008,04.009	04.015,04.016	NOT_PORTED
01.015/hunk-000010	DONE	app/actions/Makefile.am	17f1de23b884d5d33d07ece936abfa2b0bdab7c7	01.002/000010	-187 -> 189,3	automake-build-or-install-input	Each changed source/library/generated target and install-list entry	Corresponding current Meson module/install target	04.002,04.008,04.009	04.015,04.016	NOT_PORTED
01.015/hunk-000038	DONE	app/base/Makefile.am	03b82578f3d4eaa0b37fb03d2bdda9ec0a1bf9df	01.002/000038	-74 -> 74,9	automake-build-or-install-input	Each changed source/library/generated target and install-list entry	Corresponding current Meson module/install target	04.002,04.008,04.009	04.015,04.016	NOT_PORTED
01.015/hunk-000128	DONE	app/core/Makefile.am	3bcd9d2c0e3699fc4bb833093d572e6bfa6ee5ef	01.002/000128	-81,0 -> 82,8	automake-build-or-install-input	Each changed source/library/generated target and install-list entry	Corresponding current Meson module/install target	04.002,04.008,04.009	04.015,04.016	NOT_PORTED
01.015/hunk-000129	DONE	app/core/Makefile.am	3bcd9d2c0e3699fc4bb833093d572e6bfa6ee5ef	01.002/000129	-246,0 -> 255,2	automake-build-or-install-input	Each changed source/library/generated target and install-list entry	Corresponding current Meson module/install target	04.002,04.008,04.009	04.015,04.016	NOT_PORTED
01.015/hunk-000130	DONE	app/core/Makefile.am	3bcd9d2c0e3699fc4bb833093d572e6bfa6ee5ef	01.002/000130	-342,0 -> 353,2	automake-build-or-install-input	Each changed source/library/generated target and install-list entry	Corresponding current Meson module/install target	04.002,04.008,04.009	04.015,04.016	NOT_PORTED
01.015/hunk-000131	DONE	app/core/Makefile.am	3bcd9d2c0e3699fc4bb833093d572e6bfa6ee5ef	01.002/000131	-378,0 -> 391,4	automake-build-or-install-input	Each changed source/library/generated target and install-list entry	Corresponding current Meson module/install target	04.002,04.008,04.009	04.015,04.016	NOT_PORTED
01.015/hunk-000132	DONE	app/core/Makefile.am	3bcd9d2c0e3699fc4bb833093d572e6bfa6ee5ef	01.002/000132	-396 -> 412,11	automake-build-or-install-input	Each changed source/library/generated target and install-list entry	Corresponding current Meson module/install target	04.002,04.008,04.009	04.015,04.016	NOT_PORTED
01.015/hunk-000455	DONE	app/display/Makefile.am	58e7a1dd8e003489ede49e48793285a51ac83f64	01.002/000455	-56,0 -> 57,2	automake-build-or-install-input	Each changed source/library/generated target and install-list entry	Corresponding current Meson module/install target	04.002,04.008,04.009	04.015,04.016	NOT_PORTED
01.015/hunk-000456	DONE	app/display/Makefile.am	58e7a1dd8e003489ede49e48793285a51ac83f64	01.002/000456	-114,0 -> 117,2	automake-build-or-install-input	Each changed source/library/generated target and install-list entry	Corresponding current Meson module/install target	04.002,04.008,04.009	04.015,04.016	NOT_PORTED
01.015/hunk-000457	DONE	app/display/Makefile.am	58e7a1dd8e003489ede49e48793285a51ac83f64	01.002/000457	-150 -> 154,3	automake-build-or-install-input	Each changed source/library/generated target and install-list entry	Corresponding current Meson module/install target	04.002,04.008,04.009	04.015,04.016	NOT_PORTED
01.015/hunk-000852	DONE	app/httpd/Makefile.am	90d9e83353cc27d314914b3e25b16ebc89c5083d	01.002/000852	-0,0 -> 1,65	automake-build-or-install-input	Each changed source/library/generated target and install-list entry	Corresponding current Meson module/install target	04.002,04.008,04.009	04.015,04.016	NOT_PORTED
01.015/hunk-000868	DONE	app/paint-funcs/Makefile.am	3bef64dffd7481c46130642bad7455141878fa86	01.002/000868	-33 -> 33,2	automake-build-or-install-input	Each changed source/library/generated target and install-list entry	Corresponding current Meson module/install target	04.002,04.008,04.009	04.015,04.016	NOT_PORTED
01.015/hunk-000885	DONE	app/paint/Makefile.am	c70a724ef07f1070c7059b82392f31c8b0ce090f	01.002/000885	-57,0 -> 58,6	automake-build-or-install-input	Each changed source/library/generated target and install-list entry	Corresponding current Meson module/install target	04.002,04.008,04.009	04.015,04.016	NOT_PORTED
01.015/hunk-000886	DONE	app/paint/Makefile.am	c70a724ef07f1070c7059b82392f31c8b0ce090f	01.002/000886	-63,0 -> 70,8	automake-build-or-install-input	Each changed source/library/generated target and install-list entry	Corresponding current Meson module/install target	04.002,04.008,04.009	04.015,04.016	NOT_PORTED
01.015/hunk-000887	DONE	app/paint/Makefile.am	c70a724ef07f1070c7059b82392f31c8b0ce090f	01.002/000887	-81 -> 95,3	automake-build-or-install-input	Each changed source/library/generated target and install-list entry	Corresponding current Meson module/install target	04.002,04.008,04.009	04.015,04.016	NOT_PORTED
01.015/hunk-001008	DONE	app/pdb/Makefile.am	12a94259835da77e2a77e97848b11619c61a7c5e	01.002/001008	-32,0 -> 33,2	automake-build-or-install-input	Each changed source/library/generated target and install-list entry	Corresponding current Meson module/install target	04.002,04.008,04.009	04.015,04.016	NOT_PORTED
01.015/hunk-001009	DONE	app/pdb/Makefile.am	12a94259835da77e2a77e97848b11619c61a7c5e	01.002/001009	-40,0 -> 43	automake-build-or-install-input	Each changed source/library/generated target and install-list entry	Corresponding current Meson module/install target	04.002,04.008,04.009	04.015,04.016	NOT_PORTED
01.015/hunk-001065	DONE	app/presets/Makefile.am	d874add9c485d04b46255309c0228463e0062663	01.002/001065	-0,0 -> 1,62	automake-build-or-install-input	Each changed source/library/generated target and install-list entry	Corresponding current Meson module/install target	04.002,04.008,04.009	04.015,04.016	NOT_PORTED
01.015/hunk-001081	DONE	app/tools/Makefile.am	1bcf07be0e3f7b5db0223172b33a6f70fcf1501c	01.002/001081	-26,0 -> 27,2	automake-build-or-install-input	Each changed source/library/generated target and install-list entry	Corresponding current Meson module/install target	04.002,04.008,04.009	04.015,04.016	NOT_PORTED
01.015/hunk-001082	DONE	app/tools/Makefile.am	1bcf07be0e3f7b5db0223172b33a6f70fcf1501c	01.002/001082	-42,0 -> 45,2	automake-build-or-install-input	Each changed source/library/generated target and install-list entry	Corresponding current Meson module/install target	04.002,04.008,04.009	04.015,04.016	NOT_PORTED
01.015/hunk-001083	DONE	app/tools/Makefile.am	1bcf07be0e3f7b5db0223172b33a6f70fcf1501c	01.002/001083	-76,0 -> 81,2	automake-build-or-install-input	Each changed source/library/generated target and install-list entry	Corresponding current Meson module/install target	04.002,04.008,04.009	04.015,04.016	NOT_PORTED
01.015/hunk-001084	DONE	app/tools/Makefile.am	1bcf07be0e3f7b5db0223172b33a6f70fcf1501c	01.002/001084	-104,0 -> 111,2	automake-build-or-install-input	Each changed source/library/generated target and install-list entry	Corresponding current Meson module/install target	04.002,04.008,04.009	04.015,04.016	NOT_PORTED
01.015/hunk-001085	DONE	app/tools/Makefile.am	1bcf07be0e3f7b5db0223172b33a6f70fcf1501c	01.002/001085	-144,0 -> 153,2	automake-build-or-install-input	Each changed source/library/generated target and install-list entry	Corresponding current Meson module/install target	04.002,04.008,04.009	04.015,04.016	NOT_PORTED
01.015/hunk-001086	DONE	app/tools/Makefile.am	1bcf07be0e3f7b5db0223172b33a6f70fcf1501c	01.002/001086	-198 -> 208,13	automake-build-or-install-input	Each changed source/library/generated target and install-list entry	Corresponding current Meson module/install target	04.002,04.008,04.009	04.015,04.016	NOT_PORTED
01.015/hunk-001514	DONE	app/widgets/Makefile.am	943009bb3350e08938bda729500f73cc17a28522	01.002/001514	-44,0 -> 45,4	automake-build-or-install-input	Each changed source/library/generated target and install-list entry	Corresponding current Meson module/install target	04.002,04.008,04.009	04.015,04.016	NOT_PORTED
01.015/hunk-001515	DONE	app/widgets/Makefile.am	943009bb3350e08938bda729500f73cc17a28522	01.002/001515	-52,0 -> 57,2	automake-build-or-install-input	Each changed source/library/generated target and install-list entry	Corresponding current Meson module/install target	04.002,04.008,04.009	04.015,04.016	NOT_PORTED
01.015/hunk-001516	DONE	app/widgets/Makefile.am	943009bb3350e08938bda729500f73cc17a28522	01.002/001516	-234,0 -> 241,4	automake-build-or-install-input	Each changed source/library/generated target and install-list entry	Corresponding current Meson module/install target	04.002,04.008,04.009	04.015,04.016	NOT_PORTED
01.015/hunk-001517	DONE	app/widgets/Makefile.am	943009bb3350e08938bda729500f73cc17a28522	01.002/001517	-272,0 -> 283,2	automake-build-or-install-input	Each changed source/library/generated target and install-list entry	Corresponding current Meson module/install target	04.002,04.008,04.009	04.015,04.016	NOT_PORTED
01.015/hunk-001518	DONE	app/widgets/Makefile.am	943009bb3350e08938bda729500f73cc17a28522	01.002/001518	-339,0 -> 352	automake-build-or-install-input	Each changed source/library/generated target and install-list entry	Corresponding current Meson module/install target	04.002,04.008,04.009	04.015,04.016	NOT_PORTED
01.015/hunk-001519	DONE	app/widgets/Makefile.am	943009bb3350e08938bda729500f73cc17a28522	01.002/001519	-357,0 -> 371,2	automake-build-or-install-input	Each changed source/library/generated target and install-list entry	Corresponding current Meson module/install target	04.002,04.008,04.009	04.015,04.016	NOT_PORTED
01.015/hunk-001520	DONE	app/widgets/Makefile.am	943009bb3350e08938bda729500f73cc17a28522	01.002/001520	-361,0 -> 377,2	automake-build-or-install-input	Each changed source/library/generated target and install-list entry	Corresponding current Meson module/install target	04.002,04.008,04.009	04.015,04.016	NOT_PORTED
01.015/hunk-001521	DONE	app/widgets/Makefile.am	943009bb3350e08938bda729500f73cc17a28522	01.002/001521	-415 -> 432,8	automake-build-or-install-input	Each changed source/library/generated target and install-list entry	Corresponding current Meson module/install target	04.002,04.008,04.009	04.015,04.016	NOT_PORTED
01.015/hunk-001522	DONE	app/widgets/Makefile.am	943009bb3350e08938bda729500f73cc17a28522	01.002/001522	-442 -> 466	automake-build-or-install-input	Each changed source/library/generated target and install-list entry	Corresponding current Meson module/install target	04.002,04.008,04.009	04.015,04.016	NOT_PORTED
01.015/hunk-001885	DONE	build/flatpak/io.github.seagetch.GIMP-PAINTER-BaseApp.yml	d75b95ef5b59c4a3d7788f0a0940dbd4fa51a3c1	01.002/001885	-0,0 -> 1,136	packaging-recipe-or-patch	Retain pinned dependencies, build commands and patch applicability as reproducibility evidence	Current per-OS package recipe	32.001,33.001,34.005,34.005/license-manifest	32.012,33.009,34.002	NOT_PORTED
01.015/hunk-001886	DONE	build/flatpak/io.github.seagetch.GIMP-PAINTER.yml	c1ea9f59f24d4dba3fb6f85acecd4dc46cdb38ce	01.002/001886	-0,0 -> 1,42	packaging-recipe-or-patch	Retain pinned dependencies, build commands and patch applicability as reproducibility evidence	Current per-OS package recipe	32.001,33.001,34.005,34.005/license-manifest	32.012,33.009,34.002	NOT_PORTED
01.015/hunk-001887	DONE	build/flatpak/patches/webkitgtk-2.4.11.patch	85e9ad57be044b00c807ec5a23d8dc65f35588ad	01.002/001887	-0,0 -> 1,11	packaging-recipe-or-patch	Retain pinned dependencies, build commands and patch applicability as reproducibility evidence	Current per-OS package recipe	32.001,33.001,34.005,34.005/license-manifest	32.012,33.009,34.002	NOT_PORTED
01.015/hunk-001888	DONE	configure.ac	f47f24a189e35eb614be51b166c6b2a71edfdf93	01.002/001888	-43,2 -> 43,2	autoconf-feature-input	C++ compiler, standard, optional HTTP/web dependencies and source registration	Meson feature/compiler/dependency configuration	04.002,04.008,04.010,31.003	04.015,31.009	NOT_PORTED
01.015/hunk-001889	DONE	configure.ac	f47f24a189e35eb614be51b166c6b2a71edfdf93	01.002/001889	-56 -> 56	autoconf-feature-input	C++ compiler, standard, optional HTTP/web dependencies and source registration	Meson feature/compiler/dependency configuration	04.002,04.008,04.010,31.003	04.015,31.009	NOT_PORTED
01.015/hunk-001890	DONE	configure.ac	f47f24a189e35eb614be51b166c6b2a71edfdf93	01.002/001890	-61,0 -> 62	autoconf-feature-input	C++ compiler, standard, optional HTTP/web dependencies and source registration	Meson feature/compiler/dependency configuration	04.002,04.008,04.010,31.003	04.015,31.009	NOT_PORTED
01.015/hunk-001891	DONE	configure.ac	f47f24a189e35eb614be51b166c6b2a71edfdf93	01.002/001891	-69,0 -> 71	autoconf-feature-input	C++ compiler, standard, optional HTTP/web dependencies and source registration	Meson feature/compiler/dependency configuration	04.002,04.008,04.010,31.003	04.015,31.009	NOT_PORTED
01.015/hunk-001892	DONE	configure.ac	f47f24a189e35eb614be51b166c6b2a71edfdf93	01.002/001892	-165,0 -> 168,4	autoconf-feature-input	C++ compiler, standard, optional HTTP/web dependencies and source registration	Meson feature/compiler/dependency configuration	04.002,04.008,04.010,31.003	04.015,31.009	NOT_PORTED
01.015/hunk-001893	DONE	configure.ac	f47f24a189e35eb614be51b166c6b2a71edfdf93	01.002/001893	-527 -> 533	autoconf-feature-input	C++ compiler, standard, optional HTTP/web dependencies and source registration	Meson feature/compiler/dependency configuration	04.002,04.008,04.010,31.003	04.015,31.009	NOT_PORTED
01.015/hunk-001894	DONE	configure.ac	f47f24a189e35eb614be51b166c6b2a71edfdf93	01.002/001894	-545,0 -> 552,2	autoconf-feature-input	C++ compiler, standard, optional HTTP/web dependencies and source registration	Meson feature/compiler/dependency configuration	04.002,04.008,04.010,31.003	04.015,31.009	NOT_PORTED
01.015/hunk-001895	DONE	configure.ac	f47f24a189e35eb614be51b166c6b2a71edfdf93	01.002/001895	-1562,0 -> 1571,20	autoconf-feature-input	C++ compiler, standard, optional HTTP/web dependencies and source registration	Meson feature/compiler/dependency configuration	04.002,04.008,04.010,31.003	04.015,31.009	NOT_PORTED
01.015/hunk-001896	DONE	configure.ac	f47f24a189e35eb614be51b166c6b2a71edfdf93	01.002/001896	-2103 -> 2131	autoconf-feature-input	C++ compiler, standard, optional HTTP/web dependencies and source registration	Meson feature/compiler/dependency configuration	04.002,04.008,04.010,31.003	04.015,31.009	NOT_PORTED
01.015/hunk-001897	DONE	configure.ac	f47f24a189e35eb614be51b166c6b2a71edfdf93	01.002/001897	-2307,0 -> 2336	autoconf-feature-input	C++ compiler, standard, optional HTTP/web dependencies and source registration	Meson feature/compiler/dependency configuration	04.002,04.008,04.010,31.003	04.015,31.009	NOT_PORTED
01.015/hunk-001898	DONE	configure.ac	f47f24a189e35eb614be51b166c6b2a71edfdf93	01.002/001898	-2313,0 -> 2343	autoconf-feature-input	C++ compiler, standard, optional HTTP/web dependencies and source registration	Meson feature/compiler/dependency configuration	04.002,04.008,04.010,31.003	04.015,31.009	NOT_PORTED
01.015/hunk-001899	DONE	configure.ac	f47f24a189e35eb614be51b166c6b2a71edfdf93	01.002/001899	-2437,0 -> 2468,8	autoconf-feature-input	C++ compiler, standard, optional HTTP/web dependencies and source registration	Meson feature/compiler/dependency configuration	04.002,04.008,04.010,31.003	04.015,31.009	NOT_PORTED
01.015/hunk-001900	DONE	configure.ac	f47f24a189e35eb614be51b166c6b2a71edfdf93	01.002/001900	-2509,0 -> 2548	autoconf-feature-input	C++ compiler, standard, optional HTTP/web dependencies and source registration	Meson feature/compiler/dependency configuration	04.002,04.008,04.010,31.003	04.015,31.009	NOT_PORTED
01.015/hunk-001901	DONE	data/Makefile.am	f02d9a8d9ba4fc5501cd8e5a5292e09688853a57	01.002/001901	-14 -> 14,3	automake-build-or-install-input	Each changed source/library/generated target and install-list entry	Corresponding current Meson module/install target	30.009,30.010,30.011,30.017	34.002,34.014,38.005	NOT_PORTED
01.015/hunk-001903	DONE	data/layer-presets/Makefile.am	b09563576330cca863bd153d3e4e89e340fe02ea	01.002/001903	-0,0 -> 1,15	automake-build-or-install-input	Each changed source/library/generated target and install-list entry	Corresponding current Meson module/install target	30.009,30.010,30.011,30.017	34.002,34.014,38.005	NOT_PORTED
01.015/hunk-001914	DONE	data/mypaint-brushes/Makefile.am	3a6e950b6d944e2d81f9a092a0b2f3377b239b2c	01.002/001914	-0,0 -> 1,9	automake-build-or-install-input	Each changed source/library/generated target and install-list entry	Corresponding current Meson module/install target	30.009,30.010,30.011,30.017	34.002,34.014,38.005	NOT_PORTED
01.015/hunk-001915	DONE	data/mypaint-brushes/Makefile.am.skel	b1fab22b8d2a14b4e70d62774e804d754bb6dd65	01.002/001915	-0,0 -> 1,31	ruby-generator	Glob each child directory for .myb and _prev.png, sort basenames, generate its Makefile.am	Current Meson/install manifest	30.017/brush-manifest-generator	34.013,34.014	NOT_PORTED
01.015/hunk-001916	DONE	data/mypaint-brushes/classic/Makefile.am	ad34cd417924978b8ff80fd374b94c9cec1dd503	01.002/001916	-0,0 -> 1,77	automake-build-or-install-input	Each changed source/library/generated target and install-list entry	Corresponding current Meson module/install target	30.009,30.010,30.011,30.017	34.002,34.014,38.005	NOT_PORTED
01.015/hunk-001992	DONE	data/mypaint-brushes/deevad/Makefile.am	e6fe2d15fa9be04d3bb1c556ee4e77c46ee87be5	01.002/001992	-0,0 -> 1,79	automake-build-or-install-input	Each changed source/library/generated target and install-list entry	Corresponding current Meson module/install target	30.009,30.010,30.011,30.017	34.002,34.014,38.005	NOT_PORTED
01.015/hunk-002067	DONE	data/mypaint-brushes/experimental/Makefile.am	ad1ffea0bc72081bad1b4f2aea331a65476bd149	01.002/002067	-0,0 -> 1,53	automake-build-or-install-input	Each changed source/library/generated target and install-list entry	Corresponding current Meson module/install target	30.009,30.010,30.011,30.017	34.002,34.014,38.005	NOT_PORTED
01.015/hunk-002115	DONE	data/mypaint-brushes/kaerhon/Makefile.am	ff1ce29dc22560969cc7c0495d8e9019cefa1f77	01.002/002115	-0,0 -> 1,47	automake-build-or-install-input	Each changed source/library/generated target and install-list entry	Corresponding current Meson module/install target	30.009,30.010,30.011,30.017	34.002,34.014,38.005	NOT_PORTED
01.015/hunk-002154	DONE	data/mypaint-brushes/label-brush-mypaint.sh	b640164fae398977f576b30550492dfb4e2e8e65	01.002/002154	-0,0 -> 1,20	bash-imagemagick	For each PNG derive label, convert underscores, caption/border/resize/sharpen/flatten and overwrite that same PNG	Isolated asset-label generation preserving ImageMagick semantics	30.017/brush-preview-generator	34.013,34.014	NOT_PORTED
01.015/hunk-002184	DONE	data/mypaint-brushes/ramon/Makefile.am	dff1e44dee2c1264ee90030d06c56b7d78da0a86	01.002/002184	-0,0 -> 1,63	automake-build-or-install-input	Each changed source/library/generated target and install-list entry	Corresponding current Meson module/install target	30.009,30.010,30.011,30.017	34.002,34.014,38.005	NOT_PORTED
01.015/hunk-002214	DONE	data/mypaint-brushes/tanda/Makefile.am	9b3d71b27b6b9e7fe0b0fd57bf0370a4f997d03e	01.002/002214	-0,0 -> 1,77	automake-build-or-install-input	Each changed source/library/generated target and install-list entry	Corresponding current Meson module/install target	30.009,30.010,30.011,30.017	34.002,34.014,38.005	NOT_PORTED
01.015/hunk-002286	DONE	etc/Makefile.am	1ae82115d619ff2711374c3caa40656d0b05ea9e	01.002/002286	-9,0 -> 10	automake-build-or-install-input	Each changed source/library/generated target and install-list entry	Corresponding current Meson module/install target	30.009,30.010,30.011,30.017	34.002,34.014,38.005	NOT_PORTED
01.015/hunk-002293	DONE	libgimp/Makefile.am	35a3bb4fd59e387655461b77e8289646a7835cad	01.002/002293	-127 -> 127,2	automake-build-or-install-input	Each changed source/library/generated target and install-list entry	Corresponding current Meson module/install target	04.002,04.008,04.009	04.015,04.016	NOT_PORTED
01.015/hunk-002294	DONE	libgimp/Makefile.am	35a3bb4fd59e387655461b77e8289646a7835cad	01.002/002294	-180 -> 181,2	automake-build-or-install-input	Each changed source/library/generated target and install-list entry	Corresponding current Meson module/install target	04.002,04.008,04.009	04.015,04.016	NOT_PORTED
01.015/hunk-002365	DONE	menus/Makefile.am	fac920998c0c2e5ae46d4240894415b8a4124a0a	01.002/002365	-41 -> 41,3	automake-build-or-install-input	Each changed source/library/generated target and install-list entry	Corresponding current Meson module/install target	04.002,04.008,04.009	04.015,04.016	NOT_PORTED
01.015/hunk-002472	DONE	plug-ins/script-fu/scheme-wrapper.c	fa704bc0d2c7d0dbe10760d18ea8799a2718147c	01.002/002472	-149,0 -> 150,7	scheme-runtime-constant-table	Adds ERASE, REPLACE, ANTI-ERASE, SRC-IN, DST-IN, SRC-OUT, DST-OUT interpreter bindings	Current Script-Fu enum/constants registration with explicit meaning conversion	30.012/scheme-mode-constants	13.013,34.013,36.004	NOT_PORTED
01.015/hunk-002476	DONE	themes/Default/images/Makefile.am	828f0f45686a0600e26d3dfc090b48e39954b832	01.002/002476	-130 -> 130,2	automake-build-or-install-input	Each changed source/library/generated target and install-list entry	Corresponding current Meson module/install target	30.009,30.010,30.011,30.017	34.002,34.014,38.005	NOT_PORTED
01.015/hunk-002477	DONE	themes/Default/images/Makefile.am	828f0f45686a0600e26d3dfc090b48e39954b832	01.002/002477	-351,2 -> 352,4	automake-build-or-install-input	Each changed source/library/generated target and install-list entry	Corresponding current Meson module/install target	30.009,30.010,30.011,30.017	34.002,34.014,38.005	NOT_PORTED
01.015/hunk-002478	DONE	themes/Default/images/preferences/Makefile.am	80ffaaa331ddb0ff0ad43e98b9fac23c8f7986cf	01.002/002478	-45,0 -> 46,2	automake-build-or-install-input	Each changed source/library/generated target and install-list entry	Corresponding current Meson module/install target	30.009,30.010,30.011,30.017	34.002,34.014,38.005	NOT_PORTED
01.015/hunk-002484	DONE	tools/pdbgen/Makefile.am	564d6030f4e1039cf8b8021127b2bbd932e69d17	01.002/002484	-54 -> 54,2	automake-build-or-install-input	Each changed source/library/generated target and install-list entry	Corresponding current Meson module/install target	04.002,04.008,04.009	04.015,04.016	NOT_PORTED
01.015/hunk-002485	DONE	tools/pdbgen/enums.pl	b7966195c4e130c722f6d8efcc5e6ce9e0b52def	01.002/002485	-414,0 -> 415,10	generated-perl-enums	Adds legacy seven-mode export values to enum metadata, including scalar/wire values	pdb/enumgen.pl and pdb/meson.build	04.013,10.005,30.013	34.013,36.004	NOT_PORTED
01.015/hunk-002486	DONE	tools/pdbgen/enums.pl	b7966195c4e130c722f6d8efcc5e6ce9e0b52def	01.002/002486	-440 -> 450,5	generated-perl-enums	Adds legacy seven-mode export values to enum metadata, including scalar/wire values	pdb/enumgen.pl and pdb/meson.build	04.013,10.005,30.013	34.013,36.004	NOT_PORTED
01.015/hunk-002487	DONE	tools/pdbgen/enums.pl	b7966195c4e130c722f6d8efcc5e6ce9e0b52def	01.002/002487	-463 -> 477,8	generated-perl-enums	Adds legacy seven-mode export values to enum metadata, including scalar/wire values	pdb/enumgen.pl and pdb/meson.build	04.013,10.005,30.013	34.013,36.004	NOT_PORTED
01.015/hunk-002488	DONE	tools/pdbgen/groups.pl	3f4dc61dfce5d689fa63123897d48284f8bb6e6a	01.002/002488	-52,0 -> 53	generated-perl-groups	Adds mypaint_brush_select group consumed by pdbgen	pdb/groups and pdb/meson.build	30.012,30.013	34.013	NOT_PORTED
01.015/hunk-002489	DONE	tools/pdbgen/pdb/mypaint_brush_select.pdb	e8d5afc3714832cc20c2bdf21cdb2d15e87d31c3	01.002/002489	-0,0 -> 1,116	perl-pdb-source	Declares popup/close_popup/set_popup, argument nullability and app/lib export bodies	pdb/groups/*.pdb current internal/public PDB generator	30.012,30.013	24.017,34.013	NOT_PORTED
