symbol	cpp_definition_sites	header_sites	c_source_sites	status
gimp_bucket_fill_brush_options_gui	app/tools/gimpbucketfillbrushtool.cpp:552			REVIEW
gimp_bucket_fill_brush_options_gui_full	app/tools/gimpbucketfillbrushtool.cpp:564			REVIEW
gimp_bucket_fill_brush_options_gui_horizontal	app/tools/gimpbucketfillbrushtool.cpp:558			REVIEW
gimp_bucket_fill_brush_register	app/tools/gimpbucketfillbrushtool.cpp:461			REVIEW
gimp_bucket_fill_brush_tool_class_init	app/tools/gimpbucketfillbrushtool.cpp:528			REVIEW
gimp_bucket_fill_brush_tool_init	app/tools/gimpbucketfillbrushtool.cpp:533			REVIEW
gimp_bucket_fill_brush_tool_register	app/tools/gimpbucketfillbrushtool.cpp:490	app/tools/gimpbucketfillbrushtool.h:50	app/tools/gimp-tools.c:166	REVIEW
gimp_canvas_perspective_guide_get_type	app/display/gimpcanvasperspectiveguide.cpp:295	app/display/gimpcanvasperspectiveguide.h:29,app/display/gimpcanvasperspectiveguide.h:53		REVIEW
gimp_canvas_perspective_guide_new	app/display/gimpcanvasperspectiveguide.cpp:300	app/display/gimpcanvasperspectiveguide.h:55	app/display/gimpdisplayshell-tool-events.c:558	REVIEW
gimp_cell_renderer_popup_clicked	app/widgets/gimpcellrendererpopup.cpp:344	app/widgets/gimpcellrendererpopup.h:51	app/widgets/gimpcontainertreeview.c:1187	REVIEW
gimp_cell_renderer_popup_get_type	app/widgets/gimpcellrendererpopup.cpp:341	app/widgets/gimpcellrendererpopup.h:26,app/widgets/gimpcellrendererpopup.h:48		REVIEW
gimp_cell_renderer_popup_new	app/widgets/gimpcellrendererpopup.cpp:342	app/widgets/gimpcellrendererpopup.h:50	app/widgets/gimplayertreeview.c:354	REVIEW
gimp_clone_layer_get_source	app/core/gimpclonelayer.cpp:688	app/core/gimpclonelayer.h:57	app/core/gimpgrouplayer.c:502,app/xcf/xcf-load.c:2528,app/xcf/xcf-save.c:666	REVIEW
gimp_clone_layer_get_type	app/core/gimpclonelayer.cpp:664	app/core/gimpclonelayer.h:30,app/core/gimpclonelayer.h:47,app/core/gimpclonelayer.h:83		REVIEW
gimp_clone_layer_new	app/core/gimpclonelayer.cpp:669	app/core/gimpclonelayer.h:48	app/actions/layers-commands.c:430,app/xcf/xcf-load.c:1082	REVIEW
gimp_clone_layer_set_source	app/core/gimpclonelayer.cpp:681	app/core/gimpclonelayer.h:55	app/core/gimpgrouplayer.c:506	REVIEW
gimp_clone_layer_set_source_by_name	app/core/gimpclonelayer.cpp:696	app/core/gimpclonelayer.h:58	app/xcf/xcf-load.c:1106	REVIEW
gimp_clone_layer_undo_get_type	app/core/gimpclonelayerundo.cpp:61	app/core/gimpclonelayerundo.h:21,app/core/gimpclonelayerundo.h:46		REVIEW
gimp_container_foreach_	app/httpd/navigation-guide.cpp:69,app/httpd/rest-image-tree.cpp:63			REVIEW
gimp_display_shell_attach_on_canvas_view	app/display/gimpdisplayshell-overlays.cpp:670	app/display/gimpdisplayshell-overlays.h:23	app/display/gimpimagewindow.c:2108	REVIEW
gimp_display_shell_detach_on_canvas_view	app/display/gimpdisplayshell-overlays.cpp:713	app/display/gimpdisplayshell-overlays.h:24	app/display/gimpimagewindow.c:1406,app/display/gimpimagewindow.c:2093	REVIEW
gimp_display_shell_update_on_canvas_opacity	app/display/gimpdisplayshell-overlays.cpp:659	app/display/gimpdisplayshell-overlays.h:22	app/display/gimpdisplayshell-tool-events.c:268,app/display/gimpdisplayshell-tool-events.c:938,app/display/gimpdisplayshell-tool-events.c:1232,app/display/gimpdisplayshell-tool-events.c:1268	REVIEW
gimp_display_shell_update_on_canvas_views	app/display/gimpdisplayshell-overlays.cpp:601	app/display/gimpdisplayshell-overlays.h:21	app/display/gimpdisplayshell-callbacks.c:217,app/display/gimpdisplayshell-tool-events.c:1560	REVIEW
gimp_editor_add_action_dropdown	app/widgets/gimpeditor-cxx.cpp:182	app/widgets/gimpeditor-cxx.h:26	app/widgets/gimpitemtreeview.c:426,app/widgets/gimpitemtreeview.c:462	REVIEW
gimp_editor_add_dropdown	app/widgets/gimpeditor-cxx.cpp:89	app/widgets/gimpeditor-cxx.h:16		REVIEW
gimp_filter_layer_get_procedure	app/core/gimpfilterlayer.cpp:1186	app/core/gimpfilterlayer.h:54	app/xcf/xcf-save.c:660	REVIEW
gimp_filter_layer_get_procedure_args	app/core/gimpfilterlayer.cpp:1192	app/core/gimpfilterlayer.h:55	app/xcf/xcf-save.c:661	REVIEW
gimp_filter_layer_get_type	app/core/gimpfilterlayer.cpp:1170	app/core/gimpfilterlayer.h:30,app/core/gimpfilterlayer.h:47,app/core/gimpfilterlayer.h:85		REVIEW
gimp_filter_layer_mark_as_loaded	app/core/gimpfilterlayer.cpp:1206	app/core/gimpfilterlayer.h:59	app/xcf/xcf-load.c:1020	REVIEW
gimp_filter_layer_new	app/core/gimpfilterlayer.cpp:1175	app/core/gimpfilterlayer.h:48	app/actions/layers-commands.c:1108,app/xcf/xcf-load.c:1019	REVIEW
gimp_filter_layer_set_procedure	app/core/gimpfilterlayer.cpp:1198	app/core/gimpfilterlayer.h:56	app/xcf/xcf-load.c:1048	REVIEW
gimp_image_generator_options_get_type	app/tools/gimpimagegeneratortool.cpp:137			REVIEW
gimp_image_generator_options_gui	app/tools/gimpimagegeneratortool.cpp:399			REVIEW
gimp_image_generator_options_gui_full	app/tools/gimpimagegeneratortool.cpp:411			REVIEW
gimp_image_generator_options_gui_horizontal	app/tools/gimpimagegeneratortool.cpp:405			REVIEW
gimp_image_generator_tool_get_type	app/tools/gimpimagegeneratortool.cpp:472	app/tools/gimpimagegeneratortool.h:28,app/tools/gimpimagegeneratortool.h:51		REVIEW
gimp_image_generator_tool_register	app/tools/gimpimagegeneratortool.cpp:437	app/tools/gimpimagegeneratortool.h:48	app/tools/gimp-tools.c:205	REVIEW
gimp_image_undo_push_clone_layer_convert	app/core/gimpclonelayer.cpp:181			REVIEW
gimp_json_resource_get_type	app/presets/gimpjsonresource.cpp:215	app/presets/gimpjsonresource.h:35,app/presets/gimpjsonresource.h:54,app/presets/gimpjsonresource.h:85		REVIEW
gimp_json_resource_new	app/presets/gimpjsonresource.cpp:219	app/presets/gimpjsonresource.h:55		REVIEW
gimp_layer_tile_view_get_type	app/widgets/gimplayertileview.cpp:1594	app/widgets/gimplayertileview.h:26,app/widgets/gimplayertileview.h:48		REVIEW
gimp_layer_tile_view_new	app/widgets/gimplayertileview.cpp:1595	app/widgets/gimplayertileview.h:50	app/display/gimpimagewindow.c:531	REVIEW
gimp_mypaint_brush_begin_use	app/core/gimpmypaintbrush.cpp:383	app/core/gimpmypaintbrush.h:65		REVIEW
gimp_mypaint_brush_button_with_popup	app/tools/gimpmypaintbrushoptions-gui.cpp:325	app/tools/gimpmypaintbrushoptions-gui.h:21		REVIEW
gimp_mypaint_brush_class_init	app/core/gimpmypaintbrush.cpp:110			REVIEW
gimp_mypaint_brush_dirty	app/core/gimpmypaintbrush.cpp:258			REVIEW
gimp_mypaint_brush_duplicate	app/core/gimpmypaintbrush.cpp:350	app/core/gimpmypaintbrush.h:74		REVIEW
gimp_mypaint_brush_editor_class_init	app/widgets/gimpmypaintbrusheditor.cpp:95			REVIEW
gimp_mypaint_brush_editor_constructed	app/widgets/gimpmypaintbrusheditor.cpp:126			REVIEW
gimp_mypaint_brush_editor_docked_iface_init	app/widgets/gimpmypaintbrusheditor.cpp:107			REVIEW
gimp_mypaint_brush_editor_init	app/widgets/gimpmypaintbrusheditor.cpp:120			REVIEW
gimp_mypaint_brush_editor_new	app/widgets/gimpmypaintbrusheditor.cpp:284	app/widgets/gimpmypaintbrusheditor.h:54	app/dialogs/dialogs-constructors.c:813	REVIEW
gimp_mypaint_brush_editor_notify_mypaint_brush	app/widgets/gimpmypaintbrusheditor.cpp:389			REVIEW
gimp_mypaint_brush_editor_set_context	app/widgets/gimpmypaintbrusheditor.cpp:269			REVIEW
gimp_mypaint_brush_editor_set_data	app/widgets/gimpmypaintbrusheditor.cpp:249			REVIEW
gimp_mypaint_brush_editor_update_mypaint_brush	app/widgets/gimpmypaintbrusheditor.cpp:308			REVIEW
gimp_mypaint_brush_editor_update_shape	app/widgets/gimpmypaintbrusheditor.cpp:364			REVIEW
gimp_mypaint_brush_end_use	app/core/gimpmypaintbrush.cpp:394	app/core/gimpmypaintbrush.h:66		REVIEW
gimp_mypaint_brush_finalize	app/core/gimpmypaintbrush.cpp:151			REVIEW
gimp_mypaint_brush_get_checksum	app/core/gimpmypaintbrush.cpp:307			REVIEW
gimp_mypaint_brush_get_description	app/core/gimpmypaintbrush.cpp:247			REVIEW
gimp_mypaint_brush_get_extension	app/core/gimpmypaintbrush.cpp:275			REVIEW
gimp_mypaint_brush_get_memsize	app/core/gimpmypaintbrush.cpp:197			REVIEW
gimp_mypaint_brush_get_new_preview	app/core/gimpmypaintbrush.cpp:224			REVIEW
gimp_mypaint_brush_get_property	app/core/gimpmypaintbrush.cpp:181			REVIEW
gimp_mypaint_brush_get_size	app/core/gimpmypaintbrush.cpp:211			REVIEW
gimp_mypaint_brush_get_standard	app/core/gimpmypaintbrush.cpp:364	app/core/gimpmypaintbrush.h:63	app/core/gimpcontext.c:1758,app/core/gimpcontext.c:3452,app/core/gimpcontext.c:3485,app/core/gimpcontext.c:3511	REVIEW
gimp_mypaint_brush_init	app/core/gimpmypaintbrush.cpp:145			REVIEW
gimp_mypaint_brush_load	app/core/gimpmypaintbrush-load.cpp:111	app/core/gimpmypaintbrush-load.h:26	app/core/gimp.c:611	REVIEW
gimp_mypaint_brush_new	app/core/gimpmypaintbrush.cpp:334	app/core/gimpmypaintbrush.h:61	app/core/gimp.c:696	REVIEW
gimp_mypaint_brush_real_begin_use	app/core/gimpmypaintbrush.cpp:281			REVIEW
gimp_mypaint_brush_real_end_use	app/core/gimpmypaintbrush.cpp:286			REVIEW
gimp_mypaint_brush_real_select_mypaint_brush	app/core/gimpmypaintbrush.cpp:291			REVIEW
gimp_mypaint_brush_real_want_null_motion	app/core/gimpmypaintbrush.cpp:299			REVIEW
gimp_mypaint_brush_save	app/core/gimpmypaintbrush-save.cpp:101	app/core/gimpmypaintbrush-save.h:23		REVIEW
gimp_mypaint_brush_select_mypaint_brush	app/core/gimpmypaintbrush.cpp:406	app/core/gimpmypaintbrush.h:68		REVIEW
gimp_mypaint_brush_set_property	app/core/gimpmypaintbrush.cpp:165			REVIEW
gimp_mypaint_brush_tagged_iface_init	app/core/gimpmypaintbrush.cpp:139			REVIEW
gimp_mypaint_brush_want_null_motion	app/core/gimpmypaintbrush.cpp:420	app/core/gimpmypaintbrush.h:71		REVIEW
gimp_mypaint_core_cancel	app/paint/gimpmypaintcore.cpp:333			REVIEW
gimp_mypaint_core_get_current_coords	app/paint/gimpmypaintcore.cpp:406			REVIEW
gimp_mypaint_core_get_last_coords	app/paint/gimpmypaintcore.cpp:427			REVIEW
gimp_mypaint_core_interpolate	app/paint/gimpmypaintcore.cpp:377			REVIEW
gimp_mypaint_core_paint	app/paint/gimpmypaintcore.cpp:292			REVIEW
gimp_mypaint_core_round_line	app/paint/gimpmypaintcore.cpp:451			REVIEW
gimp_mypaint_core_set_current_coords	app/paint/gimpmypaintcore.cpp:396			REVIEW
gimp_mypaint_core_set_last_coords	app/paint/gimpmypaintcore.cpp:417			REVIEW
gimp_mypaint_core_undo_class_init	app/paint/gimpmypaintcoreundo.cpp:62			REVIEW
gimp_mypaint_core_undo_constructed	app/paint/gimpmypaintcoreundo.cpp:87			REVIEW
gimp_mypaint_core_undo_free	app/paint/gimpmypaintcoreundo.cpp:152			REVIEW
gimp_mypaint_core_undo_get_property	app/paint/gimpmypaintcoreundo.cpp:117			REVIEW
gimp_mypaint_core_undo_init	app/paint/gimpmypaintcoreundo.cpp:82			REVIEW
gimp_mypaint_core_undo_pop	app/paint/gimpmypaintcoreundo.cpp:137			REVIEW
gimp_mypaint_core_undo_set_property	app/paint/gimpmypaintcoreundo.cpp:97			REVIEW
gimp_mypaint_options_brush_changed	app/paint/gimpmypaintoptions.cpp:428			REVIEW
gimp_mypaint_options_class_init	app/paint/gimpmypaintoptions.cpp:101			REVIEW
gimp_mypaint_options_copy_brush_props	app/paint/gimpmypaintoptions.cpp:358	app/paint/gimpmypaintoptions.h:78		REVIEW
gimp_mypaint_options_dispose	app/paint/gimpmypaintoptions.cpp:211			REVIEW
gimp_mypaint_options_finalize	app/paint/gimpmypaintoptions.cpp:219			REVIEW
gimp_mypaint_options_get_brush_mode	app/paint/gimpmypaintoptions.cpp:347	app/paint/gimpmypaintoptions.h:73		REVIEW
gimp_mypaint_options_get_current_brush	app/paint/gimpmypaintoptions.cpp:533	app/paint/gimpmypaintoptions.h:76		REVIEW
gimp_mypaint_options_get_mapping_point	app/paint/gimpmypaintoptions.cpp:571	app/paint/gimpmypaintoptions.h:89		REVIEW
gimp_mypaint_options_get_property	app/paint/gimpmypaintoptions.cpp:280			REVIEW
gimp_mypaint_options_gui	app/tools/gimpmypaintoptions-gui.cpp:543	app/tools/gimpmypaintoptions-gui.h:22		REVIEW
gimp_mypaint_options_gui_horizontal	app/tools/gimpmypaintoptions-gui.cpp:573	app/tools/gimpmypaintoptions-gui.h:23		REVIEW
gimp_mypaint_options_init	app/paint/gimpmypaintoptions.cpp:164			REVIEW
gimp_mypaint_options_is_ready	app/paint/gimpmypaintoptions.cpp:606	app/paint/gimpmypaintoptions.h:96		REVIEW
gimp_mypaint_options_mypaint_brush_changed	app/paint/gimpmypaintoptions.cpp:382			REVIEW
gimp_mypaint_options_new	app/paint/gimpmypaintoptions.cpp:334	app/paint/gimpmypaintoptions.h:69,app/paint/gimpmypaintoptions.h:70		REVIEW
gimp_mypaint_options_prop_brushmark_updated	app/paint/gimpmypaintoptions.cpp:446			REVIEW
gimp_mypaint_options_prop_texture_updated	app/paint/gimpmypaintoptions.cpp:499			REVIEW
gimp_mypaint_options_set_mapping_point	app/paint/gimpmypaintoptions.cpp:539	app/paint/gimpmypaintoptions.h:82		REVIEW
gimp_mypaint_options_set_property	app/paint/gimpmypaintoptions.cpp:231			REVIEW
gimp_mypaint_options_texture_changed	app/paint/gimpmypaintoptions.cpp:481			REVIEW
gimp_mypaint_tool_button_press	app/tools/gimpmypainttool.cpp:255			REVIEW
gimp_mypaint_tool_button_release	app/tools/gimpmypainttool.cpp:340			REVIEW
gimp_mypaint_tool_class_init	app/tools/gimpmypainttool.cpp:123			REVIEW
gimp_mypaint_tool_constructed	app/tools/gimpmypainttool.cpp:169			REVIEW
gimp_mypaint_tool_control	app/tools/gimpmypainttool.cpp:233			REVIEW
gimp_mypaint_tool_cursor_update	app/tools/gimpmypainttool.cpp:552			REVIEW
gimp_mypaint_tool_draw	app/tools/gimpmypainttool.cpp:756			REVIEW
gimp_mypaint_tool_enable_color_picker	app/tools/gimpmypainttool.cpp:222	app/tools/gimpmypainttool.h:69		REVIEW
gimp_mypaint_tool_finalize	app/tools/gimpmypainttool.cpp:198			REVIEW
gimp_mypaint_tool_hard_notify	app/tools/gimpmypainttool.cpp:803			REVIEW
gimp_mypaint_tool_init	app/tools/gimpmypainttool.cpp:144			REVIEW
gimp_mypaint_tool_modifier_key	app/tools/gimpmypainttool.cpp:505			REVIEW
gimp_mypaint_tool_motion	app/tools/gimpmypainttool.cpp:372			REVIEW
gimp_mypaint_tool_motion_internal	app/tools/gimpmypainttool.cpp:383			REVIEW
gimp_mypaint_tool_oper_update	app/tools/gimpmypainttool.cpp:597			REVIEW
gimp_mypaint_tool_register	app/tools/gimpmypainttool.cpp:813	app/tools/gimpmypainttool.h:72	app/tools/gimp-tools.c:165	REVIEW
gimp_perspective_guide_add_vanish_points	app/core/gimpperspectiveguide.cpp:255	app/core/gimpperspectiveguide.h:60	app/core/gimpimage.c:795,app/core/gimpimage.c:798	REVIEW
gimp_perspective_guide_get_type	app/core/gimpperspectiveguide.cpp:240	app/core/gimpperspectiveguide.h:31,app/core/gimpperspectiveguide.h:56		REVIEW
gimp_perspective_guide_get_vanish_point_length	app/core/gimpperspectiveguide.cpp:250	app/core/gimpperspectiveguide.h:59	app/display/gimpdisplayshell-tool-events.c:180	REVIEW
gimp_perspective_guide_get_vanish_points	app/core/gimpperspectiveguide.cpp:265	app/core/gimpperspectiveguide.h:62	app/display/gimpdisplayshell-tool-events.c:209,app/display/gimpdisplayshell-tool-events.c:210,app/display/gimpdisplayshell-tool-events.c:228	REVIEW
gimp_perspective_guide_new	app/core/gimpperspectiveguide.cpp:245	app/core/gimpperspectiveguide.h:58	app/core/gimpimage.c:791	REVIEW
gimp_perspective_guide_options_get_type	app/tools/gimpperspectiveguidetool.cpp:137			REVIEW
gimp_perspective_guide_options_gui	app/tools/gimpperspectiveguidetool.cpp:612			REVIEW
gimp_perspective_guide_options_gui_full	app/tools/gimpperspectiveguidetool.cpp:582			REVIEW
gimp_perspective_guide_options_gui_horizontal	app/tools/gimpperspectiveguidetool.cpp:618			REVIEW
gimp_perspective_guide_remove_vanish_points	app/core/gimpperspectiveguide.cpp:260	app/core/gimpperspectiveguide.h:61		REVIEW
gimp_perspective_guide_set_vanish_points	app/core/gimpperspectiveguide.cpp:270	app/core/gimpperspectiveguide.h:63		REVIEW
gimp_perspective_guide_tool_get_type	app/tools/gimpperspectiveguidetool.cpp:662	app/tools/gimpperspectiveguidetool.h:28,app/tools/gimpperspectiveguidetool.h:53		REVIEW
gimp_perspective_guide_tool_register	app/tools/gimpperspectiveguidetool.cpp:627	app/tools/gimpperspectiveguidetool.h:50	app/tools/gimp-tools.c:192	REVIEW
gimp_popover_new	app/widgets/popupper.cpp:420	app/widgets/popupper.h:34		REVIEW
gimp_tool_options_button_with_popup	app/tools/gimptooloptions-gui-cxx.cpp:45,app/tools/gimptooloptions-gui-cxx.hpp:31	app/tools/gimptooloptions-gui.h:61	app/tools/gimpbrushoptions-gui.c:768,app/tools/gimpdynamicsoptions-gui.c:381,app/tools/gimptooloptions-gui.c:201	REVIEW
gimp_tool_tile_view_get_type	app/widgets/gimptooltileview.cpp:600	app/widgets/gimptooltileview.h:26,app/widgets/gimptooltileview.h:48		REVIEW
gimp_tool_tile_view_new	app/widgets/gimptooltileview.cpp:601	app/widgets/gimptooltileview.h:50	app/display/gimpimagewindow.c:1363	REVIEW
