legacy_site	changed_hunk	operation	owner_expr	key_expr	value_expr	destroy_expr	owner_type	destruction_contract	followup_risk	status
app/tools/gimp-tools.c:242	01.002/001106	g_object_get_data	G_OBJECT (tool_info->tool_options)	"""gimp-tool-options-toolbar-gui"""	-	-	tool options or tool info	toolbar widget ref is sunk and released by g_object_unref; metadata is borrowed	toolbar teardown and function-pointer API	DONE
app/tools/gimp-tools.c:249	01.002/001108	g_object_set_data	G_OBJECT (tool_info->tool_options)	"""gimp-tool-options-toolbar-gui"""	NULL	-	tool options or tool info	toolbar widget ref is sunk and released by g_object_unref; metadata is borrowed	toolbar teardown and function-pointer API	DONE
app/tools/gimp-tools.c:382	01.002/001116	g_object_get_data	G_OBJECT (tool_info)	"""gimp-tool-options-gui-horizontal-func"""	-	-	tool options or tool info	toolbar widget ref is sunk and released by g_object_unref; metadata is borrowed	toolbar teardown and function-pointer API	DONE
app/tools/gimp-tools.c:403	01.002/001116	g_object_set_data_full	G_OBJECT (tool_info->tool_options)	"""gimp-tool-options-toolbar-gui"""	g_object_ref_sink (toolbar_gui)	(GDestroyNotify) g_object_unref	tool options or tool info	toolbar widget ref is sunk and released by g_object_unref; metadata is borrowed	toolbar teardown and function-pointer API	DONE
app/tools/gimp-tools.c:810	01.002/001126	g_object_set_data	G_OBJECT (tool_info)	"""gimp-tool-options-gui-horizontal-func"""	options_gui_horizontal_func	-	tool options or tool info	toolbar widget ref is sunk and released by g_object_unref; metadata is borrowed	toolbar teardown and function-pointer API	DONE
app/tools/gimpbrushoptions-gui.c:302	01.002/001166	g_object_get_data	G_OBJECT (adjustment)	"""prop_name"""	-	-	brush options widgets	literal property names are borrowed; gimp-item-data is borrowed	widget and brush option callback lifetime	DONE
app/tools/gimpbrushoptions-gui.c:371	01.002/001166	g_object_get_data	G_OBJECT (widget)	"""gimp-item-data"""	-	-	brush options widgets	literal property names are borrowed; gimp-item-data is borrowed	widget and brush option callback lifetime	DONE
app/tools/gimpbrushoptions-gui.c:574	01.002/001166	g_object_set_data	G_OBJECT (adj)	"""prop_name"""	"""spacing"""	-	brush options widgets	literal property names are borrowed; gimp-item-data is borrowed	widget and brush option callback lifetime	DONE
app/tools/gimpbrushoptions-gui.c:644	01.002/001166	g_object_set_data	G_OBJECT (adj)	"""prop_name"""	"""radius"""	-	brush options widgets	literal property names are borrowed; gimp-item-data is borrowed	widget and brush option callback lifetime	DONE
app/tools/gimpbrushoptions-gui.c:661	01.002/001166	g_object_set_data	G_OBJECT (adj)	"""prop_name"""	"""spikes"""	-	brush options widgets	literal property names are borrowed; gimp-item-data is borrowed	widget and brush option callback lifetime	DONE
app/tools/gimpbrushoptions-gui.c:678	01.002/001166	g_object_set_data	G_OBJECT (adj)	"""prop_name"""	"""hardness"""	-	brush options widgets	literal property names are borrowed; gimp-item-data is borrowed	widget and brush option callback lifetime	DONE
app/tools/gimpbrushoptions-gui.c:695	01.002/001166	g_object_set_data	G_OBJECT (adj)	"""prop_name"""	"""aspect-ratio"""	-	brush options widgets	literal property names are borrowed; gimp-item-data is borrowed	widget and brush option callback lifetime	DONE
app/tools/gimpbrushoptions-gui.c:712	01.002/001166	g_object_set_data	G_OBJECT (adj)	"""prop_name"""	"""angle"""	-	brush options widgets	literal property names are borrowed; gimp-item-data is borrowed	widget and brush option callback lifetime	DONE
app/tools/gimptooloptions-gui.c:533	01.002/001488	g_object_get_data	G_OBJECT (label)	"""percentage"""	-	-	popup button label	GINT_TO_POINTER flags are borrowed scalar values	config notify disconnection and label lifetime	DONE
app/tools/gimptooloptions-gui.c:545	01.002/001488	g_object_get_data	G_OBJECT (label)	"""digits"""	-	-	popup button label	GINT_TO_POINTER flags are borrowed scalar values	config notify disconnection and label lifetime	DONE
app/tools/gimptooloptions-gui.c:583	01.002/001488	g_object_set_data	G_OBJECT (button_label)	"""percentage"""	GINT_TO_POINTER (opacity)	-	popup button label	GINT_TO_POINTER flags are borrowed scalar values	config notify disconnection and label lifetime	DONE
app/tools/gimptooloptions-gui.c:585	01.002/001488	g_object_set_data	G_OBJECT (button_label)	"""digits"""	GINT_TO_POINTER (digits)	-	popup button label	GINT_TO_POINTER flags are borrowed scalar values	config notify disconnection and label lifetime	DONE
app/widgets/gimptooloptionstoolbar.c:264	01.002/001799	g_object_get_data	G_OBJECT (toolbar->p->visible_tool_options)	"""gimp-tool-options-toolbar-gui"""	-	-	tool options toolbar and tool options	toolbar widget is borrowed from tool options data	tool change and toolbar widget destruction order	DONE
app/widgets/gimptooloptionstoolbar.c:279	01.002/001799	g_object_get_data	G_OBJECT (tool_info->tool_options)	"""gimp-tool-options-toolbar-gui"""	-	-	tool options toolbar and tool options	toolbar widget is borrowed from tool options data	tool change and toolbar widget destruction order	DONE
