symbol	cpp_site	header_site	cpp_parameters	header_parameters	classification	port_action	status
gimp_clone_layer_get_type	app/core/gimpclonelayer.cpp:664	app/core/gimpclonelayer.h:47			TEXT_MATCH_AFTER_NORMALIZATION	Check return type and actual caller contract during port	DONE
gimp_clone_layer_new	app/core/gimpclonelayer.cpp:669	app/core/gimpclonelayer.h:48	GimpImage*image,GimpLayer*source,gint width,gint height,const gchar*name,gdouble opacity,GimpLayerModeEffects mode	GimpImage*image,GimpLayer*source,gint width,gint height,const gchar*name,gdouble opacity,GimpLayerModeEffects mode	TEXT_MATCH_AFTER_NORMALIZATION	Check return type and actual caller contract during port	DONE
gimp_clone_layer_set_source	app/core/gimpclonelayer.cpp:681	app/core/gimpclonelayer.h:55	GimpCloneLayer*layer,GimpLayer*source	GimpCloneLayer*layer,GimpLayer*source	TEXT_MATCH_AFTER_NORMALIZATION	Check return type and actual caller contract during port	DONE
gimp_clone_layer_get_source	app/core/gimpclonelayer.cpp:688	app/core/gimpclonelayer.h:57	GimpCloneLayer*layer	GimpCloneLayer*layer	TEXT_MATCH_AFTER_NORMALIZATION	Check return type and actual caller contract during port	DONE
gimp_clone_layer_set_source_by_name	app/core/gimpclonelayer.cpp:696	app/core/gimpclonelayer.h:58	GimpCloneLayer*layer,const gchar*name	GimpCloneLayer*layer,const gchar*name	TEXT_MATCH_AFTER_NORMALIZATION	Check return type and actual caller contract during port	DONE
gimp_clone_layer_undo_get_type	app/core/gimpclonelayerundo.cpp:61	app/core/gimpclonelayerundo.h:46			TEXT_MATCH_AFTER_NORMALIZATION	Check return type and actual caller contract during port	DONE
gimp_filter_layer_get_type	app/core/gimpfilterlayer.cpp:1170	app/core/gimpfilterlayer.h:47			TEXT_MATCH_AFTER_NORMALIZATION	Check return type and actual caller contract during port	DONE
gimp_filter_layer_new	app/core/gimpfilterlayer.cpp:1175	app/core/gimpfilterlayer.h:48	GimpImage*image,gint width,gint height,const gchar*name,gdouble opacity,GimpLayerModeEffects mode	GimpImage*image,gint width,gint height,const gchar*name,gdouble opacity,GimpLayerModeEffects mode	TEXT_MATCH_AFTER_NORMALIZATION	Check return type and actual caller contract during port	DONE
gimp_filter_layer_get_procedure	app/core/gimpfilterlayer.cpp:1186	app/core/gimpfilterlayer.h:54	GimpFilterLayer*layer	GimpFilterLayer*layer	TEXT_MATCH_AFTER_NORMALIZATION	Check return type and actual caller contract during port	DONE
gimp_filter_layer_get_procedure_args	app/core/gimpfilterlayer.cpp:1192	app/core/gimpfilterlayer.h:55	GimpFilterLayer*layer	GimpFilterLayer*layer	TEXT_MATCH_AFTER_NORMALIZATION	Check return type and actual caller contract during port	DONE
gimp_filter_layer_set_procedure	app/core/gimpfilterlayer.cpp:1198	app/core/gimpfilterlayer.h:56	GimpFilterLayer*layer,const gchar*proc_name,GArray*args	GimpFilterLayer*layer,const gchar*proc_name,GArray*args	TEXT_MATCH_AFTER_NORMALIZATION	Check return type and actual caller contract during port	DONE
gimp_filter_layer_mark_as_loaded	app/core/gimpfilterlayer.cpp:1206	app/core/gimpfilterlayer.h:59	GimpFilterLayer*layer	GimpFilterLayer*layer	TEXT_MATCH_AFTER_NORMALIZATION	Check return type and actual caller contract during port	DONE
gimp_mypaint_brush_load	app/core/gimpmypaintbrush-load.cpp:111	app/core/gimpmypaintbrush-load.h:26	GimpContext*context,const gchar*filename,GError**error	GimpContext*context,const gchar*filename,GError**error	TEXT_MATCH_AFTER_NORMALIZATION	Check return type and actual caller contract during port	DONE
gimp_mypaint_brush_save	app/core/gimpmypaintbrush-save.cpp:101	app/core/gimpmypaintbrush-save.h:23	GimpData*data,GError**error	GimpData*brush,GError**error	PARAMETER_NAME_ONLY	Retain parameter types; choose one name for the port	DONE
gimp_mypaint_brush_new	app/core/gimpmypaintbrush.cpp:334	app/core/gimpmypaintbrush.h:61	GimpContext*context,const gchar*name	GimpContext*context,const gchar*name	TEXT_MATCH_AFTER_NORMALIZATION	Check return type and actual caller contract during port	DONE
gimp_mypaint_brush_duplicate	app/core/gimpmypaintbrush.cpp:350	app/core/gimpmypaintbrush.h:74	GimpMypaintBrush*mypaint_brush	GimpMypaintBrush*mypaint_brush	TEXT_MATCH_AFTER_NORMALIZATION	Check return type and actual caller contract during port	DONE
gimp_mypaint_brush_get_standard	app/core/gimpmypaintbrush.cpp:364	app/core/gimpmypaintbrush.h:63	GimpContext*context	GimpContext*context	TEXT_MATCH_AFTER_NORMALIZATION	Check return type and actual caller contract during port	DONE
gimp_mypaint_brush_begin_use	app/core/gimpmypaintbrush.cpp:383	app/core/gimpmypaintbrush.h:65	GimpMypaintBrush*mypaint_brush	GimpMypaintBrush*mypaint_brush	TEXT_MATCH_AFTER_NORMALIZATION	Check return type and actual caller contract during port	DONE
gimp_mypaint_brush_end_use	app/core/gimpmypaintbrush.cpp:394	app/core/gimpmypaintbrush.h:66	GimpMypaintBrush*mypaint_brush	GimpMypaintBrush*mypaint_brush	TEXT_MATCH_AFTER_NORMALIZATION	Check return type and actual caller contract during port	DONE
gimp_mypaint_brush_select_mypaint_brush	app/core/gimpmypaintbrush.cpp:406	app/core/gimpmypaintbrush.h:68	GimpMypaintBrush*mypaint_brush,const GimpCoords*last_coords,const GimpCoords*current_coords	GimpMypaintBrush*mypaint_brush,const GimpCoords*last_coords,const GimpCoords*current_coords	TEXT_MATCH_AFTER_NORMALIZATION	Check return type and actual caller contract during port	DONE
gimp_mypaint_brush_want_null_motion	app/core/gimpmypaintbrush.cpp:420	app/core/gimpmypaintbrush.h:71	GimpMypaintBrush*mypaint_brush,const GimpCoords*last_coords,const GimpCoords*current_coords	GimpMypaintBrush*mypaint_brush,const GimpCoords*last_coords,const GimpCoords*current_coords	TEXT_MATCH_AFTER_NORMALIZATION	Check return type and actual caller contract during port	DONE
gimp_perspective_guide_get_type	app/core/gimpperspectiveguide.cpp:240	app/core/gimpperspectiveguide.h:56			TEXT_MATCH_AFTER_NORMALIZATION	Check return type and actual caller contract during port	DONE
gimp_perspective_guide_new	app/core/gimpperspectiveguide.cpp:245	app/core/gimpperspectiveguide.h:58	guint id	guint32 guide_ID	TYPE_SPELLING_REVIEW	Choose one public type and check the ABI on target platforms	DONE
gimp_perspective_guide_get_vanish_point_length	app/core/gimpperspectiveguide.cpp:250	app/core/gimpperspectiveguide.h:59	GimpPerspectiveGuide*guide	GimpPerspectiveGuide*guide	TEXT_MATCH_AFTER_NORMALIZATION	Check return type and actual caller contract during port	DONE
gimp_perspective_guide_add_vanish_points	app/core/gimpperspectiveguide.cpp:255	app/core/gimpperspectiveguide.h:60	GimpPerspectiveGuide*guide,gdouble x,gdouble y	GimpPerspectiveGuide*guide,gdouble x,gdouble y	TEXT_MATCH_AFTER_NORMALIZATION	Check return type and actual caller contract during port	DONE
gimp_perspective_guide_remove_vanish_points	app/core/gimpperspectiveguide.cpp:260	app/core/gimpperspectiveguide.h:61	GimpPerspectiveGuide*guide,gint index	GimpPerspectiveGuide*guide,gint index	TEXT_MATCH_AFTER_NORMALIZATION	Check return type and actual caller contract during port	DONE
gimp_perspective_guide_get_vanish_points	app/core/gimpperspectiveguide.cpp:265	app/core/gimpperspectiveguide.h:62	GimpPerspectiveGuide*guide,gint index,gdouble*x,gdouble*y	GimpPerspectiveGuide*guide,gint index,gdouble*x,gdouble*y	TEXT_MATCH_AFTER_NORMALIZATION	Check return type and actual caller contract during port	DONE
gimp_perspective_guide_set_vanish_points	app/core/gimpperspectiveguide.cpp:270	app/core/gimpperspectiveguide.h:63	GimpPerspectiveGuide*guide,gint index,gdouble x,gdouble y	GimpPerspectiveGuide*guide,gint index,gdouble x,gdouble y	TEXT_MATCH_AFTER_NORMALIZATION	Check return type and actual caller contract during port	DONE
gimp_canvas_perspective_guide_get_type	app/display/gimpcanvasperspectiveguide.cpp:295	app/display/gimpcanvasperspectiveguide.h:53			TEXT_MATCH_AFTER_NORMALIZATION	Check return type and actual caller contract during port	DONE
gimp_canvas_perspective_guide_new	app/display/gimpcanvasperspectiveguide.cpp:300	app/display/gimpcanvasperspectiveguide.h:55	GimpDisplayShell*shell,GimpPerspectiveGuide*guide	GimpDisplayShell*shell,GimpPerspectiveGuide*guide	TEXT_MATCH_AFTER_NORMALIZATION	Check return type and actual caller contract during port	DONE
gimp_display_shell_update_on_canvas_views	app/display/gimpdisplayshell-overlays.cpp:601	app/display/gimpdisplayshell-overlays.h:21	GimpDisplayShell*shell	GimpDisplayShell*shell	TEXT_MATCH_AFTER_NORMALIZATION	Check return type and actual caller contract during port	DONE
gimp_display_shell_update_on_canvas_opacity	app/display/gimpdisplayshell-overlays.cpp:659	app/display/gimpdisplayshell-overlays.h:22	GimpDisplayShell*shell,gint x,gint y,gboolean released	GimpDisplayShell*shell,gint x,gint y,gboolean released	TEXT_MATCH_AFTER_NORMALIZATION	Check return type and actual caller contract during port	DONE
gimp_display_shell_attach_on_canvas_view	app/display/gimpdisplayshell-overlays.cpp:670	app/display/gimpdisplayshell-overlays.h:23	GimpDisplayShell*shell,GtkWidget*widget	GimpDisplayShell*shell,GtkWidget*widget	TEXT_MATCH_AFTER_NORMALIZATION	Check return type and actual caller contract during port	DONE
gimp_display_shell_detach_on_canvas_view	app/display/gimpdisplayshell-overlays.cpp:713	app/display/gimpdisplayshell-overlays.h:24	GimpDisplayShell*shell,GimpCanvas*canvas,GtkWidget*widget	GimpDisplayShell*shell,GimpCanvas*canvas,GtkWidget*widget	TEXT_MATCH_AFTER_NORMALIZATION	Check return type and actual caller contract during port	DONE
gimp_mypaint_options_new	app/paint/gimpmypaintoptions.cpp:334	app/paint/gimpmypaintoptions.h:70	GimpToolInfo*tool_info	GimpToolInfo*tool_info	TEXT_MATCH_AFTER_NORMALIZATION	Check return type and actual caller contract during port	DONE
gimp_mypaint_options_get_brush_mode	app/paint/gimpmypaintoptions.cpp:347	app/paint/gimpmypaintoptions.h:73	GimpMypaintOptions*mypaint_options	GimpMypaintOptions*mypaint_options	TEXT_MATCH_AFTER_NORMALIZATION	Check return type and actual caller contract during port	DONE
gimp_mypaint_options_copy_brush_props	app/paint/gimpmypaintoptions.cpp:358	app/paint/gimpmypaintoptions.h:78	GimpMypaintOptions*src,GimpMypaintOptions*dest	GimpMypaintOptions*src,GimpMypaintOptions*dest	TEXT_MATCH_AFTER_NORMALIZATION	Check return type and actual caller contract during port	DONE
gimp_mypaint_options_get_current_brush	app/paint/gimpmypaintoptions.cpp:533	app/paint/gimpmypaintoptions.h:76	GimpMypaintOptions*options	GimpMypaintOptions*options	TEXT_MATCH_AFTER_NORMALIZATION	Check return type and actual caller contract during port	DONE
gimp_mypaint_options_set_mapping_point	app/paint/gimpmypaintoptions.cpp:539	app/paint/gimpmypaintoptions.h:82	GimpMypaintOptions*options,gchar*prop_name,guint inputs,guint size,GimpVector2*points	GimpMypaintOptions*options,gchar*prop_name,guint inputs,guint size,GimpVector2*points	TEXT_MATCH_AFTER_NORMALIZATION	Check return type and actual caller contract during port	DONE
gimp_mypaint_options_get_mapping_point	app/paint/gimpmypaintoptions.cpp:571	app/paint/gimpmypaintoptions.h:89	GimpMypaintOptions*options,gchar*prop_name,guint inputs,guint*size,GimpVector2**points	GimpMypaintOptions*options,gchar*name,guint inputs,guint*size,GimpVector2**points	PARAMETER_NAME_ONLY	Retain parameter types; choose one name for the port	DONE
gimp_mypaint_options_is_ready	app/paint/gimpmypaintoptions.cpp:606	app/paint/gimpmypaintoptions.h:96	GimpMypaintOptions*options	GimpMypaintOptions*options	TEXT_MATCH_AFTER_NORMALIZATION	Check return type and actual caller contract during port	DONE
gimp_json_resource_get_type	app/presets/gimpjsonresource.cpp:215	app/presets/gimpjsonresource.h:54			TEXT_MATCH_AFTER_NORMALIZATION	Check return type and actual caller contract during port	DONE
gimp_json_resource_new	app/presets/gimpjsonresource.cpp:219	app/presets/gimpjsonresource.h:55	GimpContext*context,const gchar*name	GimpContext*context,const gchar*name	TEXT_MATCH_AFTER_NORMALIZATION	Check return type and actual caller contract during port	DONE
gimp_bucket_fill_brush_tool_register	app/tools/gimpbucketfillbrushtool.cpp:490	app/tools/gimpbucketfillbrushtool.h:50	GimpToolRegisterCallback callback,gpointer data	GimpToolRegisterCallback callback,gpointer data	TEXT_MATCH_AFTER_NORMALIZATION	Check return type and actual caller contract during port	DONE
gimp_image_generator_tool_register	app/tools/gimpimagegeneratortool.cpp:437	app/tools/gimpimagegeneratortool.h:48	GimpToolRegisterCallback callback,gpointer data	GimpToolRegisterCallback callback,gpointer data	TEXT_MATCH_AFTER_NORMALIZATION	Check return type and actual caller contract during port	DONE
gimp_image_generator_tool_get_type	app/tools/gimpimagegeneratortool.cpp:472	app/tools/gimpimagegeneratortool.h:51			TEXT_MATCH_AFTER_NORMALIZATION	Check return type and actual caller contract during port	DONE
gimp_mypaint_brush_button_with_popup	app/tools/gimpmypaintbrushoptions-gui.cpp:325	app/tools/gimpmypaintbrushoptions-gui.h:21	GObject*config	GObject*config	TEXT_MATCH_AFTER_NORMALIZATION	Check return type and actual caller contract during port	DONE
gimp_mypaint_options_gui	app/tools/gimpmypaintoptions-gui.cpp:543	app/tools/gimpmypaintoptions-gui.h:22	GimpToolOptions*tool_options	GimpToolOptions*tool_options	TEXT_MATCH_AFTER_NORMALIZATION	Check return type and actual caller contract during port	DONE
gimp_mypaint_options_gui_horizontal	app/tools/gimpmypaintoptions-gui.cpp:573	app/tools/gimpmypaintoptions-gui.h:23	GimpToolOptions*tool_options	GimpToolOptions*tool_options	TEXT_MATCH_AFTER_NORMALIZATION	Check return type and actual caller contract during port	DONE
gimp_mypaint_tool_enable_color_picker	app/tools/gimpmypainttool.cpp:222	app/tools/gimpmypainttool.h:69	GimpMypaintTool*tool,GimpColorPickMode mode	GimpMypaintTool*tool,GimpColorPickMode mode	TEXT_MATCH_AFTER_NORMALIZATION	Check return type and actual caller contract during port	DONE
gimp_mypaint_tool_register	app/tools/gimpmypainttool.cpp:813	app/tools/gimpmypainttool.h:72	GimpToolRegisterCallback callback,gpointer data	GimpToolRegisterCallback callback,gpointer data	TEXT_MATCH_AFTER_NORMALIZATION	Check return type and actual caller contract during port	DONE
gimp_perspective_guide_tool_register	app/tools/gimpperspectiveguidetool.cpp:627	app/tools/gimpperspectiveguidetool.h:50	GimpToolRegisterCallback callback,gpointer data	GimpToolRegisterCallback callback,gpointer data	TEXT_MATCH_AFTER_NORMALIZATION	Check return type and actual caller contract during port	DONE
gimp_perspective_guide_tool_get_type	app/tools/gimpperspectiveguidetool.cpp:662	app/tools/gimpperspectiveguidetool.h:53			TEXT_MATCH_AFTER_NORMALIZATION	Check return type and actual caller contract during port	DONE
gimp_cell_renderer_popup_get_type	app/widgets/gimpcellrendererpopup.cpp:341	app/widgets/gimpcellrendererpopup.h:48			TEXT_MATCH_AFTER_NORMALIZATION	Check return type and actual caller contract during port	DONE
gimp_cell_renderer_popup_new	app/widgets/gimpcellrendererpopup.cpp:342	app/widgets/gimpcellrendererpopup.h:50			TEXT_MATCH_AFTER_NORMALIZATION	Check return type and actual caller contract during port	DONE
gimp_cell_renderer_popup_clicked	app/widgets/gimpcellrendererpopup.cpp:344	app/widgets/gimpcellrendererpopup.h:51	GimpCellRendererPopup*popup,GObject*widget,const gchar*path,GdkRectangle*cell_area	GimpCellRendererPopup*popup,GObject*widget,const gchar*path,GdkRectangle*cell_area	TEXT_MATCH_AFTER_NORMALIZATION	Check return type and actual caller contract during port	DONE
gimp_editor_add_dropdown	app/widgets/gimpeditor-cxx.cpp:89	app/widgets/gimpeditor-cxx.h:16	GimpEditor*editor,const gchar*stock_id,const gchar*tooltip,const gchar*help_id,const gchar*list_id,GCallback callback,GCallback extended_callback,gpointer callback_data	GimpEditor*editor,const gchar*stock_id,const gchar*tooltip,const gchar*help_id,const gchar*list_id,GCallback callback,GCallback extended_callback,gpointer callback_data	TEXT_MATCH_AFTER_NORMALIZATION	Check return type and actual caller contract during port	DONE
gimp_editor_add_action_dropdown	app/widgets/gimpeditor-cxx.cpp:182	app/widgets/gimpeditor-cxx.h:26	GimpEditor*editor,const gchar*list_id,const gchar*group_name,const gchar*action_name,...	GimpEditor*editor,const gchar*list_id,const gchar*group_name,const gchar*action_name,...	TEXT_MATCH_AFTER_NORMALIZATION	Check return type and actual caller contract during port	DONE
gimp_layer_tile_view_get_type	app/widgets/gimplayertileview.cpp:1594	app/widgets/gimplayertileview.h:48			TEXT_MATCH_AFTER_NORMALIZATION	Check return type and actual caller contract during port	DONE
gimp_layer_tile_view_new	app/widgets/gimplayertileview.cpp:1595	app/widgets/gimplayertileview.h:50			TEXT_MATCH_AFTER_NORMALIZATION	Check return type and actual caller contract during port	DONE
gimp_mypaint_brush_editor_new	app/widgets/gimpmypaintbrusheditor.cpp:284	app/widgets/gimpmypaintbrusheditor.h:54	GimpContext*context,GimpMenuFactory*menu_factory	GimpContext*context,GimpMenuFactory*menu_factory	TEXT_MATCH_AFTER_NORMALIZATION	Check return type and actual caller contract during port	DONE
gimp_tool_tile_view_get_type	app/widgets/gimptooltileview.cpp:600	app/widgets/gimptooltileview.h:48			TEXT_MATCH_AFTER_NORMALIZATION	Check return type and actual caller contract during port	DONE
gimp_tool_tile_view_new	app/widgets/gimptooltileview.cpp:601	app/widgets/gimptooltileview.h:50			TEXT_MATCH_AFTER_NORMALIZATION	Check return type and actual caller contract during port	DONE
gimp_popover_new	app/widgets/popupper.cpp:420	app/widgets/popupper.h:34	GtkWidget*view	GtkWidget*view	TEXT_MATCH_AFTER_NORMALIZATION	Check return type and actual caller contract during port	DONE
