legacy_site	changed_hunk	operation	syntax_role	source_line	ownership_followup	status
app/core/gimp.c:360	01.002/000158	g_object_unref	RELEASE	g_object_unref (gimp->tool_item_list);	Check owning source and aliases after release	DONE
app/core/gimpcontext.c:996	01.002/000196	g_object_unref	RELEASE	g_object_unref (context->mypaint_brush);	Check owning source and aliases after release	DONE
app/core/gimpcontext.c:1014	01.002/000198	g_object_unref	RELEASE	g_object_unref (context->template_);	Check owning source and aliases after release	DONE
app/core/gimpcontext.c:1256	01.002/000201	g_value_set_object	VALUE_OBJECT_REF	g_value_set_object (value, gimp_context_get_mypaint_brush (context));	Check GValue unset and object reference transfer	DONE
app/core/gimpcontext.c:3470	01.002/000207	g_object_unref	RELEASE	g_object_unref (mypaint_brush);	Check owning source and aliases after release	DONE
app/core/gimpcontext.c:3497	01.002/000207	g_object_unref	RELEASE	g_object_unref (context->mypaint_brush);	Check owning source and aliases after release	DONE
app/core/gimpcontext.c:3504	01.002/000207	g_object_ref	RETAIN	g_object_ref (mypaint_brush);	Pair acquired reference with later unref	DONE
app/core/gimpcontext.c:3867	01.002/000215	g_object_unref	RELEASE	g_object_unref (context->template_);	Check owning source and aliases after release	DONE
app/core/gimpdynamics.c:281	01.002/000249	g_object_unref	RELEASE	g_object_unref (private->blending_output);	Check owning source and aliases after release	DONE
app/core/gimpdynamics.c:434	01.002/000251	g_value_set_object	VALUE_OBJECT_REF	g_value_set_object (value, private->blending_output);	Check GValue unset and object reference transfer	DONE
app/core/gimpimage-perspective-guide.c:54	01.002/000333	g_object_unref	RELEASE	g_object_unref (private->perspective_guides);	Check owning source and aliases after release	DONE
app/core/gimpimage-undo.c:407	01.002/000341	g_object_unref	RELEASE	g_object_unref(undo);	Check owning source and aliases after release	DONE
app/core/gimpimage.c:1023	01.002/000345	g_object_unref	RELEASE	g_object_unref (private->perspective_guides);	Check owning source and aliases after release	DONE
app/core/gimptoolgroup.c:193	01.002/000393	g_value_set_object	VALUE_OBJECT_REF	g_value_set_object (value, tool_group->priv->children);	Check GValue unset and object reference transfer	DONE
app/display/gimpimagewindow.c:543	01.002/000754	g_object_ref	RETAIN	g_object_ref (private->right_docks);	Pair acquired reference with later unref	DONE
app/display/gimpimagewindow.c:1405	01.002/000767	g_object_ref	RETAIN	g_object_ref (private->right_docks);	Pair acquired reference with later unref	DONE
app/display/gimpimagewindow.c:2090	01.002/000784	g_object_ref	RETAIN	g_object_ref (private->right_docks);	Pair acquired reference with later unref	DONE
app/display/gimpimagewindow.c:2109	01.002/000787	g_object_unref	RELEASE	g_object_unref (private->right_docks);	Check owning source and aliases after release	DONE
app/display/gimpimagewindow.c:2556	01.002/000805	g_object_ref	RETAIN	g_object_ref(G_OBJECT(widget2));	Pair acquired reference with later unref	DONE
app/display/gimpimagewindow.c:2560	01.002/000805	g_object_ref	RETAIN	g_object_ref(G_OBJECT(widget1));	Pair acquired reference with later unref	DONE
app/display/gimpimagewindow.c:2569	01.002/000805	g_object_unref	RELEASE	g_object_unref(G_OBJECT(widget1));	Check owning source and aliases after release	DONE
app/display/gimpimagewindow.c:2570	01.002/000805	g_object_unref	RELEASE	g_object_unref(G_OBJECT(widget2));	Check owning source and aliases after release	DONE
app/display/gimpimagewindow.c:2583	01.002/000805	g_object_ref	RETAIN	g_object_ref(G_OBJECT(widget1));	Pair acquired reference with later unref	DONE
app/display/gimpimagewindow.c:2587	01.002/000805	g_object_ref	RETAIN	g_object_ref(G_OBJECT(widget2));	Pair acquired reference with later unref	DONE
app/display/gimpimagewindow.c:2596	01.002/000805	g_object_unref	RELEASE	g_object_unref(G_OBJECT(widget1));	Check owning source and aliases after release	DONE
app/display/gimpimagewindow.c:2597	01.002/000805	g_object_unref	RELEASE	g_object_unref(G_OBJECT(widget2));	Check owning source and aliases after release	DONE
app/gui/gimpuiconfigurer.c:439	01.002/000828	g_object_ref	RETAIN	g_object_ref (shell);	Pair acquired reference with later unref	DONE
app/gui/gimpuiconfigurer.c:443	01.002/000828	g_object_unref	RELEASE	g_object_unref (shell);	Check owning source and aliases after release	DONE
app/gui/gimpuiconfigurer.c:455	01.002/000828	g_object_ref	RETAIN	g_object_ref (shell);	Pair acquired reference with later unref	DONE
app/paint/gimp-paint.c:114	01.002/000890	g_object_unref	RELEASE	g_object_unref (paint_info);	Check owning source and aliases after release	DONE
app/paint/gimpbrushcore.c:338	01.002/000906	g_object_unref	RELEASE	g_object_unref (core->texture);	Check owning source and aliases after release	DONE
app/paint/gimpbrushcore.c:982	01.002/000913	g_object_unref	RELEASE	g_object_unref (core->texture);	Check owning source and aliases after release	DONE
app/paint/gimpbrushcore.c:987	01.002/000913	g_object_ref	RETAIN	g_object_ref (core->texture);	Pair acquired reference with later unref	DONE
app/pdb/mypaint-brush-select-cmds.c:163	01.002/001044	g_object_unref	RELEASE	g_object_unref (procedure);	Check owning source and aliases after release	DONE
app/pdb/mypaint-brush-select-cmds.c:187	01.002/001044	g_object_unref	RELEASE	g_object_unref (procedure);	Check owning source and aliases after release	DONE
app/pdb/mypaint-brush-select-cmds.c:218	01.002/001044	g_object_unref	RELEASE	g_object_unref (procedure);	Check owning source and aliases after release	DONE
app/plug-in/gimpplugin-message.c:852	01.002/001048	g_object_unref	RELEASE	g_object_unref (proc);	Check owning source and aliases after release	DONE
app/plug-in/gimpplugin-message.c:903	01.002/001050	g_object_unref	RELEASE	g_object_unref (proc);	Check owning source and aliases after release	DONE
app/tools/gimp-tools.c:405	01.002/001116	g_object_ref_sink	SINK_OR_RETAIN	g_object_ref_sink (toolbar_gui),	Check floating state and later unref or transfer	DONE
app/tools/gimp-tools.c:632	01.002/001121	g_object_unref	RELEASE	g_object_unref (src_container);	Check owning source and aliases after release	DONE
app/tools/gimp-tools.c:704	01.002/001121	g_object_unref	RELEASE	g_object_unref (tool_info);	Check owning source and aliases after release	DONE
app/tools/gimpbrushoptions-gui.c:105	01.002/001166	g_object_ref	RETAIN	g_object_ref (G_OBJECT (p->container));	Pair acquired reference with later unref	DONE
app/tools/gimpbrushoptions-gui.c:112	01.002/001166	g_object_ref	RETAIN	g_object_ref (G_OBJECT (p->context));	Pair acquired reference with later unref	DONE
app/tools/gimpbrushoptions-gui.c:133	01.002/001166	g_object_unref	RELEASE	g_object_unref (G_OBJECT (p->container));	Check owning source and aliases after release	DONE
app/tools/gimpbrushoptions-gui.c:139	01.002/001166	g_object_unref	RELEASE	g_object_unref (G_OBJECT (p->context));	Check owning source and aliases after release	DONE
app/tools/gimpbrushoptions-gui.c:448	01.002/001166	g_object_unref	RELEASE	g_object_unref (G_OBJECT (p->container));	Check owning source and aliases after release	DONE
app/tools/gimpbrushoptions-gui.c:459	01.002/001166	g_object_unref	RELEASE	g_object_unref (G_OBJECT (p->context));	Check owning source and aliases after release	DONE
app/tools/gimpdynamicsoptions-gui.c:76	01.002/001242	g_object_ref	RETAIN	g_object_ref (G_OBJECT (p->working_dynamics));	Pair acquired reference with later unref	DONE
app/tools/gimpdynamicsoptions-gui.c:85	01.002/001242	g_object_unref	RELEASE	g_object_unref (G_OBJECT (p->working_dynamics));	Check owning source and aliases after release	DONE
app/tools/gimptooloptions-gui.c:159	01.002/001488	g_object_unref	RELEASE	g_object_unref (state->config);	Check owning source and aliases after release	DONE
app/tools/gimptooloptions-gui.c:189	01.002/001488	g_object_ref	RETAIN	g_object_ref (config);	Pair acquired reference with later unref	DONE
app/tools/gimptooloptions-gui.c:315	01.002/001488	g_object_ref	RETAIN	g_object_ref (config);	Pair acquired reference with later unref	DONE
app/widgets/gimpcontainertreeview-dnd.c:723	01.002/001534	g_object_ref	RETAIN	g_object_ref (src_viewable);	Pair acquired reference with later unref	DONE
app/widgets/gimpcontainertreeview-dnd.c:729	01.002/001535	g_object_unref	RELEASE	g_object_unref (src_viewable);	Check owning source and aliases after release	DONE
app/widgets/gimptooleditor.c:397	01.002/001740	g_object_unref	RELEASE	g_object_unref (group);	Check owning source and aliases after release	DONE
app/widgets/gimptooleditor.c:537	01.002/001770	g_object_ref	RETAIN	g_object_ref (tool_item);	Pair acquired reference with later unref	DONE
app/widgets/gimptooleditor.c:548	01.002/001773	g_object_ref	RETAIN	g_object_ref (object);	Pair acquired reference with later unref	DONE
app/widgets/gimptooleditor.c:553	01.002/001774	g_object_unref	RELEASE	g_object_unref (object);	Check owning source and aliases after release	DONE
app/widgets/gimptooleditor.c:564	01.002/001775	g_object_unref	RELEASE	g_object_unref (tool_item);	Check owning source and aliases after release	DONE
app/widgets/gimptooleditor.c:632	01.002/001786	g_object_unref	RELEASE	g_object_unref (renderer);	Check owning source and aliases after release	DONE
app/widgets/gimptooleditor.c:665	01.002/001791	g_object_unref	RELEASE	g_object_unref (renderer);	Check owning source and aliases after release	DONE
app/widgets/gimptooloptionstoolbar.c:217	01.002/001799	g_value_set_object	VALUE_OBJECT_REF	g_value_set_object (value, toolbar->p->gimp);	Check GValue unset and object reference transfer	DONE
app/widgets/gimptooloptionstoolbar.c:286	01.002/001799	g_object_ref	RETAIN	g_object_ref(G_OBJECT(options_gui));	Pair acquired reference with later unref	DONE
app/widgets/gimptooloptionstoolbar.c:294	01.002/001799	g_object_unref	RELEASE	g_object_unref(G_OBJECT(options_gui));	Check owning source and aliases after release	DONE
app/widgets/gimptooloptionstoolbar.c:332	01.002/001799	g_object_ref	RETAIN	g_object_ref (list->data);	Pair acquired reference with later unref	DONE
app/xcf/xcf-load.c:1028	01.002/001832	g_object_ref_sink	SINK_OR_RETAIN	g_object_ref_sink (*layer);	Check floating state and later unref or transfer	DONE
app/xcf/xcf-load.c:1029	01.002/001832	g_object_unref	RELEASE	g_object_unref (*layer);	Check owning source and aliases after release	DONE
app/xcf/xcf-load.c:1089	01.002/001832	g_object_ref_sink	SINK_OR_RETAIN	g_object_ref_sink (*layer);	Check floating state and later unref or transfer	DONE
app/xcf/xcf-load.c:1090	01.002/001832	g_object_unref	RELEASE	g_object_unref (*layer);	Check owning source and aliases after release	DONE
app/xcf/xcf-load.c:1327	01.002/001833	g_value_init	VALUE_INIT	g_value_init(value, G_TYPE_INT);	Pair initialized value with exactly one unset	DONE
app/xcf/xcf-load.c:1338	01.002/001833	g_value_init	VALUE_INIT	g_value_init(value, G_TYPE_UINT);	Pair initialized value with exactly one unset	DONE
app/xcf/xcf-load.c:1349	01.002/001833	g_value_init	VALUE_INIT	g_value_init(value, G_TYPE_UCHAR);	Pair initialized value with exactly one unset	DONE
app/xcf/xcf-load.c:1360	01.002/001833	g_value_init	VALUE_INIT	g_value_init(value, G_TYPE_DOUBLE);	Pair initialized value with exactly one unset	DONE
app/xcf/xcf-load.c:1388	01.002/001833	g_value_init	VALUE_INIT	g_value_init(value, G_TYPE_STRING);	Pair initialized value with exactly one unset	DONE
