path	change	base_git_blob	source_git_blob
app/Makefile.am	M	f3f5ba5a7b7de0989d14632947f30778ef0cf6bd	01ecb1d4604460e385b36c7fdacf515a8ce95292
app/actions/Makefile.am	M	afffe7a3dfc5af97fe8adf6900f7eb9bbc22481b	17f1de23b884d5d33d07ece936abfa2b0bdab7c7
app/actions/actions.c	M	6ee860fde55d0448b2585335e407d533f22aae3a	25afec073efc6d253cc3630cb9d2f241e6f6d25e
app/actions/context-commands.c	M	98de785480589f0ea9c0cb0e18edcb208928786a	2072ff2aed56839143b450ed7eb65e87836348a1
app/actions/dialogs-actions.c	M	ec994c078dc5039d7ce3def3e6d6dabe36eb387f	ae0feb3916c88180b64e073780c7c248a5ade334
app/actions/layers-actions.c	M	0a68fdcc03f2cd6435d14ca34ce0714645c9790e	f929c2a57e825f5da6c6eb3cd13e59816495bda0
app/actions/layers-commands.c	M	0e72a69089ac0f1c1ff96b25a6ec9b619bdd0b50	34069197a9946d9650b7c95d6453110aef33a3e2
app/actions/layers-commands.h	M	6505684b20f0ca3fd05847041e787c107215546d	d956444c94166d49d27dc25727201af644e2f329
app/actions/mypaint-brush-editor-actions.c	A		4276ff6a8a51f31fbd3a66e4081dacbbc8c22ce3
app/actions/mypaint-brush-editor-actions.h	A		1935982c0902842f0ea8797977506bcfa7765f22
app/actions/mypaint-brushes-actions.c	A		4aed0fbb9e636299f7210ac29136c9ef7977f7f6
app/actions/mypaint-brushes-actions.h	A		8261c768d8f385c9f62e3331fec39d21623e87b5
app/actions/tool-options-actions.c	M	03806208a6411771de59f96e05955c324464f0f0	9e301bae5d5843c20b03add091bbcb13c43fa366
app/actions/view-commands.c	M	bc8791f8512557c21273fb6ada94f30d3c069726	99ac9357be92fb589a4549e71763ff93cbc9c56f
app/app.c	M	dbbc1b3b07b28242f7d160c654645ecfaaaf01d8	bcc930281c4c2d5238ad3418549745a223d6fd80
app/base/Makefile.am	M	164aee1c37820319749863484a24a1f36d15ec6f	03b82578f3d4eaa0b37fb03d2bdda9ec0a1bf9df
app/base/base-enums.c	M	418e2034473d12c820791b124a29d629866757a7	9711e3d18655d63b5222da6ea67e1cf72260e72a
app/base/base-enums.h	M	cfd5ce8891420635d643e0fc5daa29badb2586a8	cfbc50bbd5046de793d2297cfde3e96c7019d022
app/base/delegators.hpp	A		f615f41b4fdebbebc865e17888eadc38a0c45e58
app/base/glib-cxx-bridge.hpp	A		5a56ab19e30499a86fa93d81419f907812652c4d
app/base/glib-cxx-def-utils.hpp	A		b8db98b39de4e436b74b348a4a4fe2e0a4af1dbc
app/base/glib-cxx-impl.hpp	A		a2ad35e37a3e7a481698c1f8b78b71adb385f7d3
app/base/glib-cxx-types.hpp	A		19a9d47773fa06a1c654283a6d2e033a67b2428a
app/base/glib-cxx-utils.hpp	A		a1a77acd0ebcba4ad5f400bfe362628259788922
app/base/json-cxx-utils.hpp	A		f1009af963457715908a4486a4cc4af171403f5c
app/base/pixel-processor.c	M	b816ce53acd95599e4699b1c31048025b2a0bc54	7f0049bd0285366eeb128c9e085f1ed222d27452
app/base/pixel-region.c	M	de22f28112736d9e88d2af76eb95f0a27a3c36ad	ecbf50c77b0e8366948dbabe83053f73b1ba5198
app/base/pixel-region.h	M	89b849116e3091d64e0bee7c03d4f6b042b13c64	3e3be550908d09c312f82f693018599fc586497f
app/base/pixel.hpp	A		0b2920644eb36b391f0c03f021c0dd0a19348529
app/base/route.hpp	A		dd7bd151ba3cc341bb141d65009f58420308d95c
app/base/scopeguard.hpp	A		9ddfb5976f4f0ccd3fef93cb3bc4fcd620f70649
app/base/selectcase-utils.hpp	A		35ef728e6cba705cd168247a27660d1f0656d7da
app/base/soup-cxx-utils.hpp	A		c7218276e34818ee05c04e738d95f9e5f83503e6
app/base/temp-buf.c	M	125ab7f957f33d1b42028f31628319eda7b4b45c	efa555b2a43b1609e9c73441ad4c2e5b94b34936
app/base/temp-buf.h	M	fd31fe598fcb62e139585f60c9521e954bb54bac	6094354a057238e104ed0baa734e41d3346ff91d
app/base/tile-cache.c	M	b28aed7ba25bd91e9f27514e162e7460907dbf46	5d721378f5b9eda89577ffc1c852cfba6f094fa6
app/base/tile-manager.c	M	58373094a713ed8eb5d71e52bb5bcd8f5fef1256	7c6e2f7f5b9314eac8e2c24376efacd6f8026086
app/base/tile.c	M	95353578f598dcc0efc33a4232f4ba869b597cc0	f56c6ec51117d42c6e097865c16bf06b04412751
app/composite/gimp-composite-generic-installer.c	M	deb449d174d4f7b8ce54c73e70f2f456cf53ee50	53570028f1c0e48bd64fb877163a60a5ef4fd9da
app/composite/gimp-composite-generic.c	M	007108429b8eaaa263097512b280ab113328842b	5a401392917885b55ebfb4584691ccb3b6ebbde1
app/composite/gimp-composite-generic.h	M	759235a1e9e153498342be26b57db73f28fb1d57	1b3c3946f91cbf0712d84d7709cc2d0a59c3b2b9
app/composite/gimp-composite.c	M	92e65fe00f60009c5db7991689695d48a7040373	393b8bbbb6d3713f7a1e105f81ac0256ed8792e4
app/composite/gimp-composite.h	M	f3329b249a558a024576eaebfb605f1070ffff36	3fda1f06c664f7377dffd5df2703b237235dc3d2
app/config/gimpbaseconfig.h	M	93d69fbe284697eedae05c2286a0081b0aef02a6	b0bf04f5bfce6adcb6cbc285f6d223db361dff14
app/config/gimpcoreconfig.c	M	dd40d58ac7421ab924aa55a75e666c4f66c42a2a	3eb6161231610375b1cdf3994da140a41b988137
app/config/gimpcoreconfig.h	M	1b03c8f08424abc22d5500fe796eb45851c59ef3	103391ff6225f482870a51e43fb8d90e36d460d6
app/config/gimpguiconfig.c	M	58ad18bb26573367ac6adf56b8aeb1a856c381e1	913820e1b4be35880d98ba044ae50222f2bc385b
app/config/gimprc-blurbs.h	M	2af5a29b66c76bc23ade7a4cee1b52a3450b6378	c970ed86e38c6e3b1572b0bcf3e619d4fb52de5b
app/core/Makefile.am	M	5afd401692432d7400a8003faf8ef475b346d200	3bcd9d2c0e3699fc4bb833093d572e6bfa6ee5ef
app/core/core-enums.c	M	bba0a9542d90a21f018be4d0d0a67977e7736e79	2eb37bee80b04f4e13deb073f7907bac30c62695
app/core/core-enums.h	M	ce62aa575371c75d4b3e320f643af87b1da529ec	9885d51c99c8215b2adfbb7e64d4b6a61965a69b
app/core/core-types.h	M	cb8e141287c9d0ae9e8e7b94b0316908e9ea963b	f5864341d797759bae2e054882e827d1be9cbabe
app/core/gimp-user-install.c	M	570351195d6e44a0cb004b688d8baf4a7d94f0d3	788cb791bce7c2a18d712a90e19288958e4cc20f
app/core/gimp.c	M	3caa3163ce372b49700ce13407636580ad0df8d1	d2b33e87941d3cd8fed9ba010a78180b9a89e736
app/core/gimp.h	M	6bf7c06108ec53dd289485050329f724d638b006	66119d6aed8e0ecbf28459a5b83f1821c219c567
app/core/gimpbrush.h	M	ef518a691e97dc01d33fd8847a948cfd4ba61989	f67bed808c8907116e55545a2715712e58485910
app/core/gimpchannel.h	M	5b1dd7742c3e1ac6ecb9e40529fc13e0d56bcf5b	fbe602efae90f803d78cfc30d547bcd250daf892
app/core/gimpclonelayer.cpp	A		548c8ecca63e57ba77913abdf8f71e979aff386b
app/core/gimpclonelayer.h	A		58d9353c34c937ca42a6fe6d211f6adb614a0e76
app/core/gimpclonelayerundo.cpp	A		b3ad8a75f6a65884e4b3f4472cd517c58e104500
app/core/gimpclonelayerundo.h	A		1195989e9a1d942d61e888c8d2611ed344565890
app/core/gimpcontainer.c	M	69928d6952932025420e235990f76b350548bee4	6ded139f5df39b9d055e2486e90f8969dfec8d30
app/core/gimpcontainer.h	M	99e86bf57522d5f9ef221ac02d468104ebbf0972	51a19af8ab7d9c5dff262bb9fba4365034b327c8
app/core/gimpcontext.c	M	603492e9e37575b6e154d5364c043d99d4df4569	bb576d36dd8aebd60baa351353e36cddf3195e14
app/core/gimpcontext.h	M	bcdabc38a3b1b351daba94f1bd80e29c8c10116d	278a55c9f7e6be5e9348f9785045e09b4008f2c9
app/core/gimpcurve.c	M	8c031f8939b68777a0617193cadb52ed6dcbcf04	245469752f7412105b3900807fdf73dffdfa5a5f
app/core/gimpdata.h	M	e8c87cd31f94eb546316adc3d9ef62a17590fde1	14604b2fc213c56a8043adf7e3686dc5b3e2b739
app/core/gimpdatafactory.c	M	07eeef31b60efb715b40f11b4d85a319a20c04dd	9a857f9766289debe3318a1fc1c0d2f891b3765f
app/core/gimpdatafactory.h	M	6ca395f429961421a69ab20af300c24a058a47b0	54d48fee9adb4bff3b0f8c5acafa7968e4022af0
app/core/gimpdrawable-bucket-fill.c	M	4995c4635eace1b68b4c20d4faf6a59c7bba98e2	4fcadfcf5e07c451c09efdc916855beea8524f8e
app/core/gimpdrawable.c	M	97fc7a4e5f47ebe4b57b2293c1544c061dcc1f96	fd3fec9019107084275f32ad98fae868b3da91f8
app/core/gimpdrawable.h	M	3bb5d14800d811b0a6120507b2bc86f5c86829ee	c5b2eee67172838f9ef98ca12524ddbfa107c674
app/core/gimpdrawablestack.c	M	0d12a1fbcae2ec4c5d45daeefd4f741c49d1d220	663b4a8464cd71ff132b846425ed0ef4cb833cbc
app/core/gimpdrawablestack.h	M	805f27cdd33611a04ad3966bc90031652bd24f16	90b5c52711e03375128bce078ed3ea8f99ffe3e9
app/core/gimpdrawableundo.c	M	231f42de3f0014606b4abf1c4b41398e374217b0	ec36742597b213ed1da9d577a60274ce52d30909
app/core/gimpdynamics.c	M	138641f88b8c798eb70ee90c9a21bd790b48c896	6b87ff4f439e52691bea7fa58960a4195346ad46
app/core/gimpdynamics.h	M	a6d2f6dc83c2171114a529d1715a5a7b07f13ae9	22fe1dc3495737de4bfb5ab5f9922bb3f694de42
app/core/gimpdynamicsoutput.h	M	c5d4764d5eeb0a146b272e57fd6f90c0a3dd8b99	407fc79175a4efead54f38e44a0265cab3b7dc87
app/core/gimpfilterlayer.cpp	A		9141c8c7ea6009be3bb7be3141cd62d8930ed976
app/core/gimpfilterlayer.h	A		b4948258d35e802d9c5c51578a9b17c08e50d2a0
app/core/gimpgrouplayer.c	M	bd48525d32a9e30f000faa1d3bca237fb351c329	7f889bb059798d14dfb698eb5138e1c2aa9a41db
app/core/gimpgrouplayer.h	M	db0169f6136a3ef2e4934daa86fe00b0cea14805	906b4d120ecd3bca75eb1b2b4a757fcdc34a9352
app/core/gimpimage-contiguous-region.c	M	539376ffce7a11cd54a3a6272de2879aa9e49165	b4b8a2ffc03313981dab2f51b85ab1a4cd22a969
app/core/gimpimage-contiguous-region.h	M	2f2f57068332b732f52139cc096f5ce822b7c48c	fe093d0e953bdad5be1f74ebee92e39d24ef7eed
app/core/gimpimage-crop.c	M	db47b736ba591a84e3adaa9a7baffe77b338b749	8e4e172f350d9d981fe9099b3cb4a9a79bf7190a
app/core/gimpimage-new.h	M	d07e780b97e886afac58205c64f5b3834c48f7d4	bf0adcfd47e0ecdcf4c1e89421d6b4f4c92fbf88
app/core/gimpimage-perspective-guide.c	A		12e7e1705482314b381858cd16f6f4ec42e42545
app/core/gimpimage-perspective-guide.h	A		20ebacb27dbf00b9b3a822e2367f9433433a9199
app/core/gimpimage-private.h	M	ae9db161fe32b57fa20abc6110ed4620882b4b64	e86752331c8c03c516b3289309412217d7b0dc29
app/core/gimpimage-snap.c	M	969bdf8a044731df4ab00d2112438ae7575a9d31	c640f70aceaba5b9d4914ef0a3d701110c679085
app/core/gimpimage-snap.h	M	aa96600a556583115543fd81836f4011422692d3	68660a3d7eb54a6dbf213dc79518dbf3e4cb6cb6
app/core/gimpimage-undo.c	M	dcf365f208a302e7a27617bab8751b098b844675	db9dbeaf21b107e54c47bb6ce4a38e88cf51ff81
app/core/gimpimage.c	M	f67f3aa0d69ad6cfcfd13d6c0d010a916c021ddd	886102871dbc7a24e53b921b56a9988a04ab4c52
app/core/gimpimage.h	M	8216ebb7154df28392069af763b40ebb5afdf994	53e77d2b7654901e03bb774aee5c4c5d00bbda7d
app/core/gimpitem.c	M	374e02f66a3579403492dd345d04f3212ee01625	1b2af588f403e0d865e49fc40d9773d8f4bb7019
app/core/gimpitem.h	M	23f2e961b57c93b3d55b54a7e50b4a538619b4f9	d500addc99f699091a8604410d8f7a7b77ed1853
app/core/gimpitemundo.h	M	2c137b494fcc2cefc097062d5c51ac4ab6b0c04f	e0342152a22d25f0a1c46838726e649c297b0b58
app/core/gimplayer.c	M	1115e3f6a5725b6ed096957b5e75d6e997782f89	e724b91ae6d2a4e7a00d800b994a3632d60ec4dd
app/core/gimplayer.h	M	94307fc4cea635eb9754ef0867ba92e3832577b4	c3c5d86d709a4932464490c3efd3d3f3b4b7b91f
app/core/gimplist.c	M	df83de5765357e3da011e813185fcd23599fcc71	cad88bf5b8df823eba89d9091de3627ef06ac4d8
app/core/gimpmarshal.list	M	e2453d279ebdf365988ffb8ad1c3f69afc8ca313	5c5f437af32fb58545f29a198743ab1dfd48aecc
app/core/gimpmypaintbrush-load.cpp	A		c547ef131291770353ee9cb4159ff5664709ad67
app/core/gimpmypaintbrush-load.h	A		8ac9b3f60c8f9d7dbc5444e703b9b2e4eb2c2e96
app/core/gimpmypaintbrush-private.hpp	A		c987583ae0542418b1e6bc6bd732289791eeff89
app/core/gimpmypaintbrush-save.cpp	A		37b5af576bf64d596835a6eaf97958b28cb51fa3
app/core/gimpmypaintbrush-save.h	A		192fc92a836e7d9e18115a47c45facc3a893a51f
app/core/gimpmypaintbrush.cpp	A		c4e9eaaf991c8855e2a6155bd3a74915bdff657d
app/core/gimpmypaintbrush.h	A		d005e559a20b8ad8deef3bce1d641c9fa4b5f7bf
app/core/gimpobject.h	M	40960a62eee46b8cb3ef076e7116d04ec3bd07f1	e06a3a812c4aef704f7c2a93b8db99904039f476
app/core/gimpparamspecs-duplicate.c	M	c0b7426001d77ee6f8c0f8508e8a0b98f2ada287	68743b62cdc6710427d99cea0591a5fb0174634d
app/core/gimpparamspecs.c	M	ee9f48abe3061e0760842c550871aeaa25cbda92	5250c380ddef2c82ce346fba008020bac99051e8
app/core/gimpparamspecs.h	M	5fc931ee95c7e6d33e13b89de39a7c2760e18bc7	2f4c0f5e0d0071e6d9ecd35153ca95aa3aa1b905
app/core/gimpperspectiveguide.cpp	A		3f43d175c733975c2afe58c828af93a3f491f5ab
app/core/gimpperspectiveguide.h	A		98a1dfbe8d604cd0ed4d582f254eec9bdd54d44c
app/core/gimppickable.h	M	29014efe3d494c1945d70bc6ab58f6933851e2df	71f4712188d35cb5a8ad1f46d03038b80f786a4e
app/core/gimpprogress.h	M	ede45a9a0877bbac5b6a8232e47857ab65765eb4	9133f9691ce1e6f092843454b8dab40d611c82db
app/core/gimpprojectable.h	M	5c3ec70d1e0f8dc191547743119d07eea1f82e5a	9e62887eff8e47e3fa082c513bde8629cba9aeb5
app/core/gimpprojection.c	M	54c7623a1f9c4f32c89e1c28a0010b12056b37f7	2c6d0dfc68820f3b13fa168e980d8112d450f45f
app/core/gimpprojection.h	M	ca697b55d7438fc8f4ae749de033f8162e52c849	1f346eddd7b2173e2cdd280d5e70b0171f776d35
app/core/gimptemplate.h	M	a3f3d140a6a962d0767be87fe94d435fc1dfb9b1	f02c9705a7a0536e01de6884e0f4f6c570616b31
app/core/gimptoolgroup.c	A		a705fff56578d510def0db99970071e45224a393
app/core/gimptoolgroup.h	A		ef4d979b5eeff943df72f3a225dc91c1d0f389e4
app/core/gimptoolinfo.c	M	5f5b3ad99fbe0b61020574a9b070bef9570a124c	96036d6e3a5a9498e624568c81719d2bca302551
app/core/gimptoolinfo.h	M	93a03183fa95bd9ca55119adfb96dd911ae4f163	a8885f4749c67c815c0d952e9e5d90245b43f307
app/core/gimptoolitem.c	A		1e27d184e62a65e738dd6b77c7da8ca65361e7ee
app/core/gimptoolitem.h	A		9568bb98ecf9e8b17e5e8f82496a901a4aae5b3b
app/core/gimptooloptions.c	M	21ef6b2708e8eeec5d228aab32371f8f4a34177d	301821144de84193f896cbed592a41db451428c1
app/core/gimptooloptions.h	M	3fc1f393af9807e11209abacfc78844b3aca85a7	cd1ef21732b203df0e6261d58391c2af363d0cbb
app/core/gimpviewable.c	M	bdd46eab83a0155d228cfeb169e1d07506d3d497	48f056842c38ed3c0dd9f381a2be75a9a99cd331
app/core/gimpviewable.h	M	9b32a4885c13c63da9d46a0ce3309ddd158a23fc	a36f697f8bcfe65e9e9e93d755ec27d5e3511b30
app/core/mypaintbrush-brushsettings.c	A		9a2f371432252911665cd12db1d3a13887e10c15
app/core/mypaintbrush-brushsettings.h	A		08618cbc2a696a865978bc1bd88fc09c2fb77da5
app/core/mypaintbrush-enum-settings.h	A		dd6f3fab46cbba974875b09d1642439033e0e4e8
app/core/mypaintbrush-mapping.hpp	A		6720c2f17b6a14fb9e0cea71f1b2f8c7303af369
app/dialogs/dialogs-constructors.c	M	ff16c5f7163d7f0be8277306194bd75a27475e84	d2464ac548d12cd39eac32824ff132a4fc6ca02c
app/dialogs/dialogs-constructors.h	M	f8687286db88acdc9e5ba9181aee0a33be057a04	9c092482c6e84e40f21c9357a3b693730c451fc2
app/dialogs/dialogs.c	M	8c4d9e56143aad559b17028c003ddbb5fc6fb4f0	6ca2dd159e1e0e2a5a5b2f955c25224f052cc105
app/dialogs/preferences-dialog.c	M	9b95c2b923429d00ce09688fed3f3f5b2b756a51	4819980e39350caffb12660858f5afe23a082e4a
app/display/Makefile.am	M	d368d7c87fd415c8b9f9761387aa558c2a5e5e3a	58e7a1dd8e003489ede49e48793285a51ac83f64
app/display/gimpcanvasarc.c	M	ad71b2dbb27c5e42603459ff50de71a0a94fcf0a	1296a589f855ee28f0a50acdd120839f6d6e81a4
app/display/gimpcanvascorner.c	M	687d779c3dacd9251ee7e7042ce988501d36c3f0	f913521caa3d5e42bbd144fbff24ed69dfa5c143
app/display/gimpcanvasgrid.c	M	e82912fa0b166de4af39f3d0ecdd47bd791a3cef	d18e36c31dab3dbfa6d63e97e9b81acafa5d4e84
app/display/gimpcanvasguide.c	M	e47bef50c784ca76d6dccdcb07b8a67884225599	1b6113650c8ea7e9848da718fa626efaef656dc5
app/display/gimpcanvashandle.c	M	c776fb4f1a0ccaab58f4bf79368f3bb5c2a51e97	6e6b3ed39d08cb2b4ced17dddbec62737f6c3f6f
app/display/gimpcanvasitem.h	M	492df6c9b16235a20307e2da2c876b07f8b82c52	a480e396db1d46bd6faae64501644c3491087573
app/display/gimpcanvaspath.c	M	224b90301f7cff361ba4d9681252ce57e61334f3	89a6e279953ce8e161ad61b6fc98763e56a98465
app/display/gimpcanvasperspectiveguide.cpp	A		8238ea7e565a62c92e3afc7b8da5b3235f04d1a6
app/display/gimpcanvasperspectiveguide.h	A		fb17bd424a7a2bec5043e05c60a35f31862ad256
app/display/gimpcanvasrectangle.c	M	ce0a4b1dfa5f87f1953e8d09bde8a90ce9cd2f78	1d68ac0e25ff4b532e43e7dc3d9cd15c6b154854
app/display/gimpcanvasrectangleguides.c	M	364e732cd253d437aef3ea1c47e9978ccf743389	fa277a434cec78dabd738a5748f03329a1959bb3
app/display/gimpdisplay.c	M	c3a2b7412cee72f87eb4d079ba5c2185afadab31	7def0883c4085fdbd4b0ad1b60e63e1643634cbc
app/display/gimpdisplayshell-callbacks.c	M	1a2ea7e86ab5d1af08722d50e4e8f35191f06fe6	79ebbff0a9e6dbd9a3af5f308b7e923068d6b61c
app/display/gimpdisplayshell-close.c	M	bc372956a01533009fd0ff99c6b94ee0a648cf63	ede471be2e799cd163b474a5e5186c77f8bafe8b
app/display/gimpdisplayshell-draw.c	M	2a479780066867396646a783bc729e0b3ad1dee1	b8c2d71bd6a9ddd65e79ddc2537af3c50a26b969
app/display/gimpdisplayshell-expose.c	M	b60ef13092692ab25318b0678ff783d07609fff9	38d6fe581d7865a4523682bdbcdfd8a23dfb7c28
app/display/gimpdisplayshell-expose.h	M	6df82f793b4ca7088e918333ee20211ee41afe0a	c8c330d7fbb072983289ac26278704c6545559b7
app/display/gimpdisplayshell-overlays.cpp	A		6794e74e3d999beb905a31318c0ae631e70eeb6b
app/display/gimpdisplayshell-overlays.h	A		6596dcca8a3e6fc390ff0df7bbe2a3bf8099546b
app/display/gimpdisplayshell-render.c	M	ac6aaeb09873cdfa88ce9550fb6c325e5e409771	199ece7e1c9e2ac2ccd247fb917073343a3db5e4
app/display/gimpdisplayshell-rotate.c	A		25081806ecd255b3e54277cefc135ec08aea6488
app/display/gimpdisplayshell-rotate.h	A		44ea702433d22c4410b34d5e44e818799cddabb2
app/display/gimpdisplayshell-scroll.c	M	a42e30cbbcc2ef44d178d22764e5996965182493	77fa7c1b9b0bbcdfb3d734c90d99f2e8ae9b8305
app/display/gimpdisplayshell-scroll.h	M	3759fbc34a79ba732dc1c32e6e23207b7aabba15	79c6eb3175ef854a82010e708f7a068be5d67a77
app/display/gimpdisplayshell-selection.c	M	f05c8397ef7533e31e46f082c95de65ed909e853	d6abb915f4f387fc72b3e97a4287a63bbe882f2c
app/display/gimpdisplayshell-tool-events.c	M	b868df36ad9a480c88837d961e558057846a12e0	b670161eb5906349f84a51da961ae339b7209574
app/display/gimpdisplayshell-transform.c	M	843b49dfeceb936e5aa000ca93df868434ee3b36	11ec34bfee9b0ea7738994388e53bb59a3f50201
app/display/gimpdisplayshell-transform.h	M	50feb712b7cfaccaf55deb66a39d34a261fc0ab5	3a5796b46d2c5f55788c8b3861829b488ff52b7a
app/display/gimpdisplayshell.c	M	9a9c5aab20450f8041690dbdcaa8c09c1c4d7120	f8589c1f8bcbb12fc698d3ab9460ffa7e89c55e6
app/display/gimpdisplayshell.h	M	30bd0d6c804863aadc44e01ca5d0e0c20b251960	703b631b434fcc85631660c810c0f5c147ed9617
app/display/gimpimagewindow.c	M	21fbd4f401e04091470db3ce8abbb4f675373626	04ffaff8c116fd995f5eee04a1714dec945952f7
app/display/gimpimagewindow.h	M	14fb14ef00046d34d54663349b77ea87e35b4a80	6b092f267a26a022ec1d91c56e032a9e3f5254f8
app/display/gimpmotionbuffer.c	M	cb73a6ca83319379c1c5997bcd706e2cf56d08c5	1e2d4c424cde39afa9065e65ec82d7f1b8ee66f2
app/display/gimpstatusbar.c	M	99e49cc1fd73813429438a1cdb4771399c1fc9d6	198c2829229208387d83bbacb39b9d436038449a
app/dummy.cpp	A		e69de29bb2d1d6434b8b29ae775ad8c2e48c5391
app/file/file-open.c	M	1e2b17f7c548c78aef1328b55c123a464e3082fc	04a162a3e733ee4ed2812a23b82e22ef0836af5e
app/gimp-features.cpp	A		17fb53441909c532d8039e838e8f40203958039f
app/gimp-features.h	A		e71bbe7de1d96251eaa71a2ef16a6364fdccdf4e
app/gui/gimpuiconfigurer.c	M	dcae42e7d9d9a85d8db3fe50495f4e0e563e5bef	333f0de563dafeda12b6b4851f46e7a484769db2
app/gui/gui-vtable.c	M	3876f760ccfaa606f5d0b19e79cb7fe1614e9154	3bae6e65d7ad5a556b298f5661c9def5c7ea0e6e
app/gui/gui.c	M	d7efb20a8052c09f82cb94be7c5d59ce9cede76e	26ec908f6c0165df08b34869a2137625420a0d45
app/httpd/.gitignore	A		ca8504bbc5dbab867d1d59c678012d68effb0d46
app/httpd/Makefile.am	A		90d9e83353cc27d314914b3e25b16ebc89c5083d
app/httpd/httpd-enums.c	A		52f78beac689e673aa79aecf0e738916964ff7f9
app/httpd/httpd-enums.h	A		a8cec89388dad8a4e3656edcc278bf590562e5be
app/httpd/httpd-features-gui.cpp	A		487f25de9a4303ba127509c9603eb14e530ab47c
app/httpd/httpd-features-gui.h	A		20515e2f45736082da5f210e675b11f04635dcc7
app/httpd/httpd-features.cpp	A		ae50998a7e7084ab3216e9fb2445273968138c49
app/httpd/httpd-features.h	A		7b626fe42668f7007cf82fee1e7228d220c4e3eb
app/httpd/httpd.cpp	A		8820797ec8961d6e9cdcb86d45baa6cd8dae73bb
app/httpd/httpd.h	A		d806b5216c77d831f705a6b278f829e8bd698245
app/httpd/navigation-guide.cpp	A		eea7d5d5bba235cb6c73dc9dde85f6105365e153
app/httpd/navigation-guide.h	A		d19ab17cff86eda765f1ca86c820a5d8cf68671c
app/httpd/rest-image-tree.cpp	A		7fd52cf446abf0255b43ddaf4b2ed61e86d9d560
app/httpd/rest-image-tree.h	A		5e4badf8a33084f11b4e04b1aa448597d9902356
app/httpd/rest-pdb.cpp	A		1016695d7850350cbfa776b4cdbf6ce69649f363
app/httpd/rest-pdb.h	A		01405ff187d47b963137d768a4c5492c4a6aaf1f
app/menus/menus.c	M	cd36bdc85f3e5d754803f620fc4e1774270cd737	3cae9cddaf94abea9eadcba3e61279ec5ce1a149
app/paint-funcs/Makefile.am	M	c6f8b2772008acc3442a93cb5452e5c8b6eebe8d	3bef64dffd7481c46130642bad7455141878fa86
app/paint-funcs/mypaint-brushmodes.hpp	A		3110ebebb7b236785ca27dd8ef196fb0f2fa80cb
app/paint-funcs/paint-funcs-generic.h	M	401b867038a022676c11ddd3860dc829e9af85ef	754486c369ffecf4c38f64c02504b610d3e9ca34
app/paint-funcs/paint-funcs.c	M	04a8b3a040dc3730ad89cc8b1d9b6c6a5c7c3090	4f3c573229ef49ce6bd0e6038dc67eae92d73620
app/paint-funcs/paint-funcs.h	M	d1726d0b7d71a90c11a45c17c78c36cd2851e1c3	9e12b613918e60c24708676bea6c127031576a76
app/paint/Makefile.am	M	8343c01559106d74109fc0db207bc5e99afe307b	c70a724ef07f1070c7059b82392f31c8b0ce090f
app/paint/gimp-paint.c	M	8ad7f65ae75f0aadee016af76ef3990c567ab338	cbe166cc20440d10c0bf203d8152c0b8fee32942
app/paint/gimp-paint.h	M	c8b22fade0bd1549cb08cdddf6e64439e7b9a993	6747864952d1899c3d04bb0cef1a8cc0040df87d
app/paint/gimpbrushcore.c	M	ca222c31d3994823c1ae4b5802ece321158ee86b	89a06853c33b39aa050453a680aa3ab2e5558513
app/paint/gimpbrushcore.h	M	1c9ae38bffe32866b10c089e86e850c25672352f	e5e17105aca0f14029efbd23b082d7dd315f2367
app/paint/gimpink.c	M	455549ce9fba9fa76b252df738ba9afb1c41e6d4	3706f6e2890d963286658f7825d3191345edd872
app/paint/gimpink.h	M	6cb185b6af0bede8d9233827f14dc00505adb00c	c2e686a966e80836fcc088bbe59ce41acabd6410
app/paint/gimpmypaintcore-brushfeature.hpp	A		bdf7750f9612b615e454b4633523f28353667a01
app/paint/gimpmypaintcore-drawablefeature.hpp	A		f822f8d4ede027ac9185d38669b66f7133d8a7d7
app/paint/gimpmypaintcore-surface.cpp	A		f07d825fef2e0a566de28385231e1ae2722fb6c7
app/paint/gimpmypaintcore-surface.hpp	A		5f532004d8bd9ec0fbf302b730e159167a9dbc4e
app/paint/gimpmypaintcore.cpp	A		0677f863605baf22755075cc13d535361a50af28
app/paint/gimpmypaintcore.h.bak	A		f1b49c7cbebf9d24354ec2b87c354d99bd4a73de
app/paint/gimpmypaintcore.hpp	A		fc73490665cdafeed00c3fda2d78a1d99734b24f
app/paint/gimpmypaintcoreundo.cpp	A		dfb3bf35071e30b1da87dc0ff09e0b34c88d6095
app/paint/gimpmypaintcoreundo.h	A		71a2d240f6cb6a193612287e36e98343d946db36
app/paint/gimpmypaintoptions-history.cpp	A		16239cd9a78950dc2549a1df7189e48770a4d432
app/paint/gimpmypaintoptions-history.hpp	A		dc06447082ff5d501694b2be0e24a81065ff687d
app/paint/gimpmypaintoptions.cpp	A		a2952003b6908b7eaf4a0e7ac53a2b3a7fcf27eb
app/paint/gimpmypaintoptions.h	A		e572a23475f04fbb1d4a1f02a24a995f66e4fd21
app/paint/gimppaintcore.c	M	7c1c5c77da7e01b1c552b84ef93f548a8ca7318e	d3b66dcc34444f63e45fe27c63b665cd2580b3c1
app/paint/gimppaintcore.h	M	a46fbe56a5fe9b07af93dd8e9e374d05d6ecb19d	4493f064204c4f3440e0ed1690d8a12a609e4a73
app/paint/gimppaintoptions.c	M	a624f2dda78611960bbbcea79f6595e02ef04e7b	60025a2d4838a20414f5f9890e53a8870f18c175
app/paint/gimppaintoptions.h	M	a5a84c9844c3d5b0643645d468454bb731b9fdfa	0cb042630b3b2f5b1e456a3624973819ec6c4c47
app/paint/gimpsmudge.c	M	b9b92536bd7f3e92335eabb252af92b6c2df6105	4d5cd380aa0bcc8f3d15482a21adfb2689cf7b6b
app/paint/gimpsmudge.h	M	df4837e9696c5a1262835ab5c09c8cd90a6835f9	9999ae8afa641df8c6bbaddcf1e7aca260b09bff
app/paint/gimpsmudgeoptions.c	M	73e36efb1f8f3131893dda10f1606c76bfecb927	a6fee419d58daef2099b87ca0667efd29b0e49dc
app/paint/gimpsmudgeoptions.h	M	3c1a07a4a46b5ac2c95095a15c9db5d2af6519ab	8ce4f06d0064db8ea789d1dd3220b137303b87c6
app/paint/mypaintbrush-brush.hpp	A		87af9fbd14c684882b1024e96a36c2046a0c5b35
app/paint/mypaintbrush-stroke.cpp	A		454e8b98e0bc71d15151760eb20feb83fb88f643
app/paint/mypaintbrush-stroke.hpp	A		a0b662841885063279c3d75009f5cedbb992694a
app/paint/mypaintbrush-surface.hpp	A		95c330dd4781974cf1475188ee3418c46bd5a130
app/paint/paint-types.h	M	87e73697f794f3b10a3fbca0f343c3ce00d5a601	effcf09b0b57f290426cb6e465095bbf9780f5fa
app/pdb/Makefile.am	M	dd5551a78f0a828e7e92b128f5d6f7d427fa80f3	12a94259835da77e2a77e97848b11619c61a7c5e
app/pdb/gimp-pdb-compat.c	M	52a130811147e4dd8fc071dfdf7abc2350a254ed	3258321a876bf10f00eccfa59b50ba0aad0cd0bd
app/pdb/gimp-pdb-compat.h	M	ecfb74b6df9ad8c98fecbdc5e43b10d75c1df784	86aa6d1da5e8bd21f9bb85325e61bd3b6e184b75
app/pdb/gimpprocedure.h	M	9b3b4761ea9ed134fbd47c37a11d143148ceda96	f97af4366b4b082ad1c54326c09c558f98f7949d
app/pdb/internal-procs.c	M	0d0e9ed4d84af9e1ca0a8adbffba930db1c6f31e	e227c08b581c5ebb532a8ba21b230c41afac1105
app/pdb/internal-procs.h	M	f569a8b8a83b7e52ad882d6300f0b422698a41b1	f69e9374a657ba91596589f19c809d640e144fb1
app/pdb/mypaint-brush-select-cmds.c	A		eda86582596bc556beedce0b636487f466bb527c
app/pdb/pdb-cxx-utils.cpp	A		d95d0267231a3d56e2047486a99a02e66e170273
app/pdb/pdb-cxx-utils.hpp	A		7f5880352a2a41bc160260a915ce99b5663b6272
app/plug-in/gimpplugin-message.c	M	d2c0f0d9965bfde3e6c093be62e2c6e4afb054b3	c3d598d0cae86fd9e58a3c054e1166a47a72fabe
app/plug-in/gimpplugin.c	M	944b94acbc621ed20271af1b051e10194d03c494	b0578d498c25b06acef5c6a6e492ef14a5f806c6
app/plug-in/gimppluginmanager-call.c	M	4fd4b87c7738b7badff03500f12d7b64a357a336	a66c39d1f3604e1b5fd7f0f64d0de7aa91e4f72d
app/plug-in/gimppluginmanager-call.h	M	240ce68acb20f9933d3f559909312dfa0a42ba2f	b97c462de98e1238593055a56006c9c7404bb93c
app/plug-in/gimppluginprocedure.c	M	f9df40e96670edc19546aef16f273efd97e7ad6c	df2489136536dbae0ca5f7f48677afab86d43635
app/plug-in/gimppluginprocedure.h	M	195a98f0e3736c21af906d059bb9fe4925efc112	6343f917a5366878f51e5e9b2093e096ad25e48e
app/plug-in/gimppluginprocframe.c	M	d9b48634cb27fdeaad103c3c9f33b0e12970f2ad	37608d0602df09cb7f132df75552036dee56428e
app/plug-in/gimppluginprocframe.h	M	516682e207f753c791391c02a7c65be31f3b8b5f	12b876fda31511c0dfc3b6239aaf40f8a910c682
app/plug-in/plug-in-rc.c	M	111034f3ceeb589757890794582fe5e0ea5fea97	7b863c047e9c8f71b810613de81c69f8148d70f9
app/presets/.gitignore	A		c6598aed0586325e111a9b2b964dc8350f52c5f6
app/presets/Makefile.am	A		d874add9c485d04b46255309c0228463e0062663
app/presets/gimpjsonresource.cpp	A		35c3a7fa63cd714a4dcbef0bb8ad9b10499385ee
app/presets/gimpjsonresource.h	A		e65c89336f1cd371e6e64fea6bab40abcde7338f
app/presets/layer-preset-gui.cpp	A		166fa6a39c34e3e12635556015d244708a5081b3
app/presets/layer-preset-gui.h	A		fd5162a3fad2c52c6463f22b4833c819ade8309c
app/presets/layer-preset.cpp	A		c6c6f186604e123e8ce0e034b707d8b49110f705
app/presets/layer-preset.h	A		30a3a4dec58d0ca053dcb61c50225e9000cf16a5
app/presets/preset-factory-gui.cpp	A		c2f8bae6204ca16d4913a36cd6410ddf5dfe1c84
app/presets/preset-factory-gui.h	A		20003524d91df77589b5e5a8d16e5f29bf46a61f
app/presets/preset-factory.cpp	A		93987b2677855e99b692f411ce8f2f61a5bdf95b
app/presets/preset-factory.h	A		b619ab4f1fe076f14636408ad603c0c2819d0bbe
app/presets/presets-enums.c	A		be92e6bc920f857fc85cb8221f13631b6cdfeecf
app/presets/presets-enums.h	A		2ed799648e3db88edbae2aa5827f944eaf1b9ca5
app/sanity.c	M	febddfb241f5d6ed79180af4a3aa4161413b0029	85fea55296ed2b87faf156b962c57d5ba6a50741
app/signals.c	M	ccf5205833a3cb1e05ffd4813e227c68e967ed42	57b3b27fd47d1a5d544c550e3157fb11de4f06f2
app/tools/Makefile.am	M	7f161d0b865bea5208365b9d29af655598bf01fd	1bcf07be0e3f7b5db0223172b33a6f70fcf1501c
app/tools/gimp-tools.c	M	6959383d952a58f5a2910f558f228144888b3797	018aa68742928631399a43506e7fdd047c6f4126
app/tools/gimp-tools.h	M	a75a0da172dd97616a1df95dda8277492acfb87a	21dcb2a444bd09f5e5174907495176528b9a8f24
app/tools/gimpairbrushtool.c	M	2dc2e727b5a729313878a4c354627717ed32ba13	a67e472ca16b9c41b9bba99260bc970250890dce
app/tools/gimpalignoptions.c	M	486e9ee95e59dd04f9292eb1d1d6d39f6f23db82	14aa6f9a36b1cbacb2aa654124faca33af482dac
app/tools/gimpalignoptions.h	M	c357288fd881349e248843e2bd09c9969672cce0	fa22dbee3ef3e1f548d2207ac0e8853258b2ad74
app/tools/gimpaligntool.c	M	4908966c4c6c68e838b80f4dc40e25be673ac4c7	0fbe6a953f41e2b851ce482488952337810f856c
app/tools/gimpblendoptions.c	M	8b596758bcbd7ac74a5620e6c39ce8f6c86515cd	f96e9c001ee508cc3253c49bbbbdee7ade56c700
app/tools/gimpblendoptions.h	M	683365c189372038d85ba317f2cacc4a77ae4550	4d1413cf0a8d5fe557f81d354defc99a4b7ebc0c
app/tools/gimpblendtool.c	M	0827c59fcacfc77ae2c1057eff1bb271e9f612cb	6543680f78a8ea724e4c17d4a9951289724b8f85
app/tools/gimpbrightnesscontrasttool.c	M	d372dbcea011748cc7bdfb1a6b45a55b2f2ebf45	cdb1c5e15e221174e3ff5299993bd43e6ac2290f
app/tools/gimpbrushoptions-gui.c	A		fdd5d93c008db5cd1e34bf8a38044b1db59005b0
app/tools/gimpbrushoptions-gui.h	A		55c4e1d40e476cf3c158a19abdbf3000996013ac
app/tools/gimpbrushtool.c	M	1e3b95fd46265227da68220391ee7c7b46483989	b033922b60422e385e44cbfc60f1debdec0fe29a
app/tools/gimpbucketfillbrushtool.cpp	A		5dfc07e7f163fd44119eeae74c5011a1af398a22
app/tools/gimpbucketfillbrushtool.h	A		3d4a9f269907420ca1e5a4dd3d2e9dd314a5fffb
app/tools/gimpbucketfilloptions.c	M	d09159cd5cc3f977f80cd4299e4740bbcc22c928	e397d3ae62ea0cd1db07496c998cb19ef097a945
app/tools/gimpbucketfilloptions.h	M	7e6fed2431d5406cb05afd707665a98eecde76b7	16af19d84e2dd69ea27be3118c576e6c17224c5a
app/tools/gimpbucketfilltool.c	M	f607d4b455e5a60fdabf229e1f6a169ca75e2d37	3e828007904c3b6b9c8641184f4f9b8a7a3ea389
app/tools/gimpbycolorselecttool.c	M	13ec589b8ca94ca59e758664556456a13097c39a	7f9595788f3dc98bf375267a5b374e7dace0cc41
app/tools/gimpcageoptions.c	M	69ef5968bb0eda05db1c57ab094367741211d147	2784819b325ca0a6baa26760be29c4eb22cedb59
app/tools/gimpcageoptions.h	M	00f2775ce8fdd6bf6f984d3d264b8ddd86910dc8	82ebffad25b27c489d80e0ced3c9b2bd01895386
app/tools/gimpcagetool.c	M	b8eeb05e115a74930b5a48017e4a43af664b9c75	aafcaf03d5a6f53fcb0ae02539933689053a9f35
app/tools/gimpclonetool.c	M	ec827bcac8435e632757b2ecd859b00c8e02b784	a59190bd3c33e295d969a8c7190d7b2e31454445
app/tools/gimpcolorbalancetool.c	M	8b701f65e1e6db5cacb0bfda8c9bedb963fb6a12	222f44f3d973f1d2e26bd6cfde8cc3d959d7fd0c
app/tools/gimpcolorizetool.c	M	41743b50c3dede20258c73882fa07a196fb68fa8	47544a67d8eee9a41accebf2bea0e32fe1c5f80d
app/tools/gimpcoloroptions.c	M	2ff2c8cb374d1e44bd0e5f887ced55b186c300b7	5b72071952feebeba280c05fce78088c19863407
app/tools/gimpcoloroptions.h	M	ae6f885e25fb0e99d2f23d3b450e7c7868d54303	bec673d68a92d8e3e2477d4c2f865c5b749ca306
app/tools/gimpcolorpickeroptions.c	M	3c142c35dfc0d2f7c16b96ce5d2d899506d19ed0	c78f9af04d22ec4b205d81f324ab6a65f50091f3
app/tools/gimpcolorpickeroptions.h	M	d633d2e1575959aba77a6f43e4086cf2b25b1b0f	a5387cf871950bab1b590b27de8a1cc19d96546a
app/tools/gimpcolorpickertool.c	M	f20237e378b2bdcf744a9624cd7949f338657a30	723d5eacc9d11e4ece0782c4fdb5e13ef0d6e6d3
app/tools/gimpconvolvetool.c	M	471e373a8e28bb9358d37290324d6ae456c5c8f4	67a4719d8dada26cb5ecf582394b1ff0c1d7d745
app/tools/gimpcropoptions.c	M	f2230e291a3df00cd273a0ebb6d8da7067518c26	0a844312a78833134507b40beca70d2479010055
app/tools/gimpcropoptions.h	M	0f6481f88a1cdc9fffcf3a5a29ac069a4f1ba8fe	84df6a18805c6682588d17f5e5d5a3f602ee57a7
app/tools/gimpcroptool.c	M	218f50d6a93c974adc6953408bfbac08effb423e	4317f4c4ecbe978c7cb18f668357449fc603a3da
app/tools/gimpcurvestool.c	M	acb0c780215df61cfbe86b6e304857ba1b825c4e	0acf07fa487759e6cb01530041f0b89febd119b7
app/tools/gimpdesaturatetool.c	M	9c829b049c8dde4d365e36b7c8374916ad4b2445	0df983838281959f85a990a0e599aad10c75c4cc
app/tools/gimpdodgeburntool.c	M	1f140dea2e853bc4fecdb0ea1bdd4bed356d331a	eebe3c4065efe91ef33262f9f50498491f4c2ee4
app/tools/gimpdrawtool.c	M	f8dc5b3a353d3a001f7e179f45d2b0013d4bf3eb	fe40a3f60d33add8cfea8e038c7da5a0eca67a89
app/tools/gimpdrawtool.h	M	4cf3c3819287054878c63d4625ee745453af07e5	21e796894ccba73b7c62546f1dbbe47cf0c9fa40
app/tools/gimpdynamicsoptions-gui.c	A		9e14a9fac4588c0770cf656c7133a8ff9e2d43f3
app/tools/gimpdynamicsoptions-gui.h	A		098039a4d21e154a565218ec3e8e901ee3df8a7a
app/tools/gimpellipseselecttool.c	M	93134b4b7031dc2b13b9985ed21a729fdedb2f94	41a9d29e8b28c3d083b75bf4fcc41e8759db3074
app/tools/gimperasertool.c	M	44474b386c4dd1c2c696f9dda500f467db50bac5	c2d3b570071b397858e48fb9a8ecbd4edd7ab3a7
app/tools/gimpflipoptions.c	M	7092fa843569465b2f5c653e102581dfe0276560	5136362d71033b0c0d06c0cd5fce8cf7b43aa51c
app/tools/gimpflipoptions.h	M	0f582c7bb78333e29d9f6638b8511e9a1d99310f	e985d211dbe252b778e310c3ebb3573e8b5d862c
app/tools/gimpfliptool.c	M	d810990eb9958aa70df652c8eac29360ff998669	0efc566ff61ca1247a7827809eb5d2f2e2aef83d
app/tools/gimpforegroundselectoptions.c	M	53f22179ad9709c6b2d1cf724d4119448edd4cca	38d5b7cdcef41bf7ece342d7ed9b300d3107af6e
app/tools/gimpforegroundselectoptions.h	M	5423898bd2a15a2a3167105450a4206f81b9e27c	86768b18de7f01398c01b81fde939198ba9d2817
app/tools/gimpforegroundselecttool.c	M	b320a2b154b93112536e15f07b7d2a6b77beee40	9fe9f3aab2da39ecbcc69c95c9ba60ded04a6b8c
app/tools/gimpfreeselecttool.c	M	2db7dc907f415c1a6a3b50aeb6330c7d707de059	bb335520796f9e96fd7cc682f411a1efb5983f94
app/tools/gimpfuzzyselecttool.c	M	b6fc698c61db86eb0870857f611cf89107dae482	5a3ceb26a71e101ea6cc1e8cb950c3100c37733a
app/tools/gimpgegltool.c	M	e913ec30942aa7373f6714bdeb34a136310fbaf8	3430347281f7c16ccb5b2f38237bed9fb8961bbe
app/tools/gimphealtool.c	M	f40bb7f29bfad0313c397235de411decd1a45c7c	dba98fff55b6ae7e10dc1b1b1a3f006978ef3a26
app/tools/gimphistogramoptions.c	M	43b02a1374212441c8e03cbf2e02e47f1fdf5a62	a8e2f8724c75706ca915657939187444aab2175b
app/tools/gimphistogramoptions.h	M	3fdedbef3d377b0a45f2fc3e0771aaf52659aa3c	cae64d387df19a9c81bd4af8aef8f92c00d95bea
app/tools/gimphuesaturationtool.c	M	972a505143f7b1e546af91d1f3ffdd9f335c662e	3a42ebcc93b741c66dbe3eaa7fb1d875425b4cbb
app/tools/gimpimagegeneratortool.cpp	A		283cffb0901ec4987aec21bd6af6993492d38f02
app/tools/gimpimagegeneratortool.h	A		92025ee63d70845624429dd669f329d81575c4cd
app/tools/gimpimagemaptool.c	M	1b7ef0610eeeecb64e21283377cb232c7943ea8e	b53ab5688257443047db968632ccf1bd3a60031a
app/tools/gimpinkoptions-gui.c	M	6daba3bf2b69570d9246fb4d2c921d72ac446aa1	fd22b44ebb71e8e9c117f23a1e74dd28e8ff97eb
app/tools/gimpinkoptions-gui.h	M	4c0ee48bd4be46cd06661039472fc2684cb405ce	1ac0f63502f400f2ef0e9345b462f4f2813af7e6
app/tools/gimpinktool.c	M	66316da48b27a587460cf39ed95efa67d9039eff	05114ae3b4ef35e8f84cf92bbe0b8b69482a9055
app/tools/gimpiscissorsoptions.c	M	7627e5ac37924b609f68660800069bc73a5f05ec	fc8bc218f2a64dc2cd75829ca32cd393e17c6f62
app/tools/gimpiscissorsoptions.h	M	4db7b639468aeaa9f10f842c06c9e7b7bafc693c	3ccb4719e96513253ee2ae9e21cc703c364406df
app/tools/gimpiscissorstool.c	M	f795f0a46ba4319a3e7a33ee0295169da8615b0f	2af02b84acc8e48cec3558b28820959f7ed80cdd
app/tools/gimplevelstool.c	M	e592d131603b90e2850f67d28813fb6798501e4b	2869b696517d58003caa5e428b1712252ae90438
app/tools/gimpmagnifyoptions.c	M	12fc1119d86c429144df5f21d72cbe2538168555	35cb6308a6d8a4c468245b7519d80a04c5c54427
app/tools/gimpmagnifyoptions.h	M	12adaa8d78973b2584fcd6ad1d826f709612c130	02db75f5fd241de948822c4d1fdadb31dc7da6c2
app/tools/gimpmagnifytool.c	M	39722326454518b498cf1a3cab3ae91072b17189	efc46c85e630def584473e79e21c72f936110f05
app/tools/gimpmeasureoptions.c	M	2c2c24b93c84bb2f7bc27cf2f376114c0472c865	9e33bd57793766af04e606c4f87c4eab69860a25
app/tools/gimpmeasureoptions.h	M	de83c187d04f3e9d909ad1aaf98d6d7ee67a4942	2e21007bcca33dbed70a82108b658d828309ae74
app/tools/gimpmeasuretool.c	M	4cb40ba037cd032b8524ff3ff7240d2548da8da5	464003dcea00271f3d11dce9a0908619192bf5e2
app/tools/gimpmoveoptions.c	M	06ed42eed22aec1f715644de287ea3aae6f36c1d	dc6bb4b7cb1ec3b389ae2b1eac8cc3788cfe0737
app/tools/gimpmoveoptions.h	M	f216d26b51fcb40a143d0b062f551d6c0b0a3238	0c76f3da1d4a33efd15ee3315429f161c090f324
app/tools/gimpmovetool.c	M	7ace03621cdd7318df1629b05eae51814f16fbf7	1d746b6451425ff082f165da043fb73cdab8716c
app/tools/gimpmypaint-gui-base.hpp	A		0ee264a00b248cb4c1168baf9993c06cf0127ebd
app/tools/gimpmypaintbrusheditor.cpp	A		3d23d1bde319b76e1c97dae09c8391a65300bd95
app/tools/gimpmypaintbrusheditor.hpp	A		6f52ddb784fb1909e1e05bc6d14b00e246216e04
app/tools/gimpmypaintbrushoptions-gui.cpp	A		ecfff403eb0fb689fa344c037863ac6767756cf5
app/tools/gimpmypaintbrushoptions-gui.h	A		34e2f78a64f95dc99d533e5c801fe8451334e249
app/tools/gimpmypaintoptions-gui.cpp	A		15bba77f91de8f0491aa345e52152406c859d6e0
app/tools/gimpmypaintoptions-gui.h	A		d8b8a9561859ec448b5adc35322f8a0431fcfb96
app/tools/gimpmypainttool.cpp	A		08adf2e9b690fd4cbe620c3ab890844ad99e9517
app/tools/gimpmypainttool.h	A		cc1e53eb815409ed71f960cd90d116df5738b200
app/tools/gimppaintbrushtool.c	M	7f07463961ae7b9853e3b75485c29d6870e7c056	3fa60ee5a4ae39114208d36f4293f6b672251514
app/tools/gimppaintoptions-gui.c	M	5072d0c3bc00e75b3bb39b95424a5d0d4a46fa8e	64cd82d6995fd93f1e9329ca8ad0c42a64fb21bf
app/tools/gimppaintoptions-gui.h	M	fd042d475a34b3d4f7980d3aa3c9c72eb5134713	c55a794c642f2e6582d5ba83e9020afb9de148ba
app/tools/gimppainttool.c	M	9282d5afa38fe8876b3fde842ca72378741f470d	e8a79052efe0fc0fb9306c4f226ee4f43ccf58d7
app/tools/gimppenciltool.c	M	42e7b49fa1d6349cc22c5a87eed2cce04631c39a	20351ad0c26b84e8eacea89ec086eee2e23a15e4
app/tools/gimpperspectiveclonetool.c	M	2069e590031995d3dd515eb7bfa32e8dd1122bfd	b65da99abfaf4b60a7fb03fe5f6324c4a397a384
app/tools/gimpperspectiveguidetool.cpp	A		f78df23259748af0217c7fd26a3924bcbf0d9d9b
app/tools/gimpperspectiveguidetool.h	A		225c7d194448a68f5d44dfdd98dfb2f7b3429e21
app/tools/gimpperspectivetool.c	M	632842bc725d2463a980add9c88b422de2b4f611	a5ef55637c38af16eb37bfa25280310ce21c7a1d
app/tools/gimpposterizetool.c	M	8f057b46eee623b09177dbf895e83941215156b9	48e6e8a64ccfaa9177c01116922dab5e5719b9c8
app/tools/gimprectangleoptions.c	M	1b6c8a1349287db7b14e6f0a4a2b3f3b2d0893c0	e104a527c2705f878e78362cb29ef58dfb6ebf79
app/tools/gimprectangleoptions.h	M	84c3d43be1f708b444d10de4cd3348f1bdf9792e	35a1a97ead36a8542f82398c03066594669a2f78
app/tools/gimprectangleselectoptions.c	M	45a7d225384d8e077ca10d2f1fc7072d8091b600	78829540798d40840dd9536aca823197a9a59e87
app/tools/gimprectangleselectoptions.h	M	d6eb6e86346ef7b1754bece95d2fa8b432af77cd	b103724ebf3fb22d1a79aa23076f30408389917d
app/tools/gimprectangleselecttool.c	M	5596b331b4e69ab365bb088997eac214ab732ccd	aaea363d830cacef07bae7f29b05b38c936bb209
app/tools/gimpregionselectoptions.c	M	0ba2a29ef66dae94d4696a1a25207f969cd87bb0	21a8dca0dcac5f9f9009d472487b4829646d9965
app/tools/gimpregionselectoptions.h	M	9c0e5015cd95b53462f5458fc35db1600bf1d0a5	f9d5e4aa789a6e110897d6795e4500121e6e766a
app/tools/gimprotatetool.c	M	00e2cf5a5f70310f0e844111f4b1ef73c0a920cf	b6f28b9429d0e9111e6b0dcf3db75202aa399e35
app/tools/gimpscaletool.c	M	6120265ef2c714e32fe46afd496e5a81881a091c	6bde2071efda60900f88d89e6f4e5c00a47ad1e6
app/tools/gimpselectionoptions.c	M	78c145b5be8d655f60e200a1b7addef23ab9226f	4c3df85bcbd5c44f7eefce7ed4cf180a01ca3ce1
app/tools/gimpselectionoptions.h	M	0af9f966dba9c0b37eee024115b4f7bbad751f6f	94f3b2de22fa1efd16d76c4845b94ed30c894602
app/tools/gimpselectiontool.c	M	d3111e0762a3a34c22ed80a292a6a44b3bd1ed6c	df47c7d1ce6b53266e1fdce2339702b73d02a89f
app/tools/gimpsheartool.c	M	084a89f478f29706e03901e2887b3abdb3196e78	234397deb15670892d552f08a5c7fca21dd1d646
app/tools/gimpsmudgetool.c	M	17512bdbd72ed41d8360d0fb2b1a279dc4b984d2	c54fe94fa1293af426e1f0ed8246a8bdf12442bf
app/tools/gimptextoptions.c	M	061e1fba894fae64226d678da5b82d87fd5a3bb9	10b75d9f3446453b6d301b2739559db76dbdd753
app/tools/gimptextoptions.h	M	a1f7e2f555c7b9d402f2871738da650f377de093	668a97fcd6eff5ccf450e89077f1a045709e442a
app/tools/gimptexttool.c	M	5c3150274567adc76800f82045bdaecfa3f50cdd	9884909dac370a53e210700a6e59ba2f5ba77988
app/tools/gimpthresholdtool.c	M	69628c7175daaa0cb22ebb944f37c055a23d92c2	d11bfdfc7857659e950a8ca234d8bb3a0574a238
app/tools/gimptool.c	M	4be372f5232a8757fafa86ec7c231f56ed62ea6a	1092b2dab71d22979e26db35537a8509813f0f9f
app/tools/gimptool.h	M	24f5f8b1dc680dc423f2feacfee168b86f5e9dd7	fc8590fe01e02ac9a752a44ed49d0e5ed6e3a860
app/tools/gimptooloptions-gui-cxx.cpp	A		892710f834b32dc26c1a39211469ddc0c0a7b91e
app/tools/gimptooloptions-gui-cxx.hpp	A		0fe6b81f255da10d4a19e87fc7f245ac61968ed6
app/tools/gimptooloptions-gui.c	M	69c0f2c8d48e7ef97b89e98e34cd754c2bafc5b0	c0f732882e457ffaa3ef3b154623ff58a4ee7bf2
app/tools/gimptooloptions-gui.h	M	1ed1bcbb72aed8c99d31e7ac23412b82ca4c6289	f0d05c78cdbccbd3ca51360b6394829cce547093
app/tools/gimptransformoptions.c	M	b4e310e8c2c9976c0b3d0d2cb4043cd504a0aca6	436d5e33a059821d38dd72d7cd1f99711c312d30
app/tools/gimptransformoptions.h	M	7f117640c15e81f93b48841159067a7ad2ca2955	021c1c0933c39688e098a6febfc2abe27987fab0
app/tools/gimptransformtool.c	M	16569649089a3cd555f0e08c9b9739af40b0babc	178b9769d78eaa4d06dcc38ccc405864f5458377
app/tools/gimpvectoroptions.c	M	1a0b68f23b0ad8a394306934067e20c951dc90a0	42dc5592cf16721e8487d0b377082770f32b20ec
app/tools/gimpvectoroptions.h	M	062b1ce3a1f9f2e745dbf7036bb78661b4b69a59	556b8e2ec7d5b57ed80923a5e6fdb01e8d223bac
app/tools/gimpvectortool.c	M	e18d07f7eec2f51f0dc808a8e9dec40d98faadda	52704bf3899800ff475460a850e1255deceaf3a6
app/tools/tools-types.h	M	8b9ec8be6e0b00046e02eee921cbfec2e999b3c9	df4d66bed622aa7f3f0b708af7a45483e1076cff
app/widgets/Makefile.am	M	05d41641ea2e8806e5d867def47551580c92153b	943009bb3350e08938bda729500f73cc17a28522
app/widgets/gimpcellrendererpopup.cpp	A		9fcecab914869bd18ca3085bbbe64003b6eac195
app/widgets/gimpcellrendererpopup.h	A		ba74530b87d8b783cab934d4c00dd3a451065bfd
app/widgets/gimpcellrendererviewable.c	M	c490b19eb77a39bea2c6cbda930ad0235ae8e29a	52f500289e6b07c987e821482294258961ca7cde
app/widgets/gimpcontainerbox.c	M	685b195e8a0e337beeee8449d3bb1d65cf05d4e5	5d27d334a18a5440d44236486d67c903e66ff4c6
app/widgets/gimpcontainereditor.h	M	9cfc00b0ae7e149de1ce9e8a86b770914756e042	07e40a05c9e526031aef779df6eac99b848c890e
app/widgets/gimpcontainertreeview-dnd.c	M	e93c103df64be8ecf0724e2668ff9c026a8fed34	9cf301e34a8009be656525833e61cc944df4ae4e
app/widgets/gimpcontainertreeview-private.h	M	0046db9205e1ef70791b794b5e3ca572e4673d5f	3ed36476d817cedf216937e1e56a4794b57d0497
app/widgets/gimpcontainertreeview.c	M	60812f43388a6207f1e35b1838ebf1a0c0499f03	55dca4604894743f81e78d4e6e164be9339156ea
app/widgets/gimpcontainertreeview.h	M	5ad9ec9525a2c8f45894f0aeac3f3d70f4ea979f	c64299a23406408100810b882ec2464b0bc0ad5c
app/widgets/gimpcontainerview.h	M	7573417161ff470ebe835efaebbc563e8722fff2	a3035ee408d8300af71632952f6373b30c066340
app/widgets/gimpcurveview.c	M	51f38c6006acb67a3e636b1523f1f55ea3fba36b	f5e9a596d73c84781ccecf8878d1bd0f546e3454
app/widgets/gimpcurveview.h	M	6b1cdb9b8450e6b546a1690a7259c3aca406b658	3a23e1fe4e59085cd60d8c2c969867432bf2269b
app/widgets/gimpdatafactoryview.c	M	fc272f1cb09540d41e8d8b30d2e5542b29bff6ed	663fbf9f2220d7566b2c847acb9327c4b12efe20
app/widgets/gimpdatafactoryview.h	M	8dc209e06d980831b6d0de5f5e51b81a44426f24	ab93f3df8dfd69f5fbac0e440ffb99fa416961ba
app/widgets/gimpdeviceinfo-coords.c	M	f6b74cac6a1f8e6943a4f50e20656157d86c8111	a67562249b84ccc380b42e3df19c9221d7fae0f5
app/widgets/gimpdevicemanager.c	M	264ae3104263c5b3d626e32dee4b7a263702bc9e	7c91cdd73017176878aee15de3a2c690ace48e64
app/widgets/gimpdnd.c	M	f2bc64412746e44173493247a22bc2e97b231e39	dbba64c0533161d48d07646c80b1bdbf83496c28
app/widgets/gimpdnd.h	M	34d03a0c6759e7e8fba9819ebba051c5286e3793	f7e1788b34c8362ba8afe1ae61dc46d0f22ea004
app/widgets/gimpdock.c	M	19adb8e9c0b15f406ef84c565eacb37aaa6ff0eb	267a80c6c56c79abc90e3dc934cbdb751680acb8
app/widgets/gimpdock.h	M	47a2546072c388b534462292c25a5c739e3f71fe	88f031d754148a37dd7af9cb8e2d271e0afccfea
app/widgets/gimpdockable.c	M	a4493fa62f5742b1496790628b04da9ac302641d	0f581dce98420035272721405e9dd94a2943a6f2
app/widgets/gimpdockbook.c	M	5e2a42929120d41d91d8b901882b28aca77d81e8	1c8aed8ed34f11de3ae293877fdb99dff5f6205e
app/widgets/gimpdynamicsoutputeditor.c	M	234abc67d1333605570f0ba14b27642aa7132e2d	028856f1e08e97e262ca43987cc384db14b07262
app/widgets/gimpeditor-cxx.cpp	A		e6dbc942f739500df988e43399fc05f024c1b5bd
app/widgets/gimpeditor-cxx.h	A		3ece43b3150fafb60cb37e0428cf1097dd919778
app/widgets/gimpeditor-private.h	A		3676494c641ac40a673ecfc52071b305ea9e8aa9
app/widgets/gimpeditor.c	M	bb97b9f530ff50d17132b7f903dd14c32a63754c	e95e403fb53887faeedcbf3ce3e924fc8aa74302
app/widgets/gimpeditor.h	M	4fdab3516d7d65a221b2b275dd1f98f89254b6ff	35e74ca7a5de0033c60aae7a4e4169dde92a45be
app/widgets/gimpfgbgeditor.c	M	bf49aede196480c47dcb0e18eeea8f9aea849493	b38fb0fbd7b658f1fab6c155146afa9659373123
app/widgets/gimpfgbgeditor.h	M	dad36bfb88291d58c53a5602518f06a5f5cf2748	8bea5335bb0d41c3e96230168a45c99be86c8e1d
app/widgets/gimphelp-ids.h	M	e6f5132c596567e4ef3c39cc9c3b23bd106d46bc	edcdb6e694ab67aac8e1d5f6f64a693892c68571
app/widgets/gimpitemtreeview.c	M	4caa6c82c99523cc7d7d4a80a27f340c9c8582cc	3c35fd5b3a6d4d4beb5140e8e5c2c9b53183178e
app/widgets/gimplayerpopup.cpp	A		75ef0f1afcd688e199b58891ef7a813688e678f8
app/widgets/gimplayerpopup.h	A		cc18b9429ac954d569984477d119dc2a8060ac9d
app/widgets/gimplayertileview.cpp	A		1f78b0d6269b88aa78cfd9ce80b30f7cceb5ad24
app/widgets/gimplayertileview.h	A		cb3b4bf03cdb77791cf72d80aa599e6523990bad
app/widgets/gimplayertreeview.c	M	682b0944f90e0af2cb579817d8386dd162d02a67	3b4dffc801e2e5cda03c28db13463d5d55345bd9
app/widgets/gimpmypaintbrusheditor.cpp	A		44b8ef4d54cdac45a23afe0d908f15fdafffe8da
app/widgets/gimpmypaintbrusheditor.h	A		4564c17b50a89e8e1833a8ad7a11f2069b7698be
app/widgets/gimpmypaintbrushfactoryview.c	A		0cdfc6f93b3fde9ed010b7d001ba814a2e4bf3b4
app/widgets/gimpmypaintbrushfactoryview.h	A		472d9c3a54ebedffe4af302bc1f076d90669ddd0
app/widgets/gimpmypaintbrushselect.c	A		fbef840677ade14f9b6c4e483887f44c52d3aea9
app/widgets/gimpmypaintbrushselect.h	A		5f764b748926de359914b1387ad567cc4db104a1
app/widgets/gimpnavigationview.c	M	3a29810c26b5067fb27fa2b3f4f9d07b950ba223	1df1ddc40b3cbd56b244ddf4b45fca49089ef147
app/widgets/gimpoverlaybox.c	M	dda04c02628dc8d357c851c01cf51525c6b13a6a	1188df092a9c38bbf8629ef3b0e359978a1f2384
app/widgets/gimpoverlaychild.c	M	a9ff5755ae94e774ed1495c2d1c8e9cc89c0f5e4	fb324b4db182aa96358c7826b2daa1685228f3e4
app/widgets/gimppaletteview.c	M	959b8671a54f0ec1d02fd66a35e106427438b48f	99f6422032be305db04fe75f95a931b5709edfc5
app/widgets/gimppaletteview.h	M	d35cca65643430dad7a990bfca19107364803d64	3d2b38ac7ed7f4ff0aa5062204c34ac002acf11a
app/widgets/gimppanedbox.c	M	1400293377694bf0643688a6f93c458d9f1006b1	dfff9403fc6d2a6a33a09675c8ba93e73857487e
app/widgets/gimppopupbutton.c	A		ed6fe2c206913f8106f03097d407369ecd7a7c8c
app/widgets/gimppopupbutton.h	A		260f814f35329d21b91149df73adc7da7ee40e52
app/widgets/gimpselectiondata.c	M	81311bc54c2f5a2e523953fc7f5bcc7a96c83bef	85aca887a91232be3d750fbab1c2aae050b7232b
app/widgets/gimpselectiondata.h	M	bf52b975fa9e1715a88966f32e8d1417beee8eb0	02bae18ac371aef9ad8557409c9ee3758f5fff9c
app/widgets/gimpsessioninfo-dock.c	M	4f809b29b9325e303e0cbaba2faa1a184b3ed27f	182ac2cadd4ffc3833fa67ff6e8967f5141dada8
app/widgets/gimpsessioninfo-dock.h	M	f762ec772019554eb2781b8dd5da486452f5bc1f	26f462a05dd6adb322c41e1459551826747c031b
app/widgets/gimptitlebaricon-pixbuf.h	A		e506de18567c2af2a20be6d074453aa2a3f51e5f
app/widgets/gimptoolbox.c	M	0c422a9d27e8f114d868f3830a81af761dee36a8	cab929b9a8863766cab427a59bf827051579e364
app/widgets/gimptooleditor.c	M	a52af04cc94a6aca03976930496f294d70055d86	2102e8353e6b780f42e9bfc6029ed334c242fe78
app/widgets/gimptooleditor.h	M	8064b5df471e212326ddc1e679ca9e10a6b25167	7271fb78c021a9f5392fec0d41d0287c8bc226d9
app/widgets/gimptooloptionstoolbar.c	A		f65ba197f2d572b4926a59ca239df0efa675286b
app/widgets/gimptooloptionstoolbar.h	A		776da6303477ddd206955a9623745babaee20cba
app/widgets/gimptoolpalette.c	M	7d9b1820158c8637e3e150e4756cb9b8d760dd79	eed3dc084d696062840285b99091d68547266da5
app/widgets/gimptooltileview.cpp	A		32f50f094620089216fddf829d534a953efd9c30
app/widgets/gimptooltileview.h	A		0354ce300e494750a2998a2691ff17a8fd59acee
app/widgets/gimpviewrenderer.c	M	1852e955a57c212210fa8b6c43fa8962b8b5a42e	67b0ff4ab5e4a34434f72c594ad712362de4be7c
app/widgets/gimpviewrenderer.h	M	ac451ebdd79d286f5940414355350e4309cb6ac4	731346e05adda29c4c4796371a6fe39df37c7185
app/widgets/gimpwidgets-constructors.c	M	f634fd9a5ccc7125187f8444f9bdcfeb20b42289	76b9abea29e3c2866705d236bea1be27bd65f990
app/widgets/gimpwidgets-utils.c	M	af3c1f48b0fb197fdcb7b9fc86bb5031b8477c45	efeec486e5fde3a5864a99d4a65e1dbcfd159830
app/widgets/gimpwidgets-utils.h	M	1929dd513c1e8c255deb771f6fa63c378b879e2b	48504c29b9f90195fe940ed2c458aea39a472063
app/widgets/popupper.cpp	A		6aa874674b3773478e9b29e5e287746d3879d1ac
app/widgets/popupper.h	A		dc77ab8cc739b28628726a186e139a47fda85353
app/widgets/widgets-enums.h	M	ae8f5ae1ed1a0bd2d51dbadfa65cb97f2c2993bd	d81781718efb6f9a450f8b26334b2a48d839b252
app/widgets/widgets-types.h	M	0df8469baf337d7170586249ee5af447c6aa9f6b	4077d5123fdaa5546361610094e1a09b76e95e7b
app/xcf/xcf-load.c	M	83f93fb76fe55a843c50987748d69e7bc0e9ddba	e95e126acd1ad59e65780c0da47eb99dc9411660
app/xcf/xcf-private.h	M	db328ec2033c0cde02b8a9b0989b4cc9d5ac1715	e823a8ee3edd9fc3330910d0ea0565ecd15a6286
app/xcf/xcf-save.c	M	f75412b2b2e12514d50bdf58d9a4a9b2d3eb60d1	c894ac58f7866196b21507508cd6c1245d9b64c4
app/xcf/xcf.c	M	0ff6eccf51ed9e2c98e38b4c75cc713b045a9b1a	f02ccdb3f45da188d00d16a364abfce50aa670a0
build/flatpak/flatpak-howto.txt	A		818c3dab77bf84e86e0657b4783a5ad9a22dec13
build/flatpak/io.github.seagetch.GIMP-PAINTER-BaseApp.yml	A		d75b95ef5b59c4a3d7788f0a0940dbd4fa51a3c1
build/flatpak/io.github.seagetch.GIMP-PAINTER.yml	A		c1ea9f59f24d4dba3fb6f85acecd4dc46cdb38ce
build/flatpak/patches/webkitgtk-2.4.11.patch	A		85e9ad57be044b00c807ec5a23d8dc65f35588ad
configure.ac	M	850d4468b11d67fb93397a1b389b35901d806c96	f47f24a189e35eb614be51b166c6b2a71edfdf93
data/Makefile.am	M	10c6238f9e838a6814bde80080d26c4f90d4457d	f02d9a8d9ba4fc5501cd8e5a5292e09688853a57
data/layer-presets/.gitignore	A		9ee6454019447a69aa7d51ee37338021285b1388
data/layer-presets/Makefile.am	A		b09563576330cca863bd153d3e4e89e340fe02ea
data/layer-presets/crop-with-selection.json	A		e4d55ddecd572cb46897911919b255ddbbfc7e68
data/layer-presets/duplicate-as-clone.json	A		3dcd488c2fcc0ba163a1bc45f55d3e8f7efeabd4
data/layer-presets/duplicate-as-normal.json	A		d2efa2ddf698f3538effe08aed441e308d194a8c
data/layer-presets/new-anime-layer.json	A		3a9d4d03be789ab1264ef4b8e72bbe2dc3ad7c6f
data/layer-presets/new-cropped-layer.json	A		0b8ce8e816e34ecbb97be51872eb0cffc9a2111f
data/layer-presets/test.json	A		d27f53f873e4df40e188ca004515185c9488106d
data/layer-presets/test2.json	A		66fc85da19bd78e9f160ad3df7b3d3bf43b3358d
data/layer-presets/watercolor.json	A		1e322fbb144afa943bb1c1d18c942fc643d80ca5
data/mypaint-brushes/.gitignore	A		2db531ae3ab6a41a7a637a69b94bdb793c38af4b
data/mypaint-brushes/FX_blender_prev.png	A		9d9a62e36cf65662a4483ff5d0c267fc09349b8f
data/mypaint-brushes/Makefile.am	A		3a6e950b6d944e2d81f9a092a0b2f3377b239b2c
data/mypaint-brushes/Makefile.am.skel	A		b1fab22b8d2a14b4e70d62774e804d754bb6dd65
data/mypaint-brushes/classic/Makefile.am	A		ad34cd417924978b8ff80fd374b94c9cec1dd503
data/mypaint-brushes/classic/blend+paint.myb	A		b6ce32f86f556aca96a0c7b70e015ddbb18f3f2b
data/mypaint-brushes/classic/blend+paint_prev.png	A		309433a769a0c5369317f01b960f3d91164d9fc3
data/mypaint-brushes/classic/blending_knife.myb	A		141b6a10434261bd483afc92be94353192aa1621
data/mypaint-brushes/classic/blending_knife_prev.png	A		bbaf671c852ed3672020ca67c1df413938c63856
data/mypaint-brushes/classic/blur.myb	A		518ed4db2cdb17d1214f5072121f2540fc30f9a8
data/mypaint-brushes/classic/blur_prev.png	A		9fd4f31c67b4aaed451105b3f5fc8e48bba9bf61
data/mypaint-brushes/classic/brush.myb	A		f18af6878dc45415cd6c41631ed6f42d6341beb2
data/mypaint-brushes/classic/brush_prev.png	A		e81c052b8ccc02f5c1cd07f1c36bd1fcaf2d1ff8
data/mypaint-brushes/classic/bulk.myb	A		7db1a633e40ca81cc459b202ae313ded10437849
data/mypaint-brushes/classic/bulk_prev.png	A		391cef6b64b45abd837b8d2940cd766368f54380
data/mypaint-brushes/classic/calligraphy.myb	A		3cd1441740e006eba9da367c1a8f7e0b767ee5a0
data/mypaint-brushes/classic/calligraphy_prev.png	A		49c4e3e0b39231896509d8435de026dfd19439d7
data/mypaint-brushes/classic/charcoal.myb	A		f4d9df8683e45a9e1d476b842f8537f6b1816083
data/mypaint-brushes/classic/charcoal_prev.png	A		24a020fa794fbc846c2730cf33c48d7764dc676c
data/mypaint-brushes/classic/coarse_bulk_1.myb	A		ebf414e50254aa447b8594940770c4303556246b
data/mypaint-brushes/classic/coarse_bulk_1_prev.png	A		85b0e09d6be6f005c26e387070e76f477cf91180
data/mypaint-brushes/classic/coarse_bulk_2.myb	A		7c00b339ab771db8ec589ddfea55daf553f493de
data/mypaint-brushes/classic/coarse_bulk_2_prev.png	A		e410a1a64b236e0a42d34b5eec3c120a155b96c7
data/mypaint-brushes/classic/coarse_bulk_3.myb	A		9e8f6c1019f3eeb21d75b1e63dd0d56e410c4929
data/mypaint-brushes/classic/coarse_bulk_3_prev.png	A		da2acf0576d38c82fab8e61b46c7159f7147c388
data/mypaint-brushes/classic/dry_brush.myb	A		c3dd829b14f974e47245e7758ac1e4baa93a2ba2
data/mypaint-brushes/classic/dry_brush_prev.png	A		c554a3a9f2c46e6f70b0baf6bfc1c7e39d967a76
data/mypaint-brushes/classic/files	A		9b5ce39ca19cf1acfd971eb3d1bd5c253bbb9dff
data/mypaint-brushes/classic/imp_blending.myb	A		16aa0bb4c0acda35621e232a251be5dd977552e2
data/mypaint-brushes/classic/imp_blending_prev.png	A		6f39b81f7cd61fdda666a3a65160cf1b54542170
data/mypaint-brushes/classic/imp_details.myb	A		aaf3a1f7077505b8209c6bc7a13f7ec85243bec0
data/mypaint-brushes/classic/imp_details_prev.png	A		89453b3f70202145b44e95ee2038d2f024caefdd
data/mypaint-brushes/classic/impressionism.myb	A		68f16e3b2436bdc578d92953de22978c6fabaa69
data/mypaint-brushes/classic/impressionism_prev.png	A		e4d9fa1e5f06c6e8199bacc24282e4b7fa6ee2b6
data/mypaint-brushes/classic/ink_blot.myb	A		aa843165b56a4598e685f74640e8787e2d3958f5
data/mypaint-brushes/classic/ink_blot_prev.png	A		5f8f68c77d2d9b51f426cc5a377dbe8b4db3f4b4
data/mypaint-brushes/classic/ink_eraser.myb	A		e8527ba0f9100e8bfe1f86f1ecd608664f6a4ba9
data/mypaint-brushes/classic/ink_eraser_prev.png	A		1325e99458635eeb096bd886ff20c9cbdfb0f95f
data/mypaint-brushes/classic/kabura.myb	A		499f273adb4d60a7ed46e7a8d2535d47d36884a5
data/mypaint-brushes/classic/kabura_prev.png	A		17335f9fc030ae84624d0c9ed998be5734f98bb4
data/mypaint-brushes/classic/knife.myb	A		126e25a7b37ebd6e7d7117929ba7580343191e79
data/mypaint-brushes/classic/knife_prev.png	A		535976c3b05660b14af784867fa639c5a3dc17ac
data/mypaint-brushes/classic/long_grass.myb	A		d49235577e8b985f7b69c37f2cfebf6532ec53a7
data/mypaint-brushes/classic/long_grass_prev.png	A		cd5a4a37d427851f1661c175ee3729d234b39fb8
data/mypaint-brushes/classic/marker_fat.myb	A		509c7c2c96aada59e3982b915dc72255f122f3f9
data/mypaint-brushes/classic/marker_fat_prev.png	A		5d99b17b1a32ea60cf489003e670d6fff5077190
data/mypaint-brushes/classic/marker_small.myb	A		281d2c44bb1edbb7b102e0e829abc7a8da2b894c
data/mypaint-brushes/classic/marker_small_prev.png	A		3834028df463d38a4a8dbf7ce4ec6407abb9a1e8
data/mypaint-brushes/classic/modelling.myb	A		348f93e7ba82ff0283e6b0c51bfdb1fe8687cf00
data/mypaint-brushes/classic/modelling2.myb	A		3e08e7569fc6af72d5bbc8e4ce14b13224bcf023
data/mypaint-brushes/classic/modelling2_prev.png	A		179c84de67f1fe36026c4905fd433d7f96163d77
data/mypaint-brushes/classic/modelling_prev.png	A		5ec6c93e26cfef9bfb7d6547cd013334dab65766
data/mypaint-brushes/classic/pen.myb	A		605789620961946efc844da9f6360e4010ccfa6a
data/mypaint-brushes/classic/pen_prev.png	A		b87e2487bf1b47e843c79072f72223abd2d256c8
data/mypaint-brushes/classic/pencil.myb	A		28784348d6eceb07bc9cac4e8c81373050b57142
data/mypaint-brushes/classic/pencil_prev.png	A		6e618eba8ad523b1f68368ec0f036202870b5b36
data/mypaint-brushes/classic/pointy_ink.myb	A		d6e77be0b47f26d455145605ee5e19f5a6a974f5
data/mypaint-brushes/classic/pointy_ink_prev.png	A		1b0aafa09158bc7301fb6cca9348f97b08fe2f98
data/mypaint-brushes/classic/puantilism.myb	A		dd6db48ccc977909f5df943139b93c1d7c3d1a1b
data/mypaint-brushes/classic/puantilism2.myb	A		5fc00294f2db0057b5c2cbe332a7e4a7d69d930b
data/mypaint-brushes/classic/puantilism2_prev.png	A		399c09313f79f1535f52a2d326f24a01fa4603da
data/mypaint-brushes/classic/puantilism_prev.png	A		306b4dda0ebfd76a70922039277f1ff4ee70c819
data/mypaint-brushes/classic/rounded.myb	A		5295d7e0b225514fae0ef74b4b6f367f4ef6946c
data/mypaint-brushes/classic/rounded_prev.png	A		6c706a77f2744c4bef9fa1699dc2a0dfaa96d20a
data/mypaint-brushes/classic/short_grass.myb	A		1521fbec52ff94b075bb1efef329cb921f3b990a
data/mypaint-brushes/classic/short_grass_prev.png	A		181375de3efa5a6486e25608879ac7267c5a86e9
data/mypaint-brushes/classic/slow_ink.myb	A		7452fa8f2c5c4c3c85f81dbde2cc5864fe36ed78
data/mypaint-brushes/classic/slow_ink_prev.png	A		29dbeb991ddf2a5310b6cd4b22c65d459f3f3c11
data/mypaint-brushes/classic/smudge+paint.myb	A		bf747b66e93eb7aef14e90742625c947bc7219b8
data/mypaint-brushes/classic/smudge+paint_prev.png	A		261ef9a522de67d9b90f85660cba8c75f6d246d5
data/mypaint-brushes/classic/smudge.myb	A		876fdd194bf5f56cfa47f3ca2555d3b8977e1cc0
data/mypaint-brushes/classic/smudge_prev.png	A		e9e08ee5a17c47f99a76f9088e77cac0745b4f8d
data/mypaint-brushes/classic/textured_ink.myb	A		30588b50fcfb2506007718e35848855ab4c7669e
data/mypaint-brushes/classic/textured_ink_prev.png	A		2affba569d6efd2a52a27ac39a95acdcc1eb1dde
data/mypaint-brushes/classic/wet_knife.myb	A		dfafb983ccd9357cd82e731370c468c108364192
data/mypaint-brushes/classic/wet_knife_prev.png	A		2e3e6412a3d1bbb20c3f3884be3c1a59e234ca09
data/mypaint-brushes/deevad/2B_pencil.myb	A		3205cbc98c1272249a2c3a8cf557006887db3c10
data/mypaint-brushes/deevad/2B_pencil_prev.png	A		73d3a99e9e9a6bf5b8baa594401c7db1b8fde4e1
data/mypaint-brushes/deevad/4H_pencil.myb	A		0a80faac850ec78d6057b65b506c93d2d979293e
data/mypaint-brushes/deevad/4H_pencil_prev.png	A		1a5b4e7bcb6a5b63109719b2ded924b1631d1b45
data/mypaint-brushes/deevad/Makefile.am	A		e6fe2d15fa9be04d3bb1c556ee4e77c46ee87be5
data/mypaint-brushes/deevad/airbrush.myb	A		8b4249019795f36f56f0a724d07e2614bc3656e2
data/mypaint-brushes/deevad/airbrush_prev.png	A		188ebaae4d02489f790387216353ee975a5e0843
data/mypaint-brushes/deevad/ballpen.myb	A		259fe8622808c7ebd79bbe996ea5d5c260e98f8f
data/mypaint-brushes/deevad/ballpen_prev.png	A		d74140f40993b6080fdfca4ca3727a3a49186443
data/mypaint-brushes/deevad/basic_digital_brush.myb	A		7245fa7aac4c12d03b4c975f55c8e1755eb4c03b
data/mypaint-brushes/deevad/basic_digital_brush_prev.png	A		75a6a40c9cebdbc492312a2c0f37801dafd2b377
data/mypaint-brushes/deevad/basic_digital_brush_smudging.myb	A		c3b3dbba024f03028a412bc6736563db6bc94653
data/mypaint-brushes/deevad/basic_digital_brush_smudging_prev.png	A		dfc1f039295a9093ee4387f80d5062ececa9c244
data/mypaint-brushes/deevad/basic_digital_knife.myb	A		355c44c7a96fa43f3b13e60b27ead37491846c25
data/mypaint-brushes/deevad/basic_digital_knife_prev.png	A		3b06ffe4ea9aa5011d491c691ce83b72806f1c18
data/mypaint-brushes/deevad/basic_digital_knife_smudging.myb	A		ef074467996709da8dd614206b6ac93766b04815
data/mypaint-brushes/deevad/basic_digital_knife_smudging_prev.png	A		626abe4b6a773d4da2e217b64125dfc1e34425f8
data/mypaint-brushes/deevad/blending.myb	A		2aaa94dcca6528d39ec9bf0c598badacf4bf1f84
data/mypaint-brushes/deevad/blending_prev.png	A		8b05d04b31ff85f9ec491dbdbaa256fbd5bac0de
data/mypaint-brushes/deevad/brush.myb	A		7dcb8206ea51f9a3054cfcf5f6a34fe734c573f6
data/mypaint-brushes/deevad/brush_prev.png	A		17725ba59b7f80ccb947f9b4f06794e4a170ac26
data/mypaint-brushes/deevad/chalk.myb	A		c2a272e5c99ebb2c22bfc3c758a09339b2eb9ee8
data/mypaint-brushes/deevad/chalk_prev.png	A		a4927ba6a0643c10d7e7ee886ca7d25800d37555
data/mypaint-brushes/deevad/detail_brush_large.myb	A		71c75d19b3dc3ad9a3e9017a83d53c2818f0e1d7
data/mypaint-brushes/deevad/detail_brush_large_glazing.myb	A		02e3b5dcc58ec786a88d8f67a9b3747f062f333e
data/mypaint-brushes/deevad/detail_brush_large_glazing_prev.png	A		be7980975ec398647aa8de4fa860c493726c0f0d
data/mypaint-brushes/deevad/detail_brush_large_prev.png	A		a075e4e8092546253f69f55290755ec2e8531e65
data/mypaint-brushes/deevad/detail_brush_thin.myb	A		eb4586df41a01de7dace8014c4720cb639f0fed0
data/mypaint-brushes/deevad/detail_brush_thin_glazing.myb	A		9947ea8ff62666f26d3368545d63821860a918d7
data/mypaint-brushes/deevad/detail_brush_thin_glazing_prev.png	A		546ac3a3916c86bb7272e27cafd5b614d8e017d0
data/mypaint-brushes/deevad/detail_brush_thin_prev.png	A		d6d45a12a06c2d63a115d6983f7cd13055530bc4
data/mypaint-brushes/deevad/files	A		63a6339823e55b01e425953b2c73cc1b599a8d11
data/mypaint-brushes/deevad/fill.myb	A		a933a3a346c8bb56e216b2fcd5610fab23231c3e
data/mypaint-brushes/deevad/fill_prev.png	A		beb79e51f62e4700db2ba476f96ac93df6c29d69
data/mypaint-brushes/deevad/grainy_blending.myb	A		19a166d9ee8ab5a2906b5e58688a806793263841
data/mypaint-brushes/deevad/grainy_blending_prev.png	A		2aa178efb84248f6afe8be370141cfc17731f8c0
data/mypaint-brushes/deevad/kneaded_eraser.myb	A		1e9590678e0c7eeb2963bca38c5ae1d2c8d13731
data/mypaint-brushes/deevad/kneaded_eraser_large.myb	A		7c7c4f97613e4e288993799bdfa01c76584a6ea8
data/mypaint-brushes/deevad/kneaded_eraser_large_prev.png	A		cff00372802fa2c66623d9adc3c0ec34ba8efa1e
data/mypaint-brushes/deevad/kneaded_eraser_prev.png	A		0d83136f266c70f5fcc9682320bb0f2c00dfb433
data/mypaint-brushes/deevad/large_hard_eraser.myb	A		38cae31a26c1fd918b9e80437b6fcd5fc016ea8b
data/mypaint-brushes/deevad/large_hard_eraser_prev.png	A		b8d8d68449618dc8b69c7267ccbd3adef4774ed9
data/mypaint-brushes/deevad/large_watercolor_fringe.myb	A		3de572ff641141691a104cb0b03a0cebb6906124
data/mypaint-brushes/deevad/large_watercolor_fringe_prev.png	A		624e1277c9e75e2a84128585b9ec1714e7def995
data/mypaint-brushes/deevad/liner.myb	A		46e868fba9c3327cbfd1dadc4b99d0cc299a95a0
data/mypaint-brushes/deevad/liner_prev.png	A		d30843451e8fa637b1a0c8fa73b90368d7ca658a
data/mypaint-brushes/deevad/only_water_fringe.myb	A		9132b447b278315ffc16affd05709cdec977bbba
data/mypaint-brushes/deevad/only_water_fringe_prev.png	A		19563bd8524f02561fba91b10f8307e2a89fadbe
data/mypaint-brushes/deevad/pen-note.myb	A		a3a92aa4f5621bd1d170dc0932ccada1ef94fef0
data/mypaint-brushes/deevad/pen-note_prev.png	A		184693842dc4453043a8d04778bbfe922a9062e9
data/mypaint-brushes/deevad/pen.myb	A		cffd5c1fde84a81b6310791e7655522d48235110
data/mypaint-brushes/deevad/pen_prev.png	A		660a32c25824a79a9acf9f1c674f047bc43e808e
data/mypaint-brushes/deevad/readme.txt	A		ca68ce3e83f95db45299f124c640032e2247de93
data/mypaint-brushes/deevad/rigger_brush.myb	A		cc542f62cde13a584cffb592f32f63946eec918e
data/mypaint-brushes/deevad/rigger_brush_prev.png	A		6db91b125a6a143380ab987f9084968b727600fd
data/mypaint-brushes/deevad/rigger_brush_thin.myb	A		e1c511d50fdf3d330b074557bab92a6e739721ad
data/mypaint-brushes/deevad/rigger_brush_thin_prev.png	A		16dc0a89aad0060e1861757bfb954cd2ad688e88
data/mypaint-brushes/deevad/rough.myb	A		35bd670e3d0374b0ec3466ac3061750e73abd0aa
data/mypaint-brushes/deevad/rough_prev.png	A		a1dbb92ca851272aed7e9619cf2c91d363ab88dc
data/mypaint-brushes/deevad/soft-dip-pen.myb	A		2aa1040980fbb2f4aa6fec2fbfebcd4ad2d33b5c
data/mypaint-brushes/deevad/soft-dip-pen_prev.png	A		2d9f249e7444b63226a34ecafc1e96a686895612
data/mypaint-brushes/deevad/sponge_smudging.myb	A		1c54048e92bced0b7eafefeaaf1a3f7320bbd886
data/mypaint-brushes/deevad/sponge_smudging_prev.png	A		7653555a24412f89d23f91bc7cde89b562446609
data/mypaint-brushes/deevad/spray.myb	A		9f5593a2c9c933439ec3bf8f30355850a0c70e4e
data/mypaint-brushes/deevad/spray2.myb	A		9417b0892f9de94b3647f795ba5536a80d749765
data/mypaint-brushes/deevad/spray2_prev.png	A		0f92af7640ef3e15c564f14922673a7b92641aa0
data/mypaint-brushes/deevad/spray_prev.png	A		2447deffa3c44688324ba7b97b596ec017a46339
data/mypaint-brushes/deevad/thin_hard_eraser.myb	A		2622a79090dd69b9aabcd486869a23aeb826814b
data/mypaint-brushes/deevad/thin_hard_eraser_prev.png	A		c039bbf58e0d4b76c1bdf95575370bfa33f9996f
data/mypaint-brushes/deevad/thin_watercolor.myb	A		34cfbbaddd3debdfec06090a42d3e6443bf97312
data/mypaint-brushes/deevad/thin_watercolor_prev.png	A		b0267ad1b1080a24e7bdc0100d3a9ef80407cddb
data/mypaint-brushes/deevad/watercolor_expressive.myb	A		2402e51e2cfcc31980bf4ee52aa39e6c0ee8fb23
data/mypaint-brushes/deevad/watercolor_expressive_prev.png	A		da9b8cbe4cea68696c6882c6775bbb38ca19b5c9
data/mypaint-brushes/deevad/watercolor_glazing.myb	A		c8945f8e0e37c0943ada9e554b65e3c99f30372c
data/mypaint-brushes/deevad/watercolor_glazing_prev.png	A		834144d61737c8e2eb44a4c3a9b51fd1e194a371
data/mypaint-brushes/experimental/1pixel.myb	A		cc83fa3ba9624246d57e83eca08c12821e02453a
data/mypaint-brushes/experimental/1pixel_prev.png	A		5a3c68e96dcde37736b101d7756cf787ca6ea321
data/mypaint-brushes/experimental/DNA_brush.myb	A		02f6be9cf44090aaf48a9d2bd9a57540b54c17d4
data/mypaint-brushes/experimental/DNA_brush_prev.png	A		c695e23c687761ade856f6a265b3fd1d5aaaebc6
data/mypaint-brushes/experimental/Makefile.am	A		ad1ffea0bc72081bad1b4f2aea331a65476bd149
data/mypaint-brushes/experimental/basic.myb	A		2283362de5a1c9686d9259aa9bf4cf6b300a6d62
data/mypaint-brushes/experimental/basic_prev.png	A		d3a9cefa151011c13c21e458ca18bd61ecbfc8ec
data/mypaint-brushes/experimental/bubble.myb	A		0bec9acf93ed1af7c9a6197b5c8a1ec27cfe1c4d
data/mypaint-brushes/experimental/bubble_prev.png	A		1f554150d415ac0e944f952ac5bc69e071bf52e3
data/mypaint-brushes/experimental/files	A		63a6339823e55b01e425953b2c73cc1b599a8d11
data/mypaint-brushes/experimental/fur.myb	A		65cf214b0daaae27edd66531fbda541b712ab301
data/mypaint-brushes/experimental/fur_prev.png	A		91bf05cf624f5ef8decf04802bde06f8c2f593b5
data/mypaint-brushes/experimental/glow.myb	A		8974018147d49d9e5e6daada96a21aae16ed96ba
data/mypaint-brushes/experimental/glow_prev.png	A		6a71f0fc87f385b3f8a10b689d360daef3cd911d
data/mypaint-brushes/experimental/hard_blot.myb	A		a8ffe8e22a53b9669d46bc5812be4cc4d01f120a
data/mypaint-brushes/experimental/hard_blot_prev.png	A		7613d83f6002c8d44705f9e56bf70c6d80ddd160
data/mypaint-brushes/experimental/hard_sting.myb	A		e83912b6091aadc95753e4c66fcf5d01cac05dfb
data/mypaint-brushes/experimental/hard_sting_prev.png	A		bebdc16ae44b07f6b9535bf2a712d0d30b86fb64
data/mypaint-brushes/experimental/irregular_ink.myb	A		aec1fdc052c0d8f7c76ba1cb5ca2de46675089da
data/mypaint-brushes/experimental/irregular_ink_prev.png	A		249f6f6b8530fdd5f66d50789a1da576232b5a90
data/mypaint-brushes/experimental/leaves.myb	A		42809a5f9769f12c14cc76a98aab88aec43cf53f
data/mypaint-brushes/experimental/leaves_prev.png	A		c071a57e2c63db895b359abcf66fd1683915ede7
data/mypaint-brushes/experimental/particules_3.myb	A		59eb476f0c2f00d50bd1d37d15a937a1aa534b18
data/mypaint-brushes/experimental/particules_3_prev.png	A		cc4fa69bf9199bb3488143f6bf643b3b3983ed57
data/mypaint-brushes/experimental/particules_eraser.myb	A		cf7d1e28f81251404911234bd5d4f0ee12c3713b
data/mypaint-brushes/experimental/particules_eraser_prev.png	A		d2572b4f96c7f961bb1908cfc363608e1221de97
data/mypaint-brushes/experimental/pick_and_drag.myb	A		4b6fe2aafb378966729a71eb8be11a0204228bb3
data/mypaint-brushes/experimental/pick_and_drag_prev.png	A		141ea9e6db1089b498d2f5b07032709718f75bcb
data/mypaint-brushes/experimental/pixel_hardink.myb	A		6fa68989d49c2eb68a72c3f5bb192bf0ab785ac4
data/mypaint-brushes/experimental/pixel_hardink_prev.png	A		5a253969d4d74d0684dcdc444724a980e40de3ac
data/mypaint-brushes/experimental/pixelblocking.myb	A		ab1c15c3cdd30f9b86c2b81a35167d9ae2402105
data/mypaint-brushes/experimental/pixelblocking_prev.png	A		c5436a67285c92b39269a419bafcf1529394ad14
data/mypaint-brushes/experimental/sewing.myb	A		f351f3cc612fdca553f140c0850d824cfd191134
data/mypaint-brushes/experimental/sewing_prev.png	A		234ab80a30b6f77fa742259061bcb175022fcbf8
data/mypaint-brushes/experimental/small_blot.myb	A		ed1d3539606e26a370486e862196efc566b62d55
data/mypaint-brushes/experimental/small_blot_prev.png	A		4f3a96c98324cd338bb265ae36df6bb2ea086eea
data/mypaint-brushes/experimental/soft.myb	A		662c34673ea815a00785d69bffa749789dda382c
data/mypaint-brushes/experimental/soft_irregular.myb	A		8f429c483dbe3063eb744d4d209d216084cd1755
data/mypaint-brushes/experimental/soft_irregular_prev.png	A		9ccd1705740a43fdb57912545554af763f56d2c5
data/mypaint-brushes/experimental/soft_prev.png	A		befb8a7b96977aea182f3a243adb200315a76632
data/mypaint-brushes/experimental/spaced-blot.myb	A		5f534a219551538640f68c16b8108ea3dba5b521
data/mypaint-brushes/experimental/spaced-blot_prev.png	A		64a2f47a6d9be571e38c15bba8540b051165b53d
data/mypaint-brushes/experimental/speed_blot.myb	A		5998c3740c605e86cbb77b26d3168184b574752b
data/mypaint-brushes/experimental/speed_blot_prev.png	A		420cc630574b44dcacb378813379d689579fb558
data/mypaint-brushes/experimental/subtle_pencil.myb	A		92c640e0932605e1d555b959ff4b0bf75632f740
data/mypaint-brushes/experimental/subtle_pencil_prev.png	A		370aae327c7756e0f18023daac2dc93fa58c084d
data/mypaint-brushes/experimental/track.myb	A		eddd8b434b6699f6385a7ff6f7ff827498642962
data/mypaint-brushes/experimental/track_prev.png	A		7eec85f65277164acbe07f21146b6ff36ce67b0e
data/mypaint-brushes/kaerhon/Airbrush_a.myb	A		6c2a3e99aa7692e0ed1c8a190c2b6f85583e2065
data/mypaint-brushes/kaerhon/Airbrush_a_prev.png	A		55d0ab1773ee051805758ee4879fbf84191ff6df
data/mypaint-brushes/kaerhon/Dirty_Transparent_sk.myb	A		2b878ea0033bda0f509833ab160b7eeb8d58f270
data/mypaint-brushes/kaerhon/Dirty_Transparent_sk_prev.png	A		5767f46eb922f50904cb3c11b05106bd4dda525b
data/mypaint-brushes/kaerhon/Makefile.am	A		ff1ce29dc22560969cc7c0495d8e9019cefa1f77
data/mypaint-brushes/kaerhon/ReadMe.txt	A		c8ff7ed492c5c55f593f8c5be57116bb0018000d
data/mypaint-brushes/kaerhon/Sketcher2_sk.myb	A		3cebd483e3b6ed5d25774f0f5a7f5754c1c11fc6
data/mypaint-brushes/kaerhon/Sketcher2_sk_prev.png	A		a61bb5054b96e7f05877fff5287d5af3f77289f6
data/mypaint-brushes/kaerhon/Smear_sm.myb	A		845bc617fdce5c0b0d384420d5df152d865463c1
data/mypaint-brushes/kaerhon/Smear_sm_prev.png	A		4756d24b8a4b2819b67cdb9c9b6ef46b3985ed92
data/mypaint-brushes/kaerhon/airbruch_press_a.myb	A		a59a19798456818279d2818591b59b20b649fe2a
data/mypaint-brushes/kaerhon/airbruch_press_a_prev.png	A		c549b46d3b66e46ae7da77fbf372551362097d9a
data/mypaint-brushes/kaerhon/airsmudge_a.myb	A		5909fff54f75267d2c6f40fd1dc58476982d7e82
data/mypaint-brushes/kaerhon/airsmudge_a_prev.png	A		bdfd9e867667a649a8e427d0a398c4456dc39197
data/mypaint-brushes/kaerhon/airsmudgeultimate_sk.myb	A		bbaf477f60caa54491ae2742e7fba8b140c8b0eb
data/mypaint-brushes/kaerhon/airsmudgeultimate_sk_prev.png	A		1da355e88ec76a80629c70c92623ce0bfbf5f87c
data/mypaint-brushes/kaerhon/classic_sk.myb	A		40a64198716f46a2992edfccc49dcecd0fc71f57
data/mypaint-brushes/kaerhon/classic_sk_prev.png	A		2027ea4d172c722b8960e10b25f821b19b1f8997
data/mypaint-brushes/kaerhon/classicroundblock_static_c.myb	A		3f87d60311244d3e9d47b448a49514e9e610fd2c
data/mypaint-brushes/kaerhon/classicroundblock_static_c_prev.png	A		80ca14b800bd3aeeb34bad02702ea3e520788b3e
data/mypaint-brushes/kaerhon/extreme_round_l.myb	A		3b8d53675dbd695990e0c47321378141ccdfe6f3
data/mypaint-brushes/kaerhon/extreme_round_l_prev.png	A		d3122e454d80e714a6f32e37b4a742c01b002a4c
data/mypaint-brushes/kaerhon/files	A		9b5ce39ca19cf1acfd971eb3d1bd5c253bbb9dff
data/mypaint-brushes/kaerhon/fill_c.myb	A		dd36501430c915db227c857c86f178e646f9776e
data/mypaint-brushes/kaerhon/fill_c_prev.png	A		25df6b65c80f810dcf75d8bcbaf75a1bcdec5a60
data/mypaint-brushes/kaerhon/flat_bar_l.myb	A		f6a2a44feccd892c511384ad40c462f2e4f0b27a
data/mypaint-brushes/kaerhon/flat_bar_l_prev.png	A		e9949709dab2c8d4db5b8b0b6df73f327810e8a2
data/mypaint-brushes/kaerhon/ink-slowline_s.myb	A		a8539ebfc41d0b2d3a4111710dd45c36f5dd7e31
data/mypaint-brushes/kaerhon/ink-slowline_s_prev.png	A		4377bd0eca84ba8b304c8379460cbadcbfb213ba
data/mypaint-brushes/kaerhon/ink_slow_s.myb	A		c477434d92f83f2a68e4e882d25ac98ac1fa7150
data/mypaint-brushes/kaerhon/ink_slow_s_prev.png	A		324befd71448eb1dcec13ac15998c8a7fa94f851
data/mypaint-brushes/kaerhon/inkster_l.myb	A		9f6c7d166b586fe7cc4395272de2f0c13bf68d16
data/mypaint-brushes/kaerhon/inkster_l_prev.png	A		5ab74804922dc1383d88992b91e18319f21d4e12
data/mypaint-brushes/kaerhon/paint_barrr_sm.myb	A		bd179d8e55de0acf17041dfe44597db5386aef4e
data/mypaint-brushes/kaerhon/paint_barrr_sm_prev.png	A		b76cc031ddcb8a2958e14a7ff0fab2bc9c9987ee
data/mypaint-brushes/kaerhon/paint_radius_2_sm.myb	A		00542f56712fb15cd2b6d6504028b711e849f858
data/mypaint-brushes/kaerhon/paint_radius_2_sm_prev.png	A		c430790fc2af80d524feb38f6ee98314c105da7b
data/mypaint-brushes/kaerhon/paint_sm.myb	A		c54d12107591321874db3904279797c3c955976c
data/mypaint-brushes/kaerhon/paint_sm_prev.png	A		b73a0aedc5051cc29660c19a8cde64f6605d4c71
data/mypaint-brushes/kaerhon/smudge_ink(0.7)_sm.myb	A		c989fe517fadecee252bbfb57a00089d30a560fd
data/mypaint-brushes/kaerhon/smudge_ink(0.7)_sm_prev.png	A		5bd8a44be66bb99b46730b00b2f78c87e1dc2d4c
data/mypaint-brushes/kaerhon/wet_paint_sm.myb	A		c4fad9d68b9c114c56c5462c27fedfa46c867989
data/mypaint-brushes/kaerhon/wet_paint_sm_prev.png	A		ded71b9d60315616513bc30bd07caa160a78528b
data/mypaint-brushes/label-brush-mypaint.sh	A		b640164fae398977f576b30550492dfb4e2e8e65
data/mypaint-brushes/prev-template.xcf.gz	A		3cd1bd9a2058d5755f0c0e10bbf05caec776a118
data/mypaint-brushes/ramon/100%_Opaque.myb	A		939be0ce2b84b1b6a6dbada2f34fa490c5da6107
data/mypaint-brushes/ramon/100%_Opaque_prev.png	A		6b4b8169374141a26de20e119bd29ba89b71b42c
data/mypaint-brushes/ramon/2B_pencil.myb	A		28dd91f73325a84e4281b5cae8c02dcc98653b11
data/mypaint-brushes/ramon/2B_pencil_prev.png	A		6020ae9f01996ba40c5e0eaa47ccdc2f9b7e18c8
data/mypaint-brushes/ramon/B-pencil.myb	A		daf65acad90c49e1b66b531363eeeb9e1bfd47df
data/mypaint-brushes/ramon/B-pencil_prev.png	A		d5ad20e1189f5689dbc69a08ddf7a88b9953047f
data/mypaint-brushes/ramon/Beamlight.myb	A		598c3580169f3ed84fa943ef599f9b0c81151f90
data/mypaint-brushes/ramon/Beamlight_prev.png	A		a78f1ab9ae97ccfb2f2aaa0891c1e3950f187e3b
data/mypaint-brushes/ramon/BigAirbrush.myb	A		b99688f208f9e25d7d649c0f699e083507bdd85e
data/mypaint-brushes/ramon/BigAirbrush_prev.png	A		8ee9146f76f7147ec9a1533bae7024c856eb69cf
data/mypaint-brushes/ramon/Blur_Fast.myb	A		bc84f82dcbab8c9cc90021881bb37417b8d94fa3
data/mypaint-brushes/ramon/Blur_Fast_prev.png	A		34a33a019b9176ee632aabb38440496759616321
data/mypaint-brushes/ramon/Classic_Paint.myb	A		18f29744007c1c7ca3c67aa1a3b2de2074f8709b
data/mypaint-brushes/ramon/Classic_Paint_prev.png	A		8db33cea67e5bce736fa057ce2851aa4ba122c42
data/mypaint-brushes/ramon/Clouds.myb	A		4f8006100734f70dcc2f5db1e63e6af4f0ff6f01
data/mypaint-brushes/ramon/Clouds_prev.png	A		b481ce7a0b860346d4df0106637a7f21d3fa1142
data/mypaint-brushes/ramon/Delayed_.myb	A		ef5edd5f595ff331563f807ee8f52c997f0655d1
data/mypaint-brushes/ramon/Delayed__prev.png	A		f75c3f660ed75ba86c2174369f36dd982b5ad540
data/mypaint-brushes/ramon/Dirty_Noise.myb	A		d27ba1793e7fcf9af68a22ce08215599cecf5d84
data/mypaint-brushes/ramon/Dirty_Noise_prev.png	A		7bc0a2e26a1a03ad01ee1bb4faebd811fafd705e
data/mypaint-brushes/ramon/Glow_Airbrush.myb	A		9e8bbff03bf4b1862dcfce5ddef697e3afae1ec4
data/mypaint-brushes/ramon/Glow_Airbrush_prev.png	A		2ab739235feb758931b3fc09030d0d407c482992
data/mypaint-brushes/ramon/Grain.myb	A		650eb09e2924efa452fcbb1a4239c70f1f71975d
data/mypaint-brushes/ramon/Grain_prev.png	A		1a5e9998b5bda77f40065506fe1d97eb58fae14a
data/mypaint-brushes/ramon/Hard_Eraser.myb	A		1c35b986e8a12863a013cfad62d4045fb3843ff5
data/mypaint-brushes/ramon/Hard_Eraser_prev.png	A		2134b1e69bd67ccd399c2d7e40f444502faea301
data/mypaint-brushes/ramon/Knife.myb	A		6c165798ca4e66aa77d0263d31706e42827b5160
data/mypaint-brushes/ramon/Knife_prev.png	A		c9bf0e315f2840894579d8b40218c99bf2dd7a8e
data/mypaint-brushes/ramon/Makefile.am	A		dff1e44dee2c1264ee90030d06c56b7d78da0a86
data/mypaint-brushes/ramon/Marker.myb	A		98dbc6979be06fbd22f798c8294bed206434dbbb
data/mypaint-brushes/ramon/Marker_prev.png	A		804051f8f807b6df5947634a31500c6a79ca39c2
data/mypaint-brushes/ramon/P._Shade.myb	A		3b169a8cfd69c7720ef3938567ff3d742ab4928e
data/mypaint-brushes/ramon/P._Shade_prev.png	A		baa2b19cb92e44142c48aee1419a6015f34b1ada
data/mypaint-brushes/ramon/Pastel_1.myb	A		63e9ad5d1739449db21f6ebc48bc0d4bf1439d19
data/mypaint-brushes/ramon/Pastel_1_prev.png	A		d489cd951911ef9c568968af23e09d2a1f73d80a
data/mypaint-brushes/ramon/Pen.myb	A		74de6b0a50fd1c0256b7d29ce5595ff18de9c0b0
data/mypaint-brushes/ramon/PenBrush.myb	A		2f54ef455d0fc833e702f7512c839b6623c844dd
data/mypaint-brushes/ramon/PenBrush_prev.png	A		61e9f397e35b839ce84014c88cde3b68fe2d6bb7
data/mypaint-brushes/ramon/Pen_prev.png	A		8d92608e1cfa347f9f203b25f31da8bed8fb672c
data/mypaint-brushes/ramon/RS_blendOP.myb	A		a895ba84d58e040562d125220636dfa30733a3cb
data/mypaint-brushes/ramon/RS_blendOP_prev.png	A		e25ab5130cba64226564fe0ad8863ef481f266e9
data/mypaint-brushes/ramon/Round.myb	A		6cbff103d9db457b438b70e94d05352497bd7258
data/mypaint-brushes/ramon/Round_Bl.myb	A		8b17f667642d87a5f6e382c662cd9f7596cbdab4
data/mypaint-brushes/ramon/Round_Bl_prev.png	A		656f5c7d74a171b99f6ae188b70eb6309b712e24
data/mypaint-brushes/ramon/Round_prev.png	A		b5ba66326434c95be5eb605efb739132620b9a02
data/mypaint-brushes/ramon/Sketch_1.myb	A		3c263a62d3e89df29c1f26e9acac7a338a5e193e
data/mypaint-brushes/ramon/Sketch_1_prev.png	A		55ee7980d3a1c2e78dc606dbb268cda6d62d2a04
data/mypaint-brushes/ramon/Smear.myb	A		e636403032858d994e4d3b947226f19f92cc1c05
data/mypaint-brushes/ramon/Smear_prev.png	A		57b1e1e552f734d8fe5edc97195278a0f79e85da
data/mypaint-brushes/ramon/Soft_Eraser.myb	A		524075b826af92a224a7b7b47a7a9ea95f15f3a2
data/mypaint-brushes/ramon/Soft_Eraser_prev.png	A		b15ecbadca1295b87bf31fbc4e527f2f8b70ca5a
data/mypaint-brushes/ramon/Thin_Pen.myb	A		79ac72ae07a69b028656f6b90f3213082c4437f5
data/mypaint-brushes/ramon/Thin_Pen_prev.png	A		f1f5bcae4902f3c52d973fa5cc9e5b1121b72ae9
data/mypaint-brushes/ramon/Wet_Direction.myb	A		e500a03cbde74a73c1dc269030ddedb80f36d78d
data/mypaint-brushes/ramon/Wet_Direction_prev.png	A		45955c4cc9635b8f7c87f68f46e713f019c42e3c
data/mypaint-brushes/ramon/files	A		9b5ce39ca19cf1acfd971eb3d1bd5c253bbb9dff
data/mypaint-brushes/ramon/wet_round.myb	A		924424b49eb5321f43d909db07d2272d75e3a628
data/mypaint-brushes/ramon/wet_round_prev.png	A		b08d7226a5e0b1452e3090d37af31394040c5a1f
data/mypaint-brushes/tanda/Makefile.am	A		9b3d71b27b6b9e7fe0b0fd57bf0370a4f997d03e
data/mypaint-brushes/tanda/acrylic-03-only-water.myb	A		94c2398a492887fc220457fcd8c37ca739191339
data/mypaint-brushes/tanda/acrylic-03-only-water_prev.png	A		7e2df057b3e6b6fc995550d64048ae657ff9030f
data/mypaint-brushes/tanda/acrylic-03-paint.myb	A		e36fa0d32c38a099a704bfd68841026fb1e41798
data/mypaint-brushes/tanda/acrylic-03-paint_prev.png	A		f11629b007d4b04f4370992f49c7e4997a82bf29
data/mypaint-brushes/tanda/acrylic-03-with-water.myb	A		72de643b139189e76cf1e92f7f98d15f46d0cb48
data/mypaint-brushes/tanda/acrylic-03-with-water_prev.png	A		14d12328127a6dbf7cec7050204771bb3d89c59b
data/mypaint-brushes/tanda/acrylic-04-only-water.myb	A		15d8c3d7148ef926016ed4043f3c5705d32058d1
data/mypaint-brushes/tanda/acrylic-04-only-water_prev.png	A		2895b0d06e421381f1b39324b5032e2dcd2bb9b7
data/mypaint-brushes/tanda/acrylic-04-paint.myb	A		58152d0d65c671ab3c765ffe5ae10a7c080e28dd
data/mypaint-brushes/tanda/acrylic-04-paint_prev.png	A		0f53b2ff07ca603a298a1af5d5ae22a974d2deb4
data/mypaint-brushes/tanda/acrylic-04-with-water.myb	A		9b501c59f54581a7dfa9cbd4d9090e38b90fe03a
data/mypaint-brushes/tanda/acrylic-04-with-water_prev.png	A		aad96b7c1fe9602786c48411e1f0c5cc1e95cb98
data/mypaint-brushes/tanda/acrylic-05-only-water.myb	A		cbea5d0e6c5d8ffe4d44b40845696f09586f6fa3
data/mypaint-brushes/tanda/acrylic-05-only-water_prev.png	A		9c4f9aa0bedabbe624ebef8a8b9d2a1cfb3fa9d0
data/mypaint-brushes/tanda/acrylic-05-paint.myb	A		3df38af1e61fa6e4a512d8340319489a961ed7c9
data/mypaint-brushes/tanda/acrylic-05-paint_prev.png	A		1004ff8385f59691dfac59f5770e52a82ed1f6df
data/mypaint-brushes/tanda/acrylic-05-with-water.myb	A		daa14f3b955a2d74bc4670000e7a159da95994f3
data/mypaint-brushes/tanda/acrylic-05-with-water_prev.png	A		6082a1b6eb6d556a13e59dd13bff2e31eea82564
data/mypaint-brushes/tanda/charcoal-01.myb	A		efda2625e965f8ae2c9209ae5f089a6ec4dd3b9b
data/mypaint-brushes/tanda/charcoal-01_prev.png	A		a00f558d6df6f1e740d2ccced96f628a614e0ca9
data/mypaint-brushes/tanda/charcoal-03.myb	A		a3450e9dc80a16f6f4a3af07c5a367b1d40b3cd2
data/mypaint-brushes/tanda/charcoal-03_prev.png	A		2e13ee0f5f3dd3e69aecbd2c6ef307973e1e9ddf
data/mypaint-brushes/tanda/charcoal-04.myb	A		9541a17544d62c2db65ab7a3db65fe5af73c445b
data/mypaint-brushes/tanda/charcoal-04_prev.png	A		8747a6a02b2786f96571165a73e2b982f7995904
data/mypaint-brushes/tanda/charcoal-blur1.myb	A		74b7e4829d77fe9eb228aefab44ef736e613d233
data/mypaint-brushes/tanda/charcoal-blur1_prev.png	A		b8c8b3d268725504ee2fa0ac12d5f3e1319e8c0d
data/mypaint-brushes/tanda/files	A		9b5ce39ca19cf1acfd971eb3d1bd5c253bbb9dff
data/mypaint-brushes/tanda/marker-01.myb	A		e697bcac116bf67bf44ebd3a483f261278b4eaeb
data/mypaint-brushes/tanda/marker-01_prev.png	A		e2abd3274aa39099aca6d84539cfd3961cc140ca
data/mypaint-brushes/tanda/marker-05.myb	A		f04f675c9643416d447441786ecfab7231535ef3
data/mypaint-brushes/tanda/marker-05_prev.png	A		969ae88fdb23a14d82387c62f902d479799577c9
data/mypaint-brushes/tanda/oil-01-clean.myb	A		f046a3ae051f0e190fd93519bef895999db7a654
data/mypaint-brushes/tanda/oil-01-clean_prev.png	A		c930617c78c2e6ca3a147e1806654b46fc4c2532
data/mypaint-brushes/tanda/oil-01-paint.myb	A		20f2c49bced504143b0b5314703c39e0b3ae8557
data/mypaint-brushes/tanda/oil-01-paint_prev.png	A		c5c94e5dbe521e358590ae0d946747885e939e4b
data/mypaint-brushes/tanda/oil-03-clean.myb	A		3d75f68bbe8a95d40d3ff507758540e7559749e0
data/mypaint-brushes/tanda/oil-03-clean_prev.png	A		f84d6d50e2cb63e8769afb238522bcce3b699ca0
data/mypaint-brushes/tanda/oil-03-paint.myb	A		eb0bf4a6cedce7658471d07578159a3f1be0d6f3
data/mypaint-brushes/tanda/oil-03-paint_prev.png	A		04ff7f979306a15d56940bc702c52d18423ebd29
data/mypaint-brushes/tanda/oil-06-clean.myb	A		d74f74ad80b7e2e76fa52c072560fa64ccd48c85
data/mypaint-brushes/tanda/oil-06-clean_prev.png	A		402f30dc6b2d0ce9e2e44e54f0e3d0218f092f0a
data/mypaint-brushes/tanda/oil-06-paint.myb	A		6ecdb046a2984ffd1969cc03955f34b6ce5b32c2
data/mypaint-brushes/tanda/oil-06-paint_prev.png	A		41c82273789e19589971f47bcc330bbff8e749c8
data/mypaint-brushes/tanda/oil-mop.myb	A		84abcf58d8d333de1b360193af3db22ebcfc20b1
data/mypaint-brushes/tanda/oil-mop_prev.png	A		5325cedf986bfe113079744c210777e8c265492b
data/mypaint-brushes/tanda/pencil-2b.myb	A		a094b1ad2d53b76288b9ac3460abe1595efca6b1
data/mypaint-brushes/tanda/pencil-2b_prev.png	A		7e8f5f2a270e1507424b266684229159b7e4b2ea
data/mypaint-brushes/tanda/pencil-8b.myb	A		8c0ab0d7d8843d49a117aa9b72e73d3b1e702b97
data/mypaint-brushes/tanda/pencil-8b_prev.png	A		a1281b0d3e8bffe443e474b22072502ba2caf636
data/mypaint-brushes/tanda/splatter-02.myb	A		8517a2f83320a5278e33b0b1f07d2575b3acae96
data/mypaint-brushes/tanda/splatter-02_prev.png	A		c20a273d6555b6770ccc466736c1f77bad7260d9
data/mypaint-brushes/tanda/splatter-04.myb	A		d9bb3db249d8fca571c368ff22239a8e064c1509
data/mypaint-brushes/tanda/splatter-04_prev.png	A		03d801c66e326e6ed4eb6bf9b74dbe2e823492cf
data/mypaint-brushes/tanda/texture-03.myb	A		dd1c04f2455aec376d3772370e5b31f14e14dc03
data/mypaint-brushes/tanda/texture-03_prev.png	A		0a746418e94c6e12f63232aa1cd04abb8c1c412a
data/mypaint-brushes/tanda/texture-06.myb	A		341f4415baadd53e7cd77640df10173d6299e35d
data/mypaint-brushes/tanda/texture-06_prev.png	A		33e885938bb6910e739a454d10300e5f2864ae7b
data/mypaint-brushes/tanda/texture-12.myb	A		174fef1f6d77c6d5e33e48d846e3d8c5f0034a7d
data/mypaint-brushes/tanda/texture-12_prev.png	A		93cd9b6b9dbde6ee90a3cdd18d7364fa2d58f2c0
data/mypaint-brushes/tanda/water-01.myb	A		8d1558cc1339ab6dda67c8e78d680b5c460b1355
data/mypaint-brushes/tanda/water-01_prev.png	A		4e8b95a9c20fe3301f2d0fdd30989262aed138a5
data/mypaint-brushes/tanda/water-02.myb	A		4d4cad09edf114b5c2b87e1db8d19225bafa8462
data/mypaint-brushes/tanda/water-02_prev.png	A		9b711aa7b954dbe41cdf14b3213bec1f29e58dbc
data/mypaint-brushes/tanda/water-05.myb	A		cb0a2ab32bca209644ee95ea202ac648831bdd8b
data/mypaint-brushes/tanda/water-05_prev.png	A		0d699a7b4483f873fc30646e858d643fc8410edc
data/mypaint-brushes/tanda/water-06.myb	A		39537a0b862cdb6ac1736b539c54f423d552b63c
data/mypaint-brushes/tanda/water-06_prev.png	A		96eda5ea16f5dfa3d65a6c4c9c25c0d59885e8fd
data/mypaint-brushes/tanda/watercolor-02-paint.myb	A		e0f7542f726fddbf17aed5492252af72562b6b2f
data/mypaint-brushes/tanda/watercolor-02-paint_prev.png	A		ffb13821fddaf91239b19c5fe24e31b96e446a15
data/mypaint-brushes/tanda/watercolor-02-water.myb	A		bf8ec2e6c4e32cc5b58a9d7f7c4e140e23193b7f
data/mypaint-brushes/tanda/watercolor-02-water_prev.png	A		8b824145e8f6089a22b5975bb8ff812a4758192b
etc/Makefile.am	M	7ab896af81f56d5e75f5cb83081602521699be23	1ae82115d619ff2711374c3caa40656d0b05ea9e
etc/sessionrc	M	f41c3bf75e3e15878727afc76c4ad7a55304e7ae	ccfe4d82b9019ce9ef2f6e2a7a203f3580b6223a
etc/toolrc	A		b4f33c55bff71428c51c5eebbd14e53c7bd2ba16
libgimp/Makefile.am	M	6c7601fa26807497f83602b3a563587f1f0b1e73	35a3bb4fd59e387655461b77e8289646a7835cad
libgimp/gimp_pdb_headers.h	M	195c729917954d2bd5c7f09c819fbabe0ed38074	a5148b2b4d6528310b5f307eb80f3a12503b638f
libgimp/gimpenums.c.tail	M	d5e0bac15d998605189444fd286ba80c7773866e	11e04fc9f3034979b55fb8e4c7af0f7a2770d5bf
libgimp/gimpenums.h	M	70a6107a73677e293826bca4ed4e91bd3635a743	e74ecd7339a673fcd934782c8a1f692ef1b706b3
libgimp/gimpmypaintbrushselect_pdb.c	A		ddf318aa591055f454ce957b3f2f7dd9b287d69e
libgimp/gimpmypaintbrushselect_pdb.h	A		4e7888eb55e4e49f59be83beb762db919fbb264c
libgimpbase/gimpbaseenums.c	M	6a0b0c5f7e2acfc94e41ae3da9deca81eccff50d	25bae82855eafc5aaecc116ec577ac4c0709dd1b
libgimpbase/gimpbaseenums.h	M	10bb510df3f5eaa03872fed0a24e9f257651f10e	44e86bc77418fbc536bf2e9823b9ee5841a3c8c0
libgimpcolor/gimpcairocolor.h	M	8ead589614177f6bb861043a4ec72275eb0cbe53	97b177c8f9569547e66a7f6f5ef383bbf6eba66b
libgimpconfig/gimpconfig-params.h	M	c88b393a275da0103f0e52d9ff7c93b4e4bc321f	55d8e97ec8e142c65a3fd262040c3a55d0301c38
libgimpwidgets/gimpcolorselector.h	M	48cdd149f47b1bdaa5c3e9a8ed38f7c92fd32b46	e3ca33b33d6ffcdf057f64ee928fc21490d8340e
libgimpwidgets/gimpenumwidgets.c	M	f68bc27aa048f7f77bb1713373d4971b565edbb4	40bf91c37dbe4021cf0afd16a09f4e382af752f9
libgimpwidgets/gimpenumwidgets.h	M	962c6966a7e68f7ab6281eb32fc1c97f2def3fb0	ae0f9c3d1d36bde4c9a30f8bbe792a5ddf007b71
libgimpwidgets/gimpframe.h	M	61cb59b7f47c8c8583b5bb21e2388ad36b483218	50b4bab37f1fb8133dc24f2b2f5e2a3f27ed4e4d
libgimpwidgets/gimpintcombobox.h	M	c338ffae94f69507a21aeb947fe663e1e14b8915	b3662307486e379d8c0314176efd9aaaa0d48ea8
libgimpwidgets/gimppropwidgets.c	M	a8d2e2310f8482e0bd1d5ae21bee86e9b34cf7bf	3cf7b05422f056484acb772a722959c592d62496
libgimpwidgets/gimppropwidgets.h	M	18b7d305084f6a80ca42a7c86bd67b98e9d4fb76	725fc756fae1e3f6bba585073ca690fdee88d8da
libgimpwidgets/gimpstock.c	M	4e6b5ab40b0e3c950eca5b38035ea5aa80f7b83c	4c728c2db906a1c910ae7463f1b3831be7faf06b
libgimpwidgets/gimpstock.h	M	cdb44233ec92c623cc031fe7d39da837a4db1ed3	7152f473c85e9dcd4ce69f97309be9dd39541303
libgimpwidgets/gimpwidgets.c	M	b2e91b1c23c037d26754f421085be60072069263	5b45cd3a537192ca8415632c5d3aec56dab37613
libgimpwidgets/gimpwidgets.h	M	8bc065947e71fe9dbf90e9c830315c733a9cb3f2	efce63d05a83f9f5ca9422d935b30e6dfd620ac4
menus/Makefile.am	M	01548f6fd0e2401f07f137c08491db052f2f817f	fac920998c0c2e5ae46d4240894415b8a4124a0a
menus/dialogs-menuitems.xml	M	bf06bcbce77ab1139b666fb7144b06142df7677d	d66c3b9073e599469fc7f0440b83a4048990e53c
menus/mypaint-brush-editor-menu.xml	A		fd3972c3e6e5bab7340e92f5f70d1b2a8e30e8fd
menus/mypaint-brushes-menu.xml	A		c26453a58d4cd4d6b4d19bb1a34825fbb7c608ad
modules/gimpcolorwheel.c	M	56642fdb2e6a0a6aa9232a14c899be5460dd9192	52aaac7f68dfdc4d8861d6a4da1edb7695f6a15a
modules/gimpcolorwheel.h	M	72093575f22f8892996d21e3bf7bc4a88b6ca1f9	1afd4efdeb7fd3312fb3e5c2c1c2f17367da3dcb
plug-ins/common/alien-map.c	M	64c4d603b3ce09080fac5775ff73d4940864c80b	61f21dd708dd263ffc9eaeda854b23e26f3819db
plug-ins/common/blur-motion.c	M	bed7d9d63d1ac4c9170dbc8b594729a2eb6301de	407882cd9ae11376d38fc7718a928534a9d24de1
plug-ins/common/channel-mixer.c	M	66e3b7fa9a1e67c0101b9fe5afcdef14f006f652	990fa1bde36351ac1976f6c93323e7c57a5c473b
plug-ins/common/color-exchange.c	M	113587587d4a33ac05cfdf7b3b9b4e20d6f88536	2382469cfdd38189983ce39f50a2e82204e8eac1
plug-ins/common/contrast-retinex.c	M	7cc563f189d5b9b49afd37d12693be9206891d18	e69ec421275420d2349bfe7f1a157e0a896d73ff
plug-ins/common/convolution-matrix.c	M	79aca0b87ffa1a499711bb4cdb8ca3375f4674a2	8b02804acbf6c9486843cb03299e4763879c9fa7
plug-ins/common/curve-bend.c	M	65c9fddd7e671fe2e876e4d0c9cc2094d5df408b	84d2057fda664f4941a2f3cecb5213000ec6e437
plug-ins/common/decompose.c	M	3db9319f48267fe07415a69aa68e37dfe7777f51	04946bad00d982795411df6a203bd0e8c4752926
plug-ins/common/displace.c	M	d86aed84018af5a8c4c7807f0c8a5a0f2a96691b	0341c46ab4bb748882ec6f2be6675fd65a60c3d2
plug-ins/common/edge-neon.c	M	2f234a6395d71695479e660b49ce9b483a9dec18	1a116d826cecae108badb6e63e3b5bef7c83f047
plug-ins/common/edge-sobel.c	M	5200b9a27e6f905ba8207a560654414b81a1e965	151a0c74ec7ab5895c6ef3e26593bd1dc0040e11
plug-ins/common/edge.c	M	1151ef0e7f208c8339e141c6331481ce8f643eac	88e617ce234c23ea3b15cf775379c7112eddaf8a
plug-ins/common/emboss.c	M	0c0a608842f2c88749ba161b7a458e00e4d86c26	d0c66bde4df7c7c71dec9a2ca3a83f55c9ea264c
plug-ins/common/fractal-trace.c	M	47331e3862af046f7e7827466d53ea8668eed4c3	f3614a3c4a53e7d973fd2ce98ea502d641d758f5
plug-ins/common/hot.c	M	4fcdcf7e7469520633935d5269d2819d83c76310	1cd80f5a9e256b26d122644030a025d6afea8610
plug-ins/common/lens-distortion.c	M	d0b9e91db167bdeae01d3e57fb43208cd3840716	9fa14a2b87a8feb1c381fb71affb5b78a0a4c60c
plug-ins/common/lens-flare.c	M	054a2ca44ffa4548e216c553adb887e20168f767	d0280ae4dd3de6e4e5e1f3b64723fe4b3dc12a8f
plug-ins/common/mosaic.c	M	19b5f165e8dab8082235555ad2e6ba9c1d82be31	0c4ecbed8fa9330fa291a03e430d6f265aefe96c
plug-ins/common/newsprint.c	M	8ad2275d3aff724539e13bb72d3989e3d30d8e20	a46aac9b5c964992f6d3d1356d66148c98229200
plug-ins/common/nl-filter.c	M	8121dbb3abc1b5b7a7b129602c2404bab8cd729b	ebcc8356c580e1aa701e83f5d78452133cb56b01
plug-ins/common/noise-hsv.c	M	d9f644ef254df84bac98d22e92403b01ec05ee9c	8ed1153b99b6f99d940d255703c329d8c7c017b8
plug-ins/common/noise-randomize.c	M	c09513208de13651d735fc83524e6c10dbe648f0	1fdaa40c3c7f3cbec72829863e991ee0fddf7cb7
plug-ins/common/noise-rgb.c	M	595056be2cae096c0a7dce1c8d567d87b7e3f57f	50eac2374b9decbb021b252ffa539343fe247f60
plug-ins/common/noise-solid.c	M	72354c9ee4c38392b9b600502bee1e10001f5191	2d6b57d6c9bb755792b1ae6b894c968244b5788b
plug-ins/common/nova.c	M	43f1897f2fc6215fc38b13fc628ecfffa9c85177	da4eee399e6386cfcdf031fe58448c629e0fb594
plug-ins/common/sample-colorize.c	M	42ca3fc2dc3c3323f646f99f8d3a015f74ce9ced	c3ffe18febd8c734baf39348a648d55e2d601dd0
plug-ins/common/shift.c	M	c5218bbebab80c95a94cb682a222436828b979a4	98ba39edfb6dcffd6a2ac1c393043d9e3d2d2f7f
plug-ins/common/smooth-palette.c	M	06be84b4d06ce1e98cf485b04920af9fa2e947b3	f34cfd2c0bd7cf6732a873b5e7587c28262d0d74
plug-ins/common/sparkle.c	M	fc26bd189b069b59c91f47f02578f5daae6d8f29	9267230c6761f395cf5685b99cffe8157417cd90
plug-ins/common/tile-paper.c	M	5ba1a3d0ba78cf4f17431f0f3110a14210e47e3d	a4b049adcf2bc668529bc770ccdd3ea0e234988a
plug-ins/common/tile.c	M	ddc5f7aec5429c282ed84b3c2824e0ce06a482f4	754766a3e0dce3f2020d6375b42310ba919be48d
plug-ins/common/value-propagate.c	M	7622b370c39f0bcab1fd306c3d13e8a08e1b966e	0670df7bf4ef3140e21aaca2f69dfaacb0781b65
plug-ins/common/video.c	M	fdd44627f5cbd76116084d85577f795fe7df524e	b871deaf5e349d2675c4a589aedfa21aba742d66
plug-ins/common/warp.c	M	c1b0fcb3f800a4e3a4de4dc00f0689720a2ae312	16623d0d9572b547a43ef6f8a6b2bef49a23609a
plug-ins/common/waves.c	M	82f36f7ab42bda983f19c7d57c655bc226e1c65e	cd57eb292f38f31c0ea5b10f3fd466a49c80d314
plug-ins/common/wind.c	M	fe88187d2d20f4e466e9fb0ebefce0da3f2e3278	b304008a76f361866f04bd106aa515897ce1e2a8
plug-ins/gradient-flare/gradient-flare.c	M	f30cfcdf7706d0190221b734f5141c061ecb0990	f036f1d91b2cad557ca904bfdaaa28f985187653
plug-ins/lighting/lighting-main.c	M	c7b544684b1d228305bbafedaaf691efc971e3cc	8c49c2e375f891085d6b9d9031895f9d9eeff4ec
plug-ins/map-object/map-object-main.c	M	2572a2744655990a63d5b3a8a4189d9ef3d90b86	be098a7f811d82ef84c8cf31c77435e5efda5ea7
plug-ins/pagecurl/pagecurl.c	M	9609529747b44b389e90ef47920d344cf18a37c9	cf1a23e620318ffbb615addfb6fba7e9b919a86b
plug-ins/script-fu/scheme-wrapper.c	M	08704a7ef83ad045f7ebf7d753ed1f8e2f56bda2	fa704bc0d2c7d0dbe10760d18ea8799a2718147c
po/POTFILES.in	M	898a791ba8c5454479e8861cb93e0dbfcd6434cb	ec98972bf67280095dd9b3d788646e751d7033d6
po/ja.po	M	646ad76da69ee965bfc2d4b00a70d74573a28d3c	9e95220426607ea0e4a907ca2176bfcb8e4a643b
themes/Default/images/Makefile.am	M	bf854d26efd7468fc018d5440d6ea62978a6f9ae	828f0f45686a0600e26d3dfc090b48e39954b832
themes/Default/images/preferences/Makefile.am	M	950d570a058b78bc626f03077531fbaaa4b85dc0	80ffaaa331ddb0ff0ad43e98b9fac23c8f7986cf
themes/Default/images/preferences/folders-mypaint-brushes-16.png	A		fb3dbb777ca5dc19a7f1c25b6f87de6599196d51
themes/Default/images/preferences/folders-mypaint-brushes-22.png	A		7f3b3d3fef8f106a3c7bd77dafbc6d434827704b
themes/Default/images/stock-layer-menu-16.png	A		81838b766390ffeea779a9f55b6d28beb72dee31
themes/Default/images/tools/stock-tool-mypaint-16.png	A		fb3dbb777ca5dc19a7f1c25b6f87de6599196d51
themes/Default/images/tools/stock-tool-mypaint-22.png	A		7f3b3d3fef8f106a3c7bd77dafbc6d434827704b
tools/pdbgen/Makefile.am	M	7f44165e0b68e444449e70029393d60b5db65cfd	564d6030f4e1039cf8b8021127b2bbd932e69d17
tools/pdbgen/enums.pl	M	d100aaac1dd2394be0d0157c7fbf58ad6395b10c	b7966195c4e130c722f6d8efcc5e6ce9e0b52def
tools/pdbgen/groups.pl	M	98f294baec70d9fd5c556e8360cb9edecc3d1523	3f4dc61dfce5d689fa63123897d48284f8bb6e6a
tools/pdbgen/pdb/mypaint_brush_select.pdb	A		e8d5afc3714832cc20c2bdf21cdb2d15e87d31c3
