child_id	status	path	change	kind	disposition	implementation_and_test_sections	limitation
01.003/0001	DONE	build/flatpak/flatpak-howto.txt	A	packaging-or-dependency	retain-and-verify	32,33,34	Individual implementation and comparison remain in assigned WBS sections
01.003/0002	DONE	build/flatpak/io.github.seagetch.GIMP-PAINTER-BaseApp.yml	A	packaging-or-dependency	retain-and-verify	32,33,34	Individual implementation and comparison remain in assigned WBS sections
01.003/0003	DONE	build/flatpak/io.github.seagetch.GIMP-PAINTER.yml	A	packaging-or-dependency	retain-and-verify	32,33,34	Individual implementation and comparison remain in assigned WBS sections
01.003/0004	DONE	build/flatpak/patches/webkitgtk-2.4.11.patch	A	packaging-or-dependency	retain-and-verify	32,33,34	Individual implementation and comparison remain in assigned WBS sections
01.003/0005	DONE	configure.ac	M	legacy-build-definition	retain-and-verify	03,04,31	Individual implementation and comparison remain in assigned WBS sections
01.003/0006	DONE	data/Makefile.am	M	asset-build-manifest	retain-and-verify	30	Individual implementation and comparison remain in assigned WBS sections
01.003/0007	DONE	data/layer-presets/.gitignore	A	layer-preset-or-manifest	retain-and-verify	28,36	Individual implementation and comparison remain in assigned WBS sections
01.003/0008	DONE	data/layer-presets/Makefile.am	A	layer-preset-or-manifest	retain-and-verify	28,36	Individual implementation and comparison remain in assigned WBS sections
01.003/0009	DONE	data/layer-presets/crop-with-selection.json	A	layer-preset-or-manifest	retain-and-verify	28,36	Individual implementation and comparison remain in assigned WBS sections
01.003/0010	DONE	data/layer-presets/duplicate-as-clone.json	A	layer-preset-or-manifest	retain-and-verify	28,36	Individual implementation and comparison remain in assigned WBS sections
01.003/0011	DONE	data/layer-presets/duplicate-as-normal.json	A	layer-preset-or-manifest	retain-and-verify	28,36	Individual implementation and comparison remain in assigned WBS sections
01.003/0012	DONE	data/layer-presets/new-anime-layer.json	A	layer-preset-or-manifest	retain-and-verify	28,36	Individual implementation and comparison remain in assigned WBS sections
01.003/0013	DONE	data/layer-presets/new-cropped-layer.json	A	layer-preset-or-manifest	retain-and-verify	28,36	Individual implementation and comparison remain in assigned WBS sections
01.003/0014	DONE	data/layer-presets/test.json	A	layer-preset-or-manifest	retain-and-verify	28,36	Individual implementation and comparison remain in assigned WBS sections
01.003/0015	DONE	data/layer-presets/test2.json	A	layer-preset-or-manifest	retain-and-verify	28,36	Individual implementation and comparison remain in assigned WBS sections
01.003/0016	DONE	data/layer-presets/watercolor.json	A	layer-preset-or-manifest	retain-and-verify	28,36	Individual implementation and comparison remain in assigned WBS sections
01.003/0017	DONE	data/mypaint-brushes/.gitignore	A	brush-manifest-or-metadata	retain-and-verify	19,30	Individual implementation and comparison remain in assigned WBS sections
01.003/0018	DONE	data/mypaint-brushes/FX_blender_prev.png	A	brush-preview	retain-and-verify	24,30,36	Individual implementation and comparison remain in assigned WBS sections
01.003/0019	DONE	data/mypaint-brushes/Makefile.am	A	brush-manifest-or-metadata	retain-and-verify	19,30	Individual implementation and comparison remain in assigned WBS sections
01.003/0020	DONE	data/mypaint-brushes/Makefile.am.skel	A	brush-manifest-or-metadata	retain-and-verify	19,30	Individual implementation and comparison remain in assigned WBS sections
01.003/0021	DONE	data/mypaint-brushes/classic/Makefile.am	A	brush-manifest-or-metadata	retain-and-verify	19,30	Individual implementation and comparison remain in assigned WBS sections
01.003/0022	DONE	data/mypaint-brushes/classic/blend+paint.myb	A	brush-definition	retain-and-verify	19,20,36	Individual implementation and comparison remain in assigned WBS sections
01.003/0023	DONE	data/mypaint-brushes/classic/blend+paint_prev.png	A	brush-preview	retain-and-verify	24,30,36	Individual implementation and comparison remain in assigned WBS sections
01.003/0024	DONE	data/mypaint-brushes/classic/blending_knife.myb	A	brush-definition	retain-and-verify	19,20,36	Individual implementation and comparison remain in assigned WBS sections
01.003/0025	DONE	data/mypaint-brushes/classic/blending_knife_prev.png	A	brush-preview	retain-and-verify	24,30,36	Individual implementation and comparison remain in assigned WBS sections
01.003/0026	DONE	data/mypaint-brushes/classic/blur.myb	A	brush-definition	retain-and-verify	19,20,36	Individual implementation and comparison remain in assigned WBS sections
01.003/0027	DONE	data/mypaint-brushes/classic/blur_prev.png	A	brush-preview	retain-and-verify	24,30,36	Individual implementation and comparison remain in assigned WBS sections
01.003/0028	DONE	data/mypaint-brushes/classic/brush.myb	A	brush-definition	retain-and-verify	19,20,36	Individual implementation and comparison remain in assigned WBS sections
01.003/0029	DONE	data/mypaint-brushes/classic/brush_prev.png	A	brush-preview	retain-and-verify	24,30,36	Individual implementation and comparison remain in assigned WBS sections
01.003/0030	DONE	data/mypaint-brushes/classic/bulk.myb	A	brush-definition	retain-and-verify	19,20,36	Individual implementation and comparison remain in assigned WBS sections
01.003/0031	DONE	data/mypaint-brushes/classic/bulk_prev.png	A	brush-preview	retain-and-verify	24,30,36	Individual implementation and comparison remain in assigned WBS sections
01.003/0032	DONE	data/mypaint-brushes/classic/calligraphy.myb	A	brush-definition	retain-and-verify	19,20,36	Individual implementation and comparison remain in assigned WBS sections
01.003/0033	DONE	data/mypaint-brushes/classic/calligraphy_prev.png	A	brush-preview	retain-and-verify	24,30,36	Individual implementation and comparison remain in assigned WBS sections
01.003/0034	DONE	data/mypaint-brushes/classic/charcoal.myb	A	brush-definition	retain-and-verify	19,20,36	Individual implementation and comparison remain in assigned WBS sections
01.003/0035	DONE	data/mypaint-brushes/classic/charcoal_prev.png	A	brush-preview	retain-and-verify	24,30,36	Individual implementation and comparison remain in assigned WBS sections
01.003/0036	DONE	data/mypaint-brushes/classic/coarse_bulk_1.myb	A	brush-definition	retain-and-verify	19,20,36	Individual implementation and comparison remain in assigned WBS sections
01.003/0037	DONE	data/mypaint-brushes/classic/coarse_bulk_1_prev.png	A	brush-preview	retain-and-verify	24,30,36	Individual implementation and comparison remain in assigned WBS sections
01.003/0038	DONE	data/mypaint-brushes/classic/coarse_bulk_2.myb	A	brush-definition	retain-and-verify	19,20,36	Individual implementation and comparison remain in assigned WBS sections
01.003/0039	DONE	data/mypaint-brushes/classic/coarse_bulk_2_prev.png	A	brush-preview	retain-and-verify	24,30,36	Individual implementation and comparison remain in assigned WBS sections
01.003/0040	DONE	data/mypaint-brushes/classic/coarse_bulk_3.myb	A	brush-definition	retain-and-verify	19,20,36	Individual implementation and comparison remain in assigned WBS sections
01.003/0041	DONE	data/mypaint-brushes/classic/coarse_bulk_3_prev.png	A	brush-preview	retain-and-verify	24,30,36	Individual implementation and comparison remain in assigned WBS sections
01.003/0042	DONE	data/mypaint-brushes/classic/dry_brush.myb	A	brush-definition	retain-and-verify	19,20,36	Individual implementation and comparison remain in assigned WBS sections
01.003/0043	DONE	data/mypaint-brushes/classic/dry_brush_prev.png	A	brush-preview	retain-and-verify	24,30,36	Individual implementation and comparison remain in assigned WBS sections
01.003/0044	DONE	data/mypaint-brushes/classic/files	A	brush-manifest-or-metadata	retain-and-verify	19,30	Individual implementation and comparison remain in assigned WBS sections
01.003/0045	DONE	data/mypaint-brushes/classic/imp_blending.myb	A	brush-definition	retain-and-verify	19,20,36	Individual implementation and comparison remain in assigned WBS sections
01.003/0046	DONE	data/mypaint-brushes/classic/imp_blending_prev.png	A	brush-preview	retain-and-verify	24,30,36	Individual implementation and comparison remain in assigned WBS sections
01.003/0047	DONE	data/mypaint-brushes/classic/imp_details.myb	A	brush-definition	retain-and-verify	19,20,36	Individual implementation and comparison remain in assigned WBS sections
01.003/0048	DONE	data/mypaint-brushes/classic/imp_details_prev.png	A	brush-preview	retain-and-verify	24,30,36	Individual implementation and comparison remain in assigned WBS sections
01.003/0049	DONE	data/mypaint-brushes/classic/impressionism.myb	A	brush-definition	retain-and-verify	19,20,36	Individual implementation and comparison remain in assigned WBS sections
01.003/0050	DONE	data/mypaint-brushes/classic/impressionism_prev.png	A	brush-preview	retain-and-verify	24,30,36	Individual implementation and comparison remain in assigned WBS sections
01.003/0051	DONE	data/mypaint-brushes/classic/ink_blot.myb	A	brush-definition	retain-and-verify	19,20,36	Individual implementation and comparison remain in assigned WBS sections
01.003/0052	DONE	data/mypaint-brushes/classic/ink_blot_prev.png	A	brush-preview	retain-and-verify	24,30,36	Individual implementation and comparison remain in assigned WBS sections
01.003/0053	DONE	data/mypaint-brushes/classic/ink_eraser.myb	A	brush-definition	retain-and-verify	19,20,36	Individual implementation and comparison remain in assigned WBS sections
01.003/0054	DONE	data/mypaint-brushes/classic/ink_eraser_prev.png	A	brush-preview	retain-and-verify	24,30,36	Individual implementation and comparison remain in assigned WBS sections
01.003/0055	DONE	data/mypaint-brushes/classic/kabura.myb	A	brush-definition	retain-and-verify	19,20,36	Individual implementation and comparison remain in assigned WBS sections
01.003/0056	DONE	data/mypaint-brushes/classic/kabura_prev.png	A	brush-preview	retain-and-verify	24,30,36	Individual implementation and comparison remain in assigned WBS sections
01.003/0057	DONE	data/mypaint-brushes/classic/knife.myb	A	brush-definition	retain-and-verify	19,20,36	Individual implementation and comparison remain in assigned WBS sections
01.003/0058	DONE	data/mypaint-brushes/classic/knife_prev.png	A	brush-preview	retain-and-verify	24,30,36	Individual implementation and comparison remain in assigned WBS sections
01.003/0059	DONE	data/mypaint-brushes/classic/long_grass.myb	A	brush-definition	retain-and-verify	19,20,36	Individual implementation and comparison remain in assigned WBS sections
01.003/0060	DONE	data/mypaint-brushes/classic/long_grass_prev.png	A	brush-preview	retain-and-verify	24,30,36	Individual implementation and comparison remain in assigned WBS sections
01.003/0061	DONE	data/mypaint-brushes/classic/marker_fat.myb	A	brush-definition	retain-and-verify	19,20,36	Individual implementation and comparison remain in assigned WBS sections
01.003/0062	DONE	data/mypaint-brushes/classic/marker_fat_prev.png	A	brush-preview	retain-and-verify	24,30,36	Individual implementation and comparison remain in assigned WBS sections
01.003/0063	DONE	data/mypaint-brushes/classic/marker_small.myb	A	brush-definition	retain-and-verify	19,20,36	Individual implementation and comparison remain in assigned WBS sections
01.003/0064	DONE	data/mypaint-brushes/classic/marker_small_prev.png	A	brush-preview	retain-and-verify	24,30,36	Individual implementation and comparison remain in assigned WBS sections
01.003/0065	DONE	data/mypaint-brushes/classic/modelling.myb	A	brush-definition	retain-and-verify	19,20,36	Individual implementation and comparison remain in assigned WBS sections
01.003/0066	DONE	data/mypaint-brushes/classic/modelling2.myb	A	brush-definition	retain-and-verify	19,20,36	Individual implementation and comparison remain in assigned WBS sections
01.003/0067	DONE	data/mypaint-brushes/classic/modelling2_prev.png	A	brush-preview	retain-and-verify	24,30,36	Individual implementation and comparison remain in assigned WBS sections
01.003/0068	DONE	data/mypaint-brushes/classic/modelling_prev.png	A	brush-preview	retain-and-verify	24,30,36	Individual implementation and comparison remain in assigned WBS sections
01.003/0069	DONE	data/mypaint-brushes/classic/pen.myb	A	brush-definition	retain-and-verify	19,20,36	Individual implementation and comparison remain in assigned WBS sections
01.003/0070	DONE	data/mypaint-brushes/classic/pen_prev.png	A	brush-preview	retain-and-verify	24,30,36	Individual implementation and comparison remain in assigned WBS sections
01.003/0071	DONE	data/mypaint-brushes/classic/pencil.myb	A	brush-definition	retain-and-verify	19,20,36	Individual implementation and comparison remain in assigned WBS sections
01.003/0072	DONE	data/mypaint-brushes/classic/pencil_prev.png	A	brush-preview	retain-and-verify	24,30,36	Individual implementation and comparison remain in assigned WBS sections
01.003/0073	DONE	data/mypaint-brushes/classic/pointy_ink.myb	A	brush-definition	retain-and-verify	19,20,36	Individual implementation and comparison remain in assigned WBS sections
01.003/0074	DONE	data/mypaint-brushes/classic/pointy_ink_prev.png	A	brush-preview	retain-and-verify	24,30,36	Individual implementation and comparison remain in assigned WBS sections
01.003/0075	DONE	data/mypaint-brushes/classic/puantilism.myb	A	brush-definition	retain-and-verify	19,20,36	Individual implementation and comparison remain in assigned WBS sections
01.003/0076	DONE	data/mypaint-brushes/classic/puantilism2.myb	A	brush-definition	retain-and-verify	19,20,36	Individual implementation and comparison remain in assigned WBS sections
01.003/0077	DONE	data/mypaint-brushes/classic/puantilism2_prev.png	A	brush-preview	retain-and-verify	24,30,36	Individual implementation and comparison remain in assigned WBS sections
01.003/0078	DONE	data/mypaint-brushes/classic/puantilism_prev.png	A	brush-preview	retain-and-verify	24,30,36	Individual implementation and comparison remain in assigned WBS sections
01.003/0079	DONE	data/mypaint-brushes/classic/rounded.myb	A	brush-definition	retain-and-verify	19,20,36	Individual implementation and comparison remain in assigned WBS sections
01.003/0080	DONE	data/mypaint-brushes/classic/rounded_prev.png	A	brush-preview	retain-and-verify	24,30,36	Individual implementation and comparison remain in assigned WBS sections
01.003/0081	DONE	data/mypaint-brushes/classic/short_grass.myb	A	brush-definition	retain-and-verify	19,20,36	Individual implementation and comparison remain in assigned WBS sections
01.003/0082	DONE	data/mypaint-brushes/classic/short_grass_prev.png	A	brush-preview	retain-and-verify	24,30,36	Individual implementation and comparison remain in assigned WBS sections
01.003/0083	DONE	data/mypaint-brushes/classic/slow_ink.myb	A	brush-definition	retain-and-verify	19,20,36	Individual implementation and comparison remain in assigned WBS sections
01.003/0084	DONE	data/mypaint-brushes/classic/slow_ink_prev.png	A	brush-preview	retain-and-verify	24,30,36	Individual implementation and comparison remain in assigned WBS sections
01.003/0085	DONE	data/mypaint-brushes/classic/smudge+paint.myb	A	brush-definition	retain-and-verify	19,20,36	Individual implementation and comparison remain in assigned WBS sections
01.003/0086	DONE	data/mypaint-brushes/classic/smudge+paint_prev.png	A	brush-preview	retain-and-verify	24,30,36	Individual implementation and comparison remain in assigned WBS sections
01.003/0087	DONE	data/mypaint-brushes/classic/smudge.myb	A	brush-definition	retain-and-verify	19,20,36	Individual implementation and comparison remain in assigned WBS sections
01.003/0088	DONE	data/mypaint-brushes/classic/smudge_prev.png	A	brush-preview	retain-and-verify	24,30,36	Individual implementation and comparison remain in assigned WBS sections
01.003/0089	DONE	data/mypaint-brushes/classic/textured_ink.myb	A	brush-definition	retain-and-verify	19,20,36	Individual implementation and comparison remain in assigned WBS sections
01.003/0090	DONE	data/mypaint-brushes/classic/textured_ink_prev.png	A	brush-preview	retain-and-verify	24,30,36	Individual implementation and comparison remain in assigned WBS sections
01.003/0091	DONE	data/mypaint-brushes/classic/wet_knife.myb	A	brush-definition	retain-and-verify	19,20,36	Individual implementation and comparison remain in assigned WBS sections
01.003/0092	DONE	data/mypaint-brushes/classic/wet_knife_prev.png	A	brush-preview	retain-and-verify	24,30,36	Individual implementation and comparison remain in assigned WBS sections
01.003/0093	DONE	data/mypaint-brushes/deevad/2B_pencil.myb	A	brush-definition	retain-and-verify	19,20,36	Individual implementation and comparison remain in assigned WBS sections
01.003/0094	DONE	data/mypaint-brushes/deevad/2B_pencil_prev.png	A	brush-preview	retain-and-verify	24,30,36	Individual implementation and comparison remain in assigned WBS sections
01.003/0095	DONE	data/mypaint-brushes/deevad/4H_pencil.myb	A	brush-definition	retain-and-verify	19,20,36	Individual implementation and comparison remain in assigned WBS sections
01.003/0096	DONE	data/mypaint-brushes/deevad/4H_pencil_prev.png	A	brush-preview	retain-and-verify	24,30,36	Individual implementation and comparison remain in assigned WBS sections
01.003/0097	DONE	data/mypaint-brushes/deevad/Makefile.am	A	brush-manifest-or-metadata	retain-and-verify	19,30	Individual implementation and comparison remain in assigned WBS sections
01.003/0098	DONE	data/mypaint-brushes/deevad/airbrush.myb	A	brush-definition	retain-and-verify	19,20,36	Individual implementation and comparison remain in assigned WBS sections
01.003/0099	DONE	data/mypaint-brushes/deevad/airbrush_prev.png	A	brush-preview	retain-and-verify	24,30,36	Individual implementation and comparison remain in assigned WBS sections
01.003/0100	DONE	data/mypaint-brushes/deevad/ballpen.myb	A	brush-definition	retain-and-verify	19,20,36	Individual implementation and comparison remain in assigned WBS sections
01.003/0101	DONE	data/mypaint-brushes/deevad/ballpen_prev.png	A	brush-preview	retain-and-verify	24,30,36	Individual implementation and comparison remain in assigned WBS sections
01.003/0102	DONE	data/mypaint-brushes/deevad/basic_digital_brush.myb	A	brush-definition	retain-and-verify	19,20,36	Individual implementation and comparison remain in assigned WBS sections
01.003/0103	DONE	data/mypaint-brushes/deevad/basic_digital_brush_prev.png	A	brush-preview	retain-and-verify	24,30,36	Individual implementation and comparison remain in assigned WBS sections
01.003/0104	DONE	data/mypaint-brushes/deevad/basic_digital_brush_smudging.myb	A	brush-definition	retain-and-verify	19,20,36	Individual implementation and comparison remain in assigned WBS sections
01.003/0105	DONE	data/mypaint-brushes/deevad/basic_digital_brush_smudging_prev.png	A	brush-preview	retain-and-verify	24,30,36	Individual implementation and comparison remain in assigned WBS sections
01.003/0106	DONE	data/mypaint-brushes/deevad/basic_digital_knife.myb	A	brush-definition	retain-and-verify	19,20,36	Individual implementation and comparison remain in assigned WBS sections
01.003/0107	DONE	data/mypaint-brushes/deevad/basic_digital_knife_prev.png	A	brush-preview	retain-and-verify	24,30,36	Individual implementation and comparison remain in assigned WBS sections
01.003/0108	DONE	data/mypaint-brushes/deevad/basic_digital_knife_smudging.myb	A	brush-definition	retain-and-verify	19,20,36	Individual implementation and comparison remain in assigned WBS sections
01.003/0109	DONE	data/mypaint-brushes/deevad/basic_digital_knife_smudging_prev.png	A	brush-preview	retain-and-verify	24,30,36	Individual implementation and comparison remain in assigned WBS sections
01.003/0110	DONE	data/mypaint-brushes/deevad/blending.myb	A	brush-definition	retain-and-verify	19,20,36	Individual implementation and comparison remain in assigned WBS sections
01.003/0111	DONE	data/mypaint-brushes/deevad/blending_prev.png	A	brush-preview	retain-and-verify	24,30,36	Individual implementation and comparison remain in assigned WBS sections
01.003/0112	DONE	data/mypaint-brushes/deevad/brush.myb	A	brush-definition	retain-and-verify	19,20,36	Individual implementation and comparison remain in assigned WBS sections
01.003/0113	DONE	data/mypaint-brushes/deevad/brush_prev.png	A	brush-preview	retain-and-verify	24,30,36	Individual implementation and comparison remain in assigned WBS sections
01.003/0114	DONE	data/mypaint-brushes/deevad/chalk.myb	A	brush-definition	retain-and-verify	19,20,36	Individual implementation and comparison remain in assigned WBS sections
01.003/0115	DONE	data/mypaint-brushes/deevad/chalk_prev.png	A	brush-preview	retain-and-verify	24,30,36	Individual implementation and comparison remain in assigned WBS sections
01.003/0116	DONE	data/mypaint-brushes/deevad/detail_brush_large.myb	A	brush-definition	retain-and-verify	19,20,36	Individual implementation and comparison remain in assigned WBS sections
01.003/0117	DONE	data/mypaint-brushes/deevad/detail_brush_large_glazing.myb	A	brush-definition	retain-and-verify	19,20,36	Individual implementation and comparison remain in assigned WBS sections
01.003/0118	DONE	data/mypaint-brushes/deevad/detail_brush_large_glazing_prev.png	A	brush-preview	retain-and-verify	24,30,36	Individual implementation and comparison remain in assigned WBS sections
01.003/0119	DONE	data/mypaint-brushes/deevad/detail_brush_large_prev.png	A	brush-preview	retain-and-verify	24,30,36	Individual implementation and comparison remain in assigned WBS sections
01.003/0120	DONE	data/mypaint-brushes/deevad/detail_brush_thin.myb	A	brush-definition	retain-and-verify	19,20,36	Individual implementation and comparison remain in assigned WBS sections
01.003/0121	DONE	data/mypaint-brushes/deevad/detail_brush_thin_glazing.myb	A	brush-definition	retain-and-verify	19,20,36	Individual implementation and comparison remain in assigned WBS sections
01.003/0122	DONE	data/mypaint-brushes/deevad/detail_brush_thin_glazing_prev.png	A	brush-preview	retain-and-verify	24,30,36	Individual implementation and comparison remain in assigned WBS sections
01.003/0123	DONE	data/mypaint-brushes/deevad/detail_brush_thin_prev.png	A	brush-preview	retain-and-verify	24,30,36	Individual implementation and comparison remain in assigned WBS sections
01.003/0124	DONE	data/mypaint-brushes/deevad/files	A	brush-manifest-or-metadata	retain-and-verify	19,30	Individual implementation and comparison remain in assigned WBS sections
01.003/0125	DONE	data/mypaint-brushes/deevad/fill.myb	A	brush-definition	retain-and-verify	19,20,36	Individual implementation and comparison remain in assigned WBS sections
01.003/0126	DONE	data/mypaint-brushes/deevad/fill_prev.png	A	brush-preview	retain-and-verify	24,30,36	Individual implementation and comparison remain in assigned WBS sections
01.003/0127	DONE	data/mypaint-brushes/deevad/grainy_blending.myb	A	brush-definition	retain-and-verify	19,20,36	Individual implementation and comparison remain in assigned WBS sections
01.003/0128	DONE	data/mypaint-brushes/deevad/grainy_blending_prev.png	A	brush-preview	retain-and-verify	24,30,36	Individual implementation and comparison remain in assigned WBS sections
01.003/0129	DONE	data/mypaint-brushes/deevad/kneaded_eraser.myb	A	brush-definition	retain-and-verify	19,20,36	Individual implementation and comparison remain in assigned WBS sections
01.003/0130	DONE	data/mypaint-brushes/deevad/kneaded_eraser_large.myb	A	brush-definition	retain-and-verify	19,20,36	Individual implementation and comparison remain in assigned WBS sections
01.003/0131	DONE	data/mypaint-brushes/deevad/kneaded_eraser_large_prev.png	A	brush-preview	retain-and-verify	24,30,36	Individual implementation and comparison remain in assigned WBS sections
01.003/0132	DONE	data/mypaint-brushes/deevad/kneaded_eraser_prev.png	A	brush-preview	retain-and-verify	24,30,36	Individual implementation and comparison remain in assigned WBS sections
01.003/0133	DONE	data/mypaint-brushes/deevad/large_hard_eraser.myb	A	brush-definition	retain-and-verify	19,20,36	Individual implementation and comparison remain in assigned WBS sections
01.003/0134	DONE	data/mypaint-brushes/deevad/large_hard_eraser_prev.png	A	brush-preview	retain-and-verify	24,30,36	Individual implementation and comparison remain in assigned WBS sections
01.003/0135	DONE	data/mypaint-brushes/deevad/large_watercolor_fringe.myb	A	brush-definition	retain-and-verify	19,20,36	Individual implementation and comparison remain in assigned WBS sections
01.003/0136	DONE	data/mypaint-brushes/deevad/large_watercolor_fringe_prev.png	A	brush-preview	retain-and-verify	24,30,36	Individual implementation and comparison remain in assigned WBS sections
01.003/0137	DONE	data/mypaint-brushes/deevad/liner.myb	A	brush-definition	retain-and-verify	19,20,36	Individual implementation and comparison remain in assigned WBS sections
01.003/0138	DONE	data/mypaint-brushes/deevad/liner_prev.png	A	brush-preview	retain-and-verify	24,30,36	Individual implementation and comparison remain in assigned WBS sections
01.003/0139	DONE	data/mypaint-brushes/deevad/only_water_fringe.myb	A	brush-definition	retain-and-verify	19,20,36	Individual implementation and comparison remain in assigned WBS sections
01.003/0140	DONE	data/mypaint-brushes/deevad/only_water_fringe_prev.png	A	brush-preview	retain-and-verify	24,30,36	Individual implementation and comparison remain in assigned WBS sections
01.003/0141	DONE	data/mypaint-brushes/deevad/pen-note.myb	A	brush-definition	retain-and-verify	19,20,36	Individual implementation and comparison remain in assigned WBS sections
01.003/0142	DONE	data/mypaint-brushes/deevad/pen-note_prev.png	A	brush-preview	retain-and-verify	24,30,36	Individual implementation and comparison remain in assigned WBS sections
01.003/0143	DONE	data/mypaint-brushes/deevad/pen.myb	A	brush-definition	retain-and-verify	19,20,36	Individual implementation and comparison remain in assigned WBS sections
01.003/0144	DONE	data/mypaint-brushes/deevad/pen_prev.png	A	brush-preview	retain-and-verify	24,30,36	Individual implementation and comparison remain in assigned WBS sections
01.003/0145	DONE	data/mypaint-brushes/deevad/readme.txt	A	brush-manifest-or-metadata	retain-and-verify	19,30	Individual implementation and comparison remain in assigned WBS sections
01.003/0146	DONE	data/mypaint-brushes/deevad/rigger_brush.myb	A	brush-definition	retain-and-verify	19,20,36	Individual implementation and comparison remain in assigned WBS sections
01.003/0147	DONE	data/mypaint-brushes/deevad/rigger_brush_prev.png	A	brush-preview	retain-and-verify	24,30,36	Individual implementation and comparison remain in assigned WBS sections
01.003/0148	DONE	data/mypaint-brushes/deevad/rigger_brush_thin.myb	A	brush-definition	retain-and-verify	19,20,36	Individual implementation and comparison remain in assigned WBS sections
01.003/0149	DONE	data/mypaint-brushes/deevad/rigger_brush_thin_prev.png	A	brush-preview	retain-and-verify	24,30,36	Individual implementation and comparison remain in assigned WBS sections
01.003/0150	DONE	data/mypaint-brushes/deevad/rough.myb	A	brush-definition	retain-and-verify	19,20,36	Individual implementation and comparison remain in assigned WBS sections
01.003/0151	DONE	data/mypaint-brushes/deevad/rough_prev.png	A	brush-preview	retain-and-verify	24,30,36	Individual implementation and comparison remain in assigned WBS sections
01.003/0152	DONE	data/mypaint-brushes/deevad/soft-dip-pen.myb	A	brush-definition	retain-and-verify	19,20,36	Individual implementation and comparison remain in assigned WBS sections
01.003/0153	DONE	data/mypaint-brushes/deevad/soft-dip-pen_prev.png	A	brush-preview	retain-and-verify	24,30,36	Individual implementation and comparison remain in assigned WBS sections
01.003/0154	DONE	data/mypaint-brushes/deevad/sponge_smudging.myb	A	brush-definition	retain-and-verify	19,20,36	Individual implementation and comparison remain in assigned WBS sections
01.003/0155	DONE	data/mypaint-brushes/deevad/sponge_smudging_prev.png	A	brush-preview	retain-and-verify	24,30,36	Individual implementation and comparison remain in assigned WBS sections
01.003/0156	DONE	data/mypaint-brushes/deevad/spray.myb	A	brush-definition	retain-and-verify	19,20,36	Individual implementation and comparison remain in assigned WBS sections
01.003/0157	DONE	data/mypaint-brushes/deevad/spray2.myb	A	brush-definition	retain-and-verify	19,20,36	Individual implementation and comparison remain in assigned WBS sections
01.003/0158	DONE	data/mypaint-brushes/deevad/spray2_prev.png	A	brush-preview	retain-and-verify	24,30,36	Individual implementation and comparison remain in assigned WBS sections
01.003/0159	DONE	data/mypaint-brushes/deevad/spray_prev.png	A	brush-preview	retain-and-verify	24,30,36	Individual implementation and comparison remain in assigned WBS sections
01.003/0160	DONE	data/mypaint-brushes/deevad/thin_hard_eraser.myb	A	brush-definition	retain-and-verify	19,20,36	Individual implementation and comparison remain in assigned WBS sections
01.003/0161	DONE	data/mypaint-brushes/deevad/thin_hard_eraser_prev.png	A	brush-preview	retain-and-verify	24,30,36	Individual implementation and comparison remain in assigned WBS sections
01.003/0162	DONE	data/mypaint-brushes/deevad/thin_watercolor.myb	A	brush-definition	retain-and-verify	19,20,36	Individual implementation and comparison remain in assigned WBS sections
01.003/0163	DONE	data/mypaint-brushes/deevad/thin_watercolor_prev.png	A	brush-preview	retain-and-verify	24,30,36	Individual implementation and comparison remain in assigned WBS sections
01.003/0164	DONE	data/mypaint-brushes/deevad/watercolor_expressive.myb	A	brush-definition	retain-and-verify	19,20,36	Individual implementation and comparison remain in assigned WBS sections
01.003/0165	DONE	data/mypaint-brushes/deevad/watercolor_expressive_prev.png	A	brush-preview	retain-and-verify	24,30,36	Individual implementation and comparison remain in assigned WBS sections
01.003/0166	DONE	data/mypaint-brushes/deevad/watercolor_glazing.myb	A	brush-definition	retain-and-verify	19,20,36	Individual implementation and comparison remain in assigned WBS sections
01.003/0167	DONE	data/mypaint-brushes/deevad/watercolor_glazing_prev.png	A	brush-preview	retain-and-verify	24,30,36	Individual implementation and comparison remain in assigned WBS sections
01.003/0168	DONE	data/mypaint-brushes/experimental/1pixel.myb	A	brush-definition	retain-and-verify	19,20,36	Individual implementation and comparison remain in assigned WBS sections
01.003/0169	DONE	data/mypaint-brushes/experimental/1pixel_prev.png	A	brush-preview	retain-and-verify	24,30,36	Individual implementation and comparison remain in assigned WBS sections
01.003/0170	DONE	data/mypaint-brushes/experimental/DNA_brush.myb	A	brush-definition	retain-and-verify	19,20,36	Individual implementation and comparison remain in assigned WBS sections
01.003/0171	DONE	data/mypaint-brushes/experimental/DNA_brush_prev.png	A	brush-preview	retain-and-verify	24,30,36	Individual implementation and comparison remain in assigned WBS sections
01.003/0172	DONE	data/mypaint-brushes/experimental/Makefile.am	A	brush-manifest-or-metadata	retain-and-verify	19,30	Individual implementation and comparison remain in assigned WBS sections
01.003/0173	DONE	data/mypaint-brushes/experimental/basic.myb	A	brush-definition	retain-and-verify	19,20,36	Individual implementation and comparison remain in assigned WBS sections
01.003/0174	DONE	data/mypaint-brushes/experimental/basic_prev.png	A	brush-preview	retain-and-verify	24,30,36	Individual implementation and comparison remain in assigned WBS sections
01.003/0175	DONE	data/mypaint-brushes/experimental/bubble.myb	A	brush-definition	retain-and-verify	19,20,36	Individual implementation and comparison remain in assigned WBS sections
01.003/0176	DONE	data/mypaint-brushes/experimental/bubble_prev.png	A	brush-preview	retain-and-verify	24,30,36	Individual implementation and comparison remain in assigned WBS sections
01.003/0177	DONE	data/mypaint-brushes/experimental/files	A	brush-manifest-or-metadata	retain-and-verify	19,30	Individual implementation and comparison remain in assigned WBS sections
01.003/0178	DONE	data/mypaint-brushes/experimental/fur.myb	A	brush-definition	retain-and-verify	19,20,36	Individual implementation and comparison remain in assigned WBS sections
01.003/0179	DONE	data/mypaint-brushes/experimental/fur_prev.png	A	brush-preview	retain-and-verify	24,30,36	Individual implementation and comparison remain in assigned WBS sections
01.003/0180	DONE	data/mypaint-brushes/experimental/glow.myb	A	brush-definition	retain-and-verify	19,20,36	Individual implementation and comparison remain in assigned WBS sections
01.003/0181	DONE	data/mypaint-brushes/experimental/glow_prev.png	A	brush-preview	retain-and-verify	24,30,36	Individual implementation and comparison remain in assigned WBS sections
01.003/0182	DONE	data/mypaint-brushes/experimental/hard_blot.myb	A	brush-definition	retain-and-verify	19,20,36	Individual implementation and comparison remain in assigned WBS sections
01.003/0183	DONE	data/mypaint-brushes/experimental/hard_blot_prev.png	A	brush-preview	retain-and-verify	24,30,36	Individual implementation and comparison remain in assigned WBS sections
01.003/0184	DONE	data/mypaint-brushes/experimental/hard_sting.myb	A	brush-definition	retain-and-verify	19,20,36	Individual implementation and comparison remain in assigned WBS sections
01.003/0185	DONE	data/mypaint-brushes/experimental/hard_sting_prev.png	A	brush-preview	retain-and-verify	24,30,36	Individual implementation and comparison remain in assigned WBS sections
01.003/0186	DONE	data/mypaint-brushes/experimental/irregular_ink.myb	A	brush-definition	retain-and-verify	19,20,36	Individual implementation and comparison remain in assigned WBS sections
01.003/0187	DONE	data/mypaint-brushes/experimental/irregular_ink_prev.png	A	brush-preview	retain-and-verify	24,30,36	Individual implementation and comparison remain in assigned WBS sections
01.003/0188	DONE	data/mypaint-brushes/experimental/leaves.myb	A	brush-definition	retain-and-verify	19,20,36	Individual implementation and comparison remain in assigned WBS sections
01.003/0189	DONE	data/mypaint-brushes/experimental/leaves_prev.png	A	brush-preview	retain-and-verify	24,30,36	Individual implementation and comparison remain in assigned WBS sections
01.003/0190	DONE	data/mypaint-brushes/experimental/particules_3.myb	A	brush-definition	retain-and-verify	19,20,36	Individual implementation and comparison remain in assigned WBS sections
01.003/0191	DONE	data/mypaint-brushes/experimental/particules_3_prev.png	A	brush-preview	retain-and-verify	24,30,36	Individual implementation and comparison remain in assigned WBS sections
01.003/0192	DONE	data/mypaint-brushes/experimental/particules_eraser.myb	A	brush-definition	retain-and-verify	19,20,36	Individual implementation and comparison remain in assigned WBS sections
01.003/0193	DONE	data/mypaint-brushes/experimental/particules_eraser_prev.png	A	brush-preview	retain-and-verify	24,30,36	Individual implementation and comparison remain in assigned WBS sections
01.003/0194	DONE	data/mypaint-brushes/experimental/pick_and_drag.myb	A	brush-definition	retain-and-verify	19,20,36	Individual implementation and comparison remain in assigned WBS sections
01.003/0195	DONE	data/mypaint-brushes/experimental/pick_and_drag_prev.png	A	brush-preview	retain-and-verify	24,30,36	Individual implementation and comparison remain in assigned WBS sections
01.003/0196	DONE	data/mypaint-brushes/experimental/pixel_hardink.myb	A	brush-definition	retain-and-verify	19,20,36	Individual implementation and comparison remain in assigned WBS sections
01.003/0197	DONE	data/mypaint-brushes/experimental/pixel_hardink_prev.png	A	brush-preview	retain-and-verify	24,30,36	Individual implementation and comparison remain in assigned WBS sections
01.003/0198	DONE	data/mypaint-brushes/experimental/pixelblocking.myb	A	brush-definition	retain-and-verify	19,20,36	Individual implementation and comparison remain in assigned WBS sections
01.003/0199	DONE	data/mypaint-brushes/experimental/pixelblocking_prev.png	A	brush-preview	retain-and-verify	24,30,36	Individual implementation and comparison remain in assigned WBS sections
01.003/0200	DONE	data/mypaint-brushes/experimental/sewing.myb	A	brush-definition	retain-and-verify	19,20,36	Individual implementation and comparison remain in assigned WBS sections
01.003/0201	DONE	data/mypaint-brushes/experimental/sewing_prev.png	A	brush-preview	retain-and-verify	24,30,36	Individual implementation and comparison remain in assigned WBS sections
01.003/0202	DONE	data/mypaint-brushes/experimental/small_blot.myb	A	brush-definition	retain-and-verify	19,20,36	Individual implementation and comparison remain in assigned WBS sections
01.003/0203	DONE	data/mypaint-brushes/experimental/small_blot_prev.png	A	brush-preview	retain-and-verify	24,30,36	Individual implementation and comparison remain in assigned WBS sections
01.003/0204	DONE	data/mypaint-brushes/experimental/soft.myb	A	brush-definition	retain-and-verify	19,20,36	Individual implementation and comparison remain in assigned WBS sections
01.003/0205	DONE	data/mypaint-brushes/experimental/soft_irregular.myb	A	brush-definition	retain-and-verify	19,20,36	Individual implementation and comparison remain in assigned WBS sections
01.003/0206	DONE	data/mypaint-brushes/experimental/soft_irregular_prev.png	A	brush-preview	retain-and-verify	24,30,36	Individual implementation and comparison remain in assigned WBS sections
01.003/0207	DONE	data/mypaint-brushes/experimental/soft_prev.png	A	brush-preview	retain-and-verify	24,30,36	Individual implementation and comparison remain in assigned WBS sections
01.003/0208	DONE	data/mypaint-brushes/experimental/spaced-blot.myb	A	brush-definition	retain-and-verify	19,20,36	Individual implementation and comparison remain in assigned WBS sections
01.003/0209	DONE	data/mypaint-brushes/experimental/spaced-blot_prev.png	A	brush-preview	retain-and-verify	24,30,36	Individual implementation and comparison remain in assigned WBS sections
01.003/0210	DONE	data/mypaint-brushes/experimental/speed_blot.myb	A	brush-definition	retain-and-verify	19,20,36	Individual implementation and comparison remain in assigned WBS sections
01.003/0211	DONE	data/mypaint-brushes/experimental/speed_blot_prev.png	A	brush-preview	retain-and-verify	24,30,36	Individual implementation and comparison remain in assigned WBS sections
01.003/0212	DONE	data/mypaint-brushes/experimental/subtle_pencil.myb	A	brush-definition	retain-and-verify	19,20,36	Individual implementation and comparison remain in assigned WBS sections
01.003/0213	DONE	data/mypaint-brushes/experimental/subtle_pencil_prev.png	A	brush-preview	retain-and-verify	24,30,36	Individual implementation and comparison remain in assigned WBS sections
01.003/0214	DONE	data/mypaint-brushes/experimental/track.myb	A	brush-definition	retain-and-verify	19,20,36	Individual implementation and comparison remain in assigned WBS sections
01.003/0215	DONE	data/mypaint-brushes/experimental/track_prev.png	A	brush-preview	retain-and-verify	24,30,36	Individual implementation and comparison remain in assigned WBS sections
01.003/0216	DONE	data/mypaint-brushes/kaerhon/Airbrush_a.myb	A	brush-definition	retain-and-verify	19,20,36	Individual implementation and comparison remain in assigned WBS sections
01.003/0217	DONE	data/mypaint-brushes/kaerhon/Airbrush_a_prev.png	A	brush-preview	retain-and-verify	24,30,36	Individual implementation and comparison remain in assigned WBS sections
01.003/0218	DONE	data/mypaint-brushes/kaerhon/Dirty_Transparent_sk.myb	A	brush-definition	retain-and-verify	19,20,36	Individual implementation and comparison remain in assigned WBS sections
01.003/0219	DONE	data/mypaint-brushes/kaerhon/Dirty_Transparent_sk_prev.png	A	brush-preview	retain-and-verify	24,30,36	Individual implementation and comparison remain in assigned WBS sections
01.003/0220	DONE	data/mypaint-brushes/kaerhon/Makefile.am	A	brush-manifest-or-metadata	retain-and-verify	19,30	Individual implementation and comparison remain in assigned WBS sections
01.003/0221	DONE	data/mypaint-brushes/kaerhon/ReadMe.txt	A	brush-manifest-or-metadata	retain-and-verify	19,30	Individual implementation and comparison remain in assigned WBS sections
01.003/0222	DONE	data/mypaint-brushes/kaerhon/Sketcher2_sk.myb	A	brush-definition	retain-and-verify	19,20,36	Individual implementation and comparison remain in assigned WBS sections
01.003/0223	DONE	data/mypaint-brushes/kaerhon/Sketcher2_sk_prev.png	A	brush-preview	retain-and-verify	24,30,36	Individual implementation and comparison remain in assigned WBS sections
01.003/0224	DONE	data/mypaint-brushes/kaerhon/Smear_sm.myb	A	brush-definition	retain-and-verify	19,20,36	Individual implementation and comparison remain in assigned WBS sections
01.003/0225	DONE	data/mypaint-brushes/kaerhon/Smear_sm_prev.png	A	brush-preview	retain-and-verify	24,30,36	Individual implementation and comparison remain in assigned WBS sections
01.003/0226	DONE	data/mypaint-brushes/kaerhon/airbruch_press_a.myb	A	brush-definition	retain-and-verify	19,20,36	Individual implementation and comparison remain in assigned WBS sections
01.003/0227	DONE	data/mypaint-brushes/kaerhon/airbruch_press_a_prev.png	A	brush-preview	retain-and-verify	24,30,36	Individual implementation and comparison remain in assigned WBS sections
01.003/0228	DONE	data/mypaint-brushes/kaerhon/airsmudge_a.myb	A	brush-definition	retain-and-verify	19,20,36	Individual implementation and comparison remain in assigned WBS sections
01.003/0229	DONE	data/mypaint-brushes/kaerhon/airsmudge_a_prev.png	A	brush-preview	retain-and-verify	24,30,36	Individual implementation and comparison remain in assigned WBS sections
01.003/0230	DONE	data/mypaint-brushes/kaerhon/airsmudgeultimate_sk.myb	A	brush-definition	retain-and-verify	19,20,36	Individual implementation and comparison remain in assigned WBS sections
01.003/0231	DONE	data/mypaint-brushes/kaerhon/airsmudgeultimate_sk_prev.png	A	brush-preview	retain-and-verify	24,30,36	Individual implementation and comparison remain in assigned WBS sections
01.003/0232	DONE	data/mypaint-brushes/kaerhon/classic_sk.myb	A	brush-definition	retain-and-verify	19,20,36	Individual implementation and comparison remain in assigned WBS sections
01.003/0233	DONE	data/mypaint-brushes/kaerhon/classic_sk_prev.png	A	brush-preview	retain-and-verify	24,30,36	Individual implementation and comparison remain in assigned WBS sections
01.003/0234	DONE	data/mypaint-brushes/kaerhon/classicroundblock_static_c.myb	A	brush-definition	retain-and-verify	19,20,36	Individual implementation and comparison remain in assigned WBS sections
01.003/0235	DONE	data/mypaint-brushes/kaerhon/classicroundblock_static_c_prev.png	A	brush-preview	retain-and-verify	24,30,36	Individual implementation and comparison remain in assigned WBS sections
01.003/0236	DONE	data/mypaint-brushes/kaerhon/extreme_round_l.myb	A	brush-definition	retain-and-verify	19,20,36	Individual implementation and comparison remain in assigned WBS sections
01.003/0237	DONE	data/mypaint-brushes/kaerhon/extreme_round_l_prev.png	A	brush-preview	retain-and-verify	24,30,36	Individual implementation and comparison remain in assigned WBS sections
01.003/0238	DONE	data/mypaint-brushes/kaerhon/files	A	brush-manifest-or-metadata	retain-and-verify	19,30	Individual implementation and comparison remain in assigned WBS sections
01.003/0239	DONE	data/mypaint-brushes/kaerhon/fill_c.myb	A	brush-definition	retain-and-verify	19,20,36	Individual implementation and comparison remain in assigned WBS sections
01.003/0240	DONE	data/mypaint-brushes/kaerhon/fill_c_prev.png	A	brush-preview	retain-and-verify	24,30,36	Individual implementation and comparison remain in assigned WBS sections
01.003/0241	DONE	data/mypaint-brushes/kaerhon/flat_bar_l.myb	A	brush-definition	retain-and-verify	19,20,36	Individual implementation and comparison remain in assigned WBS sections
01.003/0242	DONE	data/mypaint-brushes/kaerhon/flat_bar_l_prev.png	A	brush-preview	retain-and-verify	24,30,36	Individual implementation and comparison remain in assigned WBS sections
01.003/0243	DONE	data/mypaint-brushes/kaerhon/ink-slowline_s.myb	A	brush-definition	retain-and-verify	19,20,36	Individual implementation and comparison remain in assigned WBS sections
01.003/0244	DONE	data/mypaint-brushes/kaerhon/ink-slowline_s_prev.png	A	brush-preview	retain-and-verify	24,30,36	Individual implementation and comparison remain in assigned WBS sections
01.003/0245	DONE	data/mypaint-brushes/kaerhon/ink_slow_s.myb	A	brush-definition	retain-and-verify	19,20,36	Individual implementation and comparison remain in assigned WBS sections
01.003/0246	DONE	data/mypaint-brushes/kaerhon/ink_slow_s_prev.png	A	brush-preview	retain-and-verify	24,30,36	Individual implementation and comparison remain in assigned WBS sections
01.003/0247	DONE	data/mypaint-brushes/kaerhon/inkster_l.myb	A	brush-definition	retain-and-verify	19,20,36	Individual implementation and comparison remain in assigned WBS sections
01.003/0248	DONE	data/mypaint-brushes/kaerhon/inkster_l_prev.png	A	brush-preview	retain-and-verify	24,30,36	Individual implementation and comparison remain in assigned WBS sections
01.003/0249	DONE	data/mypaint-brushes/kaerhon/paint_barrr_sm.myb	A	brush-definition	retain-and-verify	19,20,36	Individual implementation and comparison remain in assigned WBS sections
01.003/0250	DONE	data/mypaint-brushes/kaerhon/paint_barrr_sm_prev.png	A	brush-preview	retain-and-verify	24,30,36	Individual implementation and comparison remain in assigned WBS sections
01.003/0251	DONE	data/mypaint-brushes/kaerhon/paint_radius_2_sm.myb	A	brush-definition	retain-and-verify	19,20,36	Individual implementation and comparison remain in assigned WBS sections
01.003/0252	DONE	data/mypaint-brushes/kaerhon/paint_radius_2_sm_prev.png	A	brush-preview	retain-and-verify	24,30,36	Individual implementation and comparison remain in assigned WBS sections
01.003/0253	DONE	data/mypaint-brushes/kaerhon/paint_sm.myb	A	brush-definition	retain-and-verify	19,20,36	Individual implementation and comparison remain in assigned WBS sections
01.003/0254	DONE	data/mypaint-brushes/kaerhon/paint_sm_prev.png	A	brush-preview	retain-and-verify	24,30,36	Individual implementation and comparison remain in assigned WBS sections
01.003/0255	DONE	data/mypaint-brushes/kaerhon/smudge_ink(0.7)_sm.myb	A	brush-definition	retain-and-verify	19,20,36	Individual implementation and comparison remain in assigned WBS sections
01.003/0256	DONE	data/mypaint-brushes/kaerhon/smudge_ink(0.7)_sm_prev.png	A	brush-preview	retain-and-verify	24,30,36	Individual implementation and comparison remain in assigned WBS sections
01.003/0257	DONE	data/mypaint-brushes/kaerhon/wet_paint_sm.myb	A	brush-definition	retain-and-verify	19,20,36	Individual implementation and comparison remain in assigned WBS sections
01.003/0258	DONE	data/mypaint-brushes/kaerhon/wet_paint_sm_prev.png	A	brush-preview	retain-and-verify	24,30,36	Individual implementation and comparison remain in assigned WBS sections
01.003/0259	DONE	data/mypaint-brushes/label-brush-mypaint.sh	A	brush-manifest-or-metadata	retain-and-verify	19,30	Individual implementation and comparison remain in assigned WBS sections
01.003/0260	DONE	data/mypaint-brushes/prev-template.xcf.gz	A	brush-manifest-or-metadata	retain-and-verify	19,30	Individual implementation and comparison remain in assigned WBS sections
01.003/0261	DONE	data/mypaint-brushes/ramon/100%_Opaque.myb	A	brush-definition	retain-and-verify	19,20,36	Individual implementation and comparison remain in assigned WBS sections
01.003/0262	DONE	data/mypaint-brushes/ramon/100%_Opaque_prev.png	A	brush-preview	retain-and-verify	24,30,36	Individual implementation and comparison remain in assigned WBS sections
01.003/0263	DONE	data/mypaint-brushes/ramon/2B_pencil.myb	A	brush-definition	retain-and-verify	19,20,36	Individual implementation and comparison remain in assigned WBS sections
01.003/0264	DONE	data/mypaint-brushes/ramon/2B_pencil_prev.png	A	brush-preview	retain-and-verify	24,30,36	Individual implementation and comparison remain in assigned WBS sections
01.003/0265	DONE	data/mypaint-brushes/ramon/B-pencil.myb	A	brush-definition	retain-and-verify	19,20,36	Individual implementation and comparison remain in assigned WBS sections
01.003/0266	DONE	data/mypaint-brushes/ramon/B-pencil_prev.png	A	brush-preview	retain-and-verify	24,30,36	Individual implementation and comparison remain in assigned WBS sections
01.003/0267	DONE	data/mypaint-brushes/ramon/Beamlight.myb	A	brush-definition	retain-and-verify	19,20,36	Individual implementation and comparison remain in assigned WBS sections
01.003/0268	DONE	data/mypaint-brushes/ramon/Beamlight_prev.png	A	brush-preview	retain-and-verify	24,30,36	Individual implementation and comparison remain in assigned WBS sections
01.003/0269	DONE	data/mypaint-brushes/ramon/BigAirbrush.myb	A	brush-definition	retain-and-verify	19,20,36	Individual implementation and comparison remain in assigned WBS sections
01.003/0270	DONE	data/mypaint-brushes/ramon/BigAirbrush_prev.png	A	brush-preview	retain-and-verify	24,30,36	Individual implementation and comparison remain in assigned WBS sections
01.003/0271	DONE	data/mypaint-brushes/ramon/Blur_Fast.myb	A	brush-definition	retain-and-verify	19,20,36	Individual implementation and comparison remain in assigned WBS sections
01.003/0272	DONE	data/mypaint-brushes/ramon/Blur_Fast_prev.png	A	brush-preview	retain-and-verify	24,30,36	Individual implementation and comparison remain in assigned WBS sections
01.003/0273	DONE	data/mypaint-brushes/ramon/Classic_Paint.myb	A	brush-definition	retain-and-verify	19,20,36	Individual implementation and comparison remain in assigned WBS sections
01.003/0274	DONE	data/mypaint-brushes/ramon/Classic_Paint_prev.png	A	brush-preview	retain-and-verify	24,30,36	Individual implementation and comparison remain in assigned WBS sections
01.003/0275	DONE	data/mypaint-brushes/ramon/Clouds.myb	A	brush-definition	retain-and-verify	19,20,36	Individual implementation and comparison remain in assigned WBS sections
01.003/0276	DONE	data/mypaint-brushes/ramon/Clouds_prev.png	A	brush-preview	retain-and-verify	24,30,36	Individual implementation and comparison remain in assigned WBS sections
01.003/0277	DONE	data/mypaint-brushes/ramon/Delayed_.myb	A	brush-definition	retain-and-verify	19,20,36	Individual implementation and comparison remain in assigned WBS sections
01.003/0278	DONE	data/mypaint-brushes/ramon/Delayed__prev.png	A	brush-preview	retain-and-verify	24,30,36	Individual implementation and comparison remain in assigned WBS sections
01.003/0279	DONE	data/mypaint-brushes/ramon/Dirty_Noise.myb	A	brush-definition	retain-and-verify	19,20,36	Individual implementation and comparison remain in assigned WBS sections
01.003/0280	DONE	data/mypaint-brushes/ramon/Dirty_Noise_prev.png	A	brush-preview	retain-and-verify	24,30,36	Individual implementation and comparison remain in assigned WBS sections
01.003/0281	DONE	data/mypaint-brushes/ramon/Glow_Airbrush.myb	A	brush-definition	retain-and-verify	19,20,36	Individual implementation and comparison remain in assigned WBS sections
01.003/0282	DONE	data/mypaint-brushes/ramon/Glow_Airbrush_prev.png	A	brush-preview	retain-and-verify	24,30,36	Individual implementation and comparison remain in assigned WBS sections
01.003/0283	DONE	data/mypaint-brushes/ramon/Grain.myb	A	brush-definition	retain-and-verify	19,20,36	Individual implementation and comparison remain in assigned WBS sections
01.003/0284	DONE	data/mypaint-brushes/ramon/Grain_prev.png	A	brush-preview	retain-and-verify	24,30,36	Individual implementation and comparison remain in assigned WBS sections
01.003/0285	DONE	data/mypaint-brushes/ramon/Hard_Eraser.myb	A	brush-definition	retain-and-verify	19,20,36	Individual implementation and comparison remain in assigned WBS sections
01.003/0286	DONE	data/mypaint-brushes/ramon/Hard_Eraser_prev.png	A	brush-preview	retain-and-verify	24,30,36	Individual implementation and comparison remain in assigned WBS sections
01.003/0287	DONE	data/mypaint-brushes/ramon/Knife.myb	A	brush-definition	retain-and-verify	19,20,36	Individual implementation and comparison remain in assigned WBS sections
01.003/0288	DONE	data/mypaint-brushes/ramon/Knife_prev.png	A	brush-preview	retain-and-verify	24,30,36	Individual implementation and comparison remain in assigned WBS sections
01.003/0289	DONE	data/mypaint-brushes/ramon/Makefile.am	A	brush-manifest-or-metadata	retain-and-verify	19,30	Individual implementation and comparison remain in assigned WBS sections
01.003/0290	DONE	data/mypaint-brushes/ramon/Marker.myb	A	brush-definition	retain-and-verify	19,20,36	Individual implementation and comparison remain in assigned WBS sections
01.003/0291	DONE	data/mypaint-brushes/ramon/Marker_prev.png	A	brush-preview	retain-and-verify	24,30,36	Individual implementation and comparison remain in assigned WBS sections
01.003/0292	DONE	data/mypaint-brushes/ramon/P._Shade.myb	A	brush-definition	retain-and-verify	19,20,36	Individual implementation and comparison remain in assigned WBS sections
01.003/0293	DONE	data/mypaint-brushes/ramon/P._Shade_prev.png	A	brush-preview	retain-and-verify	24,30,36	Individual implementation and comparison remain in assigned WBS sections
01.003/0294	DONE	data/mypaint-brushes/ramon/Pastel_1.myb	A	brush-definition	retain-and-verify	19,20,36	Individual implementation and comparison remain in assigned WBS sections
01.003/0295	DONE	data/mypaint-brushes/ramon/Pastel_1_prev.png	A	brush-preview	retain-and-verify	24,30,36	Individual implementation and comparison remain in assigned WBS sections
01.003/0296	DONE	data/mypaint-brushes/ramon/Pen.myb	A	brush-definition	retain-and-verify	19,20,36	Individual implementation and comparison remain in assigned WBS sections
01.003/0297	DONE	data/mypaint-brushes/ramon/PenBrush.myb	A	brush-definition	retain-and-verify	19,20,36	Individual implementation and comparison remain in assigned WBS sections
01.003/0298	DONE	data/mypaint-brushes/ramon/PenBrush_prev.png	A	brush-preview	retain-and-verify	24,30,36	Individual implementation and comparison remain in assigned WBS sections
01.003/0299	DONE	data/mypaint-brushes/ramon/Pen_prev.png	A	brush-preview	retain-and-verify	24,30,36	Individual implementation and comparison remain in assigned WBS sections
01.003/0300	DONE	data/mypaint-brushes/ramon/RS_blendOP.myb	A	brush-definition	retain-and-verify	19,20,36	Individual implementation and comparison remain in assigned WBS sections
01.003/0301	DONE	data/mypaint-brushes/ramon/RS_blendOP_prev.png	A	brush-preview	retain-and-verify	24,30,36	Individual implementation and comparison remain in assigned WBS sections
01.003/0302	DONE	data/mypaint-brushes/ramon/Round.myb	A	brush-definition	retain-and-verify	19,20,36	Individual implementation and comparison remain in assigned WBS sections
01.003/0303	DONE	data/mypaint-brushes/ramon/Round_Bl.myb	A	brush-definition	retain-and-verify	19,20,36	Individual implementation and comparison remain in assigned WBS sections
01.003/0304	DONE	data/mypaint-brushes/ramon/Round_Bl_prev.png	A	brush-preview	retain-and-verify	24,30,36	Individual implementation and comparison remain in assigned WBS sections
01.003/0305	DONE	data/mypaint-brushes/ramon/Round_prev.png	A	brush-preview	retain-and-verify	24,30,36	Individual implementation and comparison remain in assigned WBS sections
01.003/0306	DONE	data/mypaint-brushes/ramon/Sketch_1.myb	A	brush-definition	retain-and-verify	19,20,36	Individual implementation and comparison remain in assigned WBS sections
01.003/0307	DONE	data/mypaint-brushes/ramon/Sketch_1_prev.png	A	brush-preview	retain-and-verify	24,30,36	Individual implementation and comparison remain in assigned WBS sections
01.003/0308	DONE	data/mypaint-brushes/ramon/Smear.myb	A	brush-definition	retain-and-verify	19,20,36	Individual implementation and comparison remain in assigned WBS sections
01.003/0309	DONE	data/mypaint-brushes/ramon/Smear_prev.png	A	brush-preview	retain-and-verify	24,30,36	Individual implementation and comparison remain in assigned WBS sections
01.003/0310	DONE	data/mypaint-brushes/ramon/Soft_Eraser.myb	A	brush-definition	retain-and-verify	19,20,36	Individual implementation and comparison remain in assigned WBS sections
01.003/0311	DONE	data/mypaint-brushes/ramon/Soft_Eraser_prev.png	A	brush-preview	retain-and-verify	24,30,36	Individual implementation and comparison remain in assigned WBS sections
01.003/0312	DONE	data/mypaint-brushes/ramon/Thin_Pen.myb	A	brush-definition	retain-and-verify	19,20,36	Individual implementation and comparison remain in assigned WBS sections
01.003/0313	DONE	data/mypaint-brushes/ramon/Thin_Pen_prev.png	A	brush-preview	retain-and-verify	24,30,36	Individual implementation and comparison remain in assigned WBS sections
01.003/0314	DONE	data/mypaint-brushes/ramon/Wet_Direction.myb	A	brush-definition	retain-and-verify	19,20,36	Individual implementation and comparison remain in assigned WBS sections
01.003/0315	DONE	data/mypaint-brushes/ramon/Wet_Direction_prev.png	A	brush-preview	retain-and-verify	24,30,36	Individual implementation and comparison remain in assigned WBS sections
01.003/0316	DONE	data/mypaint-brushes/ramon/files	A	brush-manifest-or-metadata	retain-and-verify	19,30	Individual implementation and comparison remain in assigned WBS sections
01.003/0317	DONE	data/mypaint-brushes/ramon/wet_round.myb	A	brush-definition	retain-and-verify	19,20,36	Individual implementation and comparison remain in assigned WBS sections
01.003/0318	DONE	data/mypaint-brushes/ramon/wet_round_prev.png	A	brush-preview	retain-and-verify	24,30,36	Individual implementation and comparison remain in assigned WBS sections
01.003/0319	DONE	data/mypaint-brushes/tanda/Makefile.am	A	brush-manifest-or-metadata	retain-and-verify	19,30	Individual implementation and comparison remain in assigned WBS sections
01.003/0320	DONE	data/mypaint-brushes/tanda/acrylic-03-only-water.myb	A	brush-definition	retain-and-verify	19,20,36	Individual implementation and comparison remain in assigned WBS sections
01.003/0321	DONE	data/mypaint-brushes/tanda/acrylic-03-only-water_prev.png	A	brush-preview	retain-and-verify	24,30,36	Individual implementation and comparison remain in assigned WBS sections
01.003/0322	DONE	data/mypaint-brushes/tanda/acrylic-03-paint.myb	A	brush-definition	retain-and-verify	19,20,36	Individual implementation and comparison remain in assigned WBS sections
01.003/0323	DONE	data/mypaint-brushes/tanda/acrylic-03-paint_prev.png	A	brush-preview	retain-and-verify	24,30,36	Individual implementation and comparison remain in assigned WBS sections
01.003/0324	DONE	data/mypaint-brushes/tanda/acrylic-03-with-water.myb	A	brush-definition	retain-and-verify	19,20,36	Individual implementation and comparison remain in assigned WBS sections
01.003/0325	DONE	data/mypaint-brushes/tanda/acrylic-03-with-water_prev.png	A	brush-preview	retain-and-verify	24,30,36	Individual implementation and comparison remain in assigned WBS sections
01.003/0326	DONE	data/mypaint-brushes/tanda/acrylic-04-only-water.myb	A	brush-definition	retain-and-verify	19,20,36	Individual implementation and comparison remain in assigned WBS sections
01.003/0327	DONE	data/mypaint-brushes/tanda/acrylic-04-only-water_prev.png	A	brush-preview	retain-and-verify	24,30,36	Individual implementation and comparison remain in assigned WBS sections
01.003/0328	DONE	data/mypaint-brushes/tanda/acrylic-04-paint.myb	A	brush-definition	retain-and-verify	19,20,36	Individual implementation and comparison remain in assigned WBS sections
01.003/0329	DONE	data/mypaint-brushes/tanda/acrylic-04-paint_prev.png	A	brush-preview	retain-and-verify	24,30,36	Individual implementation and comparison remain in assigned WBS sections
01.003/0330	DONE	data/mypaint-brushes/tanda/acrylic-04-with-water.myb	A	brush-definition	retain-and-verify	19,20,36	Individual implementation and comparison remain in assigned WBS sections
01.003/0331	DONE	data/mypaint-brushes/tanda/acrylic-04-with-water_prev.png	A	brush-preview	retain-and-verify	24,30,36	Individual implementation and comparison remain in assigned WBS sections
01.003/0332	DONE	data/mypaint-brushes/tanda/acrylic-05-only-water.myb	A	brush-definition	retain-and-verify	19,20,36	Individual implementation and comparison remain in assigned WBS sections
01.003/0333	DONE	data/mypaint-brushes/tanda/acrylic-05-only-water_prev.png	A	brush-preview	retain-and-verify	24,30,36	Individual implementation and comparison remain in assigned WBS sections
01.003/0334	DONE	data/mypaint-brushes/tanda/acrylic-05-paint.myb	A	brush-definition	retain-and-verify	19,20,36	Individual implementation and comparison remain in assigned WBS sections
01.003/0335	DONE	data/mypaint-brushes/tanda/acrylic-05-paint_prev.png	A	brush-preview	retain-and-verify	24,30,36	Individual implementation and comparison remain in assigned WBS sections
01.003/0336	DONE	data/mypaint-brushes/tanda/acrylic-05-with-water.myb	A	brush-definition	retain-and-verify	19,20,36	Individual implementation and comparison remain in assigned WBS sections
01.003/0337	DONE	data/mypaint-brushes/tanda/acrylic-05-with-water_prev.png	A	brush-preview	retain-and-verify	24,30,36	Individual implementation and comparison remain in assigned WBS sections
01.003/0338	DONE	data/mypaint-brushes/tanda/charcoal-01.myb	A	brush-definition	retain-and-verify	19,20,36	Individual implementation and comparison remain in assigned WBS sections
01.003/0339	DONE	data/mypaint-brushes/tanda/charcoal-01_prev.png	A	brush-preview	retain-and-verify	24,30,36	Individual implementation and comparison remain in assigned WBS sections
01.003/0340	DONE	data/mypaint-brushes/tanda/charcoal-03.myb	A	brush-definition	retain-and-verify	19,20,36	Individual implementation and comparison remain in assigned WBS sections
01.003/0341	DONE	data/mypaint-brushes/tanda/charcoal-03_prev.png	A	brush-preview	retain-and-verify	24,30,36	Individual implementation and comparison remain in assigned WBS sections
01.003/0342	DONE	data/mypaint-brushes/tanda/charcoal-04.myb	A	brush-definition	retain-and-verify	19,20,36	Individual implementation and comparison remain in assigned WBS sections
01.003/0343	DONE	data/mypaint-brushes/tanda/charcoal-04_prev.png	A	brush-preview	retain-and-verify	24,30,36	Individual implementation and comparison remain in assigned WBS sections
01.003/0344	DONE	data/mypaint-brushes/tanda/charcoal-blur1.myb	A	brush-definition	retain-and-verify	19,20,36	Individual implementation and comparison remain in assigned WBS sections
01.003/0345	DONE	data/mypaint-brushes/tanda/charcoal-blur1_prev.png	A	brush-preview	retain-and-verify	24,30,36	Individual implementation and comparison remain in assigned WBS sections
01.003/0346	DONE	data/mypaint-brushes/tanda/files	A	brush-manifest-or-metadata	retain-and-verify	19,30	Individual implementation and comparison remain in assigned WBS sections
01.003/0347	DONE	data/mypaint-brushes/tanda/marker-01.myb	A	brush-definition	retain-and-verify	19,20,36	Individual implementation and comparison remain in assigned WBS sections
01.003/0348	DONE	data/mypaint-brushes/tanda/marker-01_prev.png	A	brush-preview	retain-and-verify	24,30,36	Individual implementation and comparison remain in assigned WBS sections
01.003/0349	DONE	data/mypaint-brushes/tanda/marker-05.myb	A	brush-definition	retain-and-verify	19,20,36	Individual implementation and comparison remain in assigned WBS sections
01.003/0350	DONE	data/mypaint-brushes/tanda/marker-05_prev.png	A	brush-preview	retain-and-verify	24,30,36	Individual implementation and comparison remain in assigned WBS sections
01.003/0351	DONE	data/mypaint-brushes/tanda/oil-01-clean.myb	A	brush-definition	retain-and-verify	19,20,36	Individual implementation and comparison remain in assigned WBS sections
01.003/0352	DONE	data/mypaint-brushes/tanda/oil-01-clean_prev.png	A	brush-preview	retain-and-verify	24,30,36	Individual implementation and comparison remain in assigned WBS sections
01.003/0353	DONE	data/mypaint-brushes/tanda/oil-01-paint.myb	A	brush-definition	retain-and-verify	19,20,36	Individual implementation and comparison remain in assigned WBS sections
01.003/0354	DONE	data/mypaint-brushes/tanda/oil-01-paint_prev.png	A	brush-preview	retain-and-verify	24,30,36	Individual implementation and comparison remain in assigned WBS sections
01.003/0355	DONE	data/mypaint-brushes/tanda/oil-03-clean.myb	A	brush-definition	retain-and-verify	19,20,36	Individual implementation and comparison remain in assigned WBS sections
01.003/0356	DONE	data/mypaint-brushes/tanda/oil-03-clean_prev.png	A	brush-preview	retain-and-verify	24,30,36	Individual implementation and comparison remain in assigned WBS sections
01.003/0357	DONE	data/mypaint-brushes/tanda/oil-03-paint.myb	A	brush-definition	retain-and-verify	19,20,36	Individual implementation and comparison remain in assigned WBS sections
01.003/0358	DONE	data/mypaint-brushes/tanda/oil-03-paint_prev.png	A	brush-preview	retain-and-verify	24,30,36	Individual implementation and comparison remain in assigned WBS sections
01.003/0359	DONE	data/mypaint-brushes/tanda/oil-06-clean.myb	A	brush-definition	retain-and-verify	19,20,36	Individual implementation and comparison remain in assigned WBS sections
01.003/0360	DONE	data/mypaint-brushes/tanda/oil-06-clean_prev.png	A	brush-preview	retain-and-verify	24,30,36	Individual implementation and comparison remain in assigned WBS sections
01.003/0361	DONE	data/mypaint-brushes/tanda/oil-06-paint.myb	A	brush-definition	retain-and-verify	19,20,36	Individual implementation and comparison remain in assigned WBS sections
01.003/0362	DONE	data/mypaint-brushes/tanda/oil-06-paint_prev.png	A	brush-preview	retain-and-verify	24,30,36	Individual implementation and comparison remain in assigned WBS sections
01.003/0363	DONE	data/mypaint-brushes/tanda/oil-mop.myb	A	brush-definition	retain-and-verify	19,20,36	Individual implementation and comparison remain in assigned WBS sections
01.003/0364	DONE	data/mypaint-brushes/tanda/oil-mop_prev.png	A	brush-preview	retain-and-verify	24,30,36	Individual implementation and comparison remain in assigned WBS sections
01.003/0365	DONE	data/mypaint-brushes/tanda/pencil-2b.myb	A	brush-definition	retain-and-verify	19,20,36	Individual implementation and comparison remain in assigned WBS sections
01.003/0366	DONE	data/mypaint-brushes/tanda/pencil-2b_prev.png	A	brush-preview	retain-and-verify	24,30,36	Individual implementation and comparison remain in assigned WBS sections
01.003/0367	DONE	data/mypaint-brushes/tanda/pencil-8b.myb	A	brush-definition	retain-and-verify	19,20,36	Individual implementation and comparison remain in assigned WBS sections
01.003/0368	DONE	data/mypaint-brushes/tanda/pencil-8b_prev.png	A	brush-preview	retain-and-verify	24,30,36	Individual implementation and comparison remain in assigned WBS sections
01.003/0369	DONE	data/mypaint-brushes/tanda/splatter-02.myb	A	brush-definition	retain-and-verify	19,20,36	Individual implementation and comparison remain in assigned WBS sections
01.003/0370	DONE	data/mypaint-brushes/tanda/splatter-02_prev.png	A	brush-preview	retain-and-verify	24,30,36	Individual implementation and comparison remain in assigned WBS sections
01.003/0371	DONE	data/mypaint-brushes/tanda/splatter-04.myb	A	brush-definition	retain-and-verify	19,20,36	Individual implementation and comparison remain in assigned WBS sections
01.003/0372	DONE	data/mypaint-brushes/tanda/splatter-04_prev.png	A	brush-preview	retain-and-verify	24,30,36	Individual implementation and comparison remain in assigned WBS sections
01.003/0373	DONE	data/mypaint-brushes/tanda/texture-03.myb	A	brush-definition	retain-and-verify	19,20,36	Individual implementation and comparison remain in assigned WBS sections
01.003/0374	DONE	data/mypaint-brushes/tanda/texture-03_prev.png	A	brush-preview	retain-and-verify	24,30,36	Individual implementation and comparison remain in assigned WBS sections
01.003/0375	DONE	data/mypaint-brushes/tanda/texture-06.myb	A	brush-definition	retain-and-verify	19,20,36	Individual implementation and comparison remain in assigned WBS sections
01.003/0376	DONE	data/mypaint-brushes/tanda/texture-06_prev.png	A	brush-preview	retain-and-verify	24,30,36	Individual implementation and comparison remain in assigned WBS sections
01.003/0377	DONE	data/mypaint-brushes/tanda/texture-12.myb	A	brush-definition	retain-and-verify	19,20,36	Individual implementation and comparison remain in assigned WBS sections
01.003/0378	DONE	data/mypaint-brushes/tanda/texture-12_prev.png	A	brush-preview	retain-and-verify	24,30,36	Individual implementation and comparison remain in assigned WBS sections
01.003/0379	DONE	data/mypaint-brushes/tanda/water-01.myb	A	brush-definition	retain-and-verify	19,20,36	Individual implementation and comparison remain in assigned WBS sections
01.003/0380	DONE	data/mypaint-brushes/tanda/water-01_prev.png	A	brush-preview	retain-and-verify	24,30,36	Individual implementation and comparison remain in assigned WBS sections
01.003/0381	DONE	data/mypaint-brushes/tanda/water-02.myb	A	brush-definition	retain-and-verify	19,20,36	Individual implementation and comparison remain in assigned WBS sections
01.003/0382	DONE	data/mypaint-brushes/tanda/water-02_prev.png	A	brush-preview	retain-and-verify	24,30,36	Individual implementation and comparison remain in assigned WBS sections
01.003/0383	DONE	data/mypaint-brushes/tanda/water-05.myb	A	brush-definition	retain-and-verify	19,20,36	Individual implementation and comparison remain in assigned WBS sections
01.003/0384	DONE	data/mypaint-brushes/tanda/water-05_prev.png	A	brush-preview	retain-and-verify	24,30,36	Individual implementation and comparison remain in assigned WBS sections
01.003/0385	DONE	data/mypaint-brushes/tanda/water-06.myb	A	brush-definition	retain-and-verify	19,20,36	Individual implementation and comparison remain in assigned WBS sections
01.003/0386	DONE	data/mypaint-brushes/tanda/water-06_prev.png	A	brush-preview	retain-and-verify	24,30,36	Individual implementation and comparison remain in assigned WBS sections
01.003/0387	DONE	data/mypaint-brushes/tanda/watercolor-02-paint.myb	A	brush-definition	retain-and-verify	19,20,36	Individual implementation and comparison remain in assigned WBS sections
01.003/0388	DONE	data/mypaint-brushes/tanda/watercolor-02-paint_prev.png	A	brush-preview	retain-and-verify	24,30,36	Individual implementation and comparison remain in assigned WBS sections
01.003/0389	DONE	data/mypaint-brushes/tanda/watercolor-02-water.myb	A	brush-definition	retain-and-verify	19,20,36	Individual implementation and comparison remain in assigned WBS sections
01.003/0390	DONE	data/mypaint-brushes/tanda/watercolor-02-water_prev.png	A	brush-preview	retain-and-verify	24,30,36	Individual implementation and comparison remain in assigned WBS sections
01.003/0391	DONE	etc/Makefile.am	M	user-default-or-configuration	retain-and-verify	30	Individual implementation and comparison remain in assigned WBS sections
01.003/0392	DONE	etc/sessionrc	M	user-default-or-configuration	retain-and-verify	30	Individual implementation and comparison remain in assigned WBS sections
01.003/0393	DONE	etc/toolrc	A	user-default-or-configuration	retain-and-verify	30	Individual implementation and comparison remain in assigned WBS sections
01.003/0394	DONE	libgimp/Makefile.am	M	public-library-api-or-enum	retain-and-verify	04,08,13,19,30	Individual implementation and comparison remain in assigned WBS sections
01.003/0395	DONE	libgimp/gimp_pdb_headers.h	M	public-library-api-or-enum	retain-and-verify	04,08,13,19,30	Individual implementation and comparison remain in assigned WBS sections
01.003/0396	DONE	libgimp/gimpenums.c.tail	M	public-library-api-or-enum	retain-and-verify	04,08,13,19,30	Individual implementation and comparison remain in assigned WBS sections
01.003/0397	DONE	libgimp/gimpenums.h	M	public-library-api-or-enum	retain-and-verify	04,08,13,19,30	Individual implementation and comparison remain in assigned WBS sections
01.003/0398	DONE	libgimp/gimpmypaintbrushselect_pdb.c	A	public-library-api-or-enum	retain-and-verify	04,08,13,19,30	Individual implementation and comparison remain in assigned WBS sections
01.003/0399	DONE	libgimp/gimpmypaintbrushselect_pdb.h	A	public-library-api-or-enum	retain-and-verify	04,08,13,19,30	Individual implementation and comparison remain in assigned WBS sections
01.003/0400	DONE	libgimpbase/gimpbaseenums.c	M	public-library-api-or-enum	retain-and-verify	04,08,13,19,30	Individual implementation and comparison remain in assigned WBS sections
01.003/0401	DONE	libgimpbase/gimpbaseenums.h	M	public-library-api-or-enum	retain-and-verify	04,08,13,19,30	Individual implementation and comparison remain in assigned WBS sections
01.003/0402	DONE	libgimpcolor/gimpcairocolor.h	M	public-library-api-or-enum	retain-and-verify	04,08,13,19,30	Individual implementation and comparison remain in assigned WBS sections
01.003/0403	DONE	libgimpconfig/gimpconfig-params.h	M	public-library-api-or-enum	retain-and-verify	04,08,13,19,30	Individual implementation and comparison remain in assigned WBS sections
01.003/0404	DONE	libgimpwidgets/gimpcolorselector.h	M	public-library-api-or-enum	retain-and-verify	04,08,13,19,30	Individual implementation and comparison remain in assigned WBS sections
01.003/0405	DONE	libgimpwidgets/gimpenumwidgets.c	M	public-library-api-or-enum	retain-and-verify	04,08,13,19,30	Individual implementation and comparison remain in assigned WBS sections
01.003/0406	DONE	libgimpwidgets/gimpenumwidgets.h	M	public-library-api-or-enum	retain-and-verify	04,08,13,19,30	Individual implementation and comparison remain in assigned WBS sections
01.003/0407	DONE	libgimpwidgets/gimpframe.h	M	public-library-api-or-enum	retain-and-verify	04,08,13,19,30	Individual implementation and comparison remain in assigned WBS sections
01.003/0408	DONE	libgimpwidgets/gimpintcombobox.h	M	public-library-api-or-enum	retain-and-verify	04,08,13,19,30	Individual implementation and comparison remain in assigned WBS sections
01.003/0409	DONE	libgimpwidgets/gimppropwidgets.c	M	public-library-api-or-enum	retain-and-verify	04,08,13,19,30	Individual implementation and comparison remain in assigned WBS sections
01.003/0410	DONE	libgimpwidgets/gimppropwidgets.h	M	public-library-api-or-enum	retain-and-verify	04,08,13,19,30	Individual implementation and comparison remain in assigned WBS sections
01.003/0411	DONE	libgimpwidgets/gimpstock.c	M	public-library-api-or-enum	retain-and-verify	04,08,13,19,30	Individual implementation and comparison remain in assigned WBS sections
01.003/0412	DONE	libgimpwidgets/gimpstock.h	M	public-library-api-or-enum	retain-and-verify	04,08,13,19,30	Individual implementation and comparison remain in assigned WBS sections
01.003/0413	DONE	libgimpwidgets/gimpwidgets.c	M	public-library-api-or-enum	retain-and-verify	04,08,13,19,30	Individual implementation and comparison remain in assigned WBS sections
01.003/0414	DONE	libgimpwidgets/gimpwidgets.h	M	public-library-api-or-enum	retain-and-verify	04,08,13,19,30	Individual implementation and comparison remain in assigned WBS sections
01.003/0415	DONE	menus/Makefile.am	M	menu-action	retain-and-verify	24,30	Individual implementation and comparison remain in assigned WBS sections
01.003/0416	DONE	menus/dialogs-menuitems.xml	M	menu-action	retain-and-verify	24,30	Individual implementation and comparison remain in assigned WBS sections
01.003/0417	DONE	menus/mypaint-brush-editor-menu.xml	A	menu-action	retain-and-verify	24,30	Individual implementation and comparison remain in assigned WBS sections
01.003/0418	DONE	menus/mypaint-brushes-menu.xml	A	menu-action	retain-and-verify	24,30	Individual implementation and comparison remain in assigned WBS sections
01.003/0419	DONE	modules/gimpcolorwheel.c	M	optional-module	retain-and-verify	30,31	Individual implementation and comparison remain in assigned WBS sections
01.003/0420	DONE	modules/gimpcolorwheel.h	M	optional-module	retain-and-verify	30,31	Individual implementation and comparison remain in assigned WBS sections
01.003/0421	DONE	plug-ins/common/alien-map.c	M	plugin-procedure-or-behavior	retain-and-verify	16,31,36	Individual implementation and comparison remain in assigned WBS sections
01.003/0422	DONE	plug-ins/common/blur-motion.c	M	plugin-procedure-or-behavior	retain-and-verify	16,31,36	Individual implementation and comparison remain in assigned WBS sections
01.003/0423	DONE	plug-ins/common/channel-mixer.c	M	plugin-procedure-or-behavior	retain-and-verify	16,31,36	Individual implementation and comparison remain in assigned WBS sections
01.003/0424	DONE	plug-ins/common/color-exchange.c	M	plugin-procedure-or-behavior	retain-and-verify	16,31,36	Individual implementation and comparison remain in assigned WBS sections
01.003/0425	DONE	plug-ins/common/contrast-retinex.c	M	plugin-procedure-or-behavior	retain-and-verify	16,31,36	Individual implementation and comparison remain in assigned WBS sections
01.003/0426	DONE	plug-ins/common/convolution-matrix.c	M	plugin-procedure-or-behavior	retain-and-verify	16,31,36	Individual implementation and comparison remain in assigned WBS sections
01.003/0427	DONE	plug-ins/common/curve-bend.c	M	plugin-procedure-or-behavior	retain-and-verify	16,31,36	Individual implementation and comparison remain in assigned WBS sections
01.003/0428	DONE	plug-ins/common/decompose.c	M	plugin-procedure-or-behavior	retain-and-verify	16,31,36	Individual implementation and comparison remain in assigned WBS sections
01.003/0429	DONE	plug-ins/common/displace.c	M	plugin-procedure-or-behavior	retain-and-verify	16,31,36	Individual implementation and comparison remain in assigned WBS sections
01.003/0430	DONE	plug-ins/common/edge-neon.c	M	plugin-procedure-or-behavior	retain-and-verify	16,31,36	Individual implementation and comparison remain in assigned WBS sections
01.003/0431	DONE	plug-ins/common/edge-sobel.c	M	plugin-procedure-or-behavior	retain-and-verify	16,31,36	Individual implementation and comparison remain in assigned WBS sections
01.003/0432	DONE	plug-ins/common/edge.c	M	plugin-procedure-or-behavior	retain-and-verify	16,31,36	Individual implementation and comparison remain in assigned WBS sections
01.003/0433	DONE	plug-ins/common/emboss.c	M	plugin-procedure-or-behavior	retain-and-verify	16,31,36	Individual implementation and comparison remain in assigned WBS sections
01.003/0434	DONE	plug-ins/common/fractal-trace.c	M	plugin-procedure-or-behavior	retain-and-verify	16,31,36	Individual implementation and comparison remain in assigned WBS sections
01.003/0435	DONE	plug-ins/common/hot.c	M	plugin-procedure-or-behavior	retain-and-verify	16,31,36	Individual implementation and comparison remain in assigned WBS sections
01.003/0436	DONE	plug-ins/common/lens-distortion.c	M	plugin-procedure-or-behavior	retain-and-verify	16,31,36	Individual implementation and comparison remain in assigned WBS sections
01.003/0437	DONE	plug-ins/common/lens-flare.c	M	plugin-procedure-or-behavior	retain-and-verify	16,31,36	Individual implementation and comparison remain in assigned WBS sections
01.003/0438	DONE	plug-ins/common/mosaic.c	M	plugin-procedure-or-behavior	retain-and-verify	16,31,36	Individual implementation and comparison remain in assigned WBS sections
01.003/0439	DONE	plug-ins/common/newsprint.c	M	plugin-procedure-or-behavior	retain-and-verify	16,31,36	Individual implementation and comparison remain in assigned WBS sections
01.003/0440	DONE	plug-ins/common/nl-filter.c	M	plugin-procedure-or-behavior	retain-and-verify	16,31,36	Individual implementation and comparison remain in assigned WBS sections
01.003/0441	DONE	plug-ins/common/noise-hsv.c	M	plugin-procedure-or-behavior	retain-and-verify	16,31,36	Individual implementation and comparison remain in assigned WBS sections
01.003/0442	DONE	plug-ins/common/noise-randomize.c	M	plugin-procedure-or-behavior	retain-and-verify	16,31,36	Individual implementation and comparison remain in assigned WBS sections
01.003/0443	DONE	plug-ins/common/noise-rgb.c	M	plugin-procedure-or-behavior	retain-and-verify	16,31,36	Individual implementation and comparison remain in assigned WBS sections
01.003/0444	DONE	plug-ins/common/noise-solid.c	M	plugin-procedure-or-behavior	retain-and-verify	16,31,36	Individual implementation and comparison remain in assigned WBS sections
01.003/0445	DONE	plug-ins/common/nova.c	M	plugin-procedure-or-behavior	retain-and-verify	16,31,36	Individual implementation and comparison remain in assigned WBS sections
01.003/0446	DONE	plug-ins/common/sample-colorize.c	M	plugin-procedure-or-behavior	retain-and-verify	16,31,36	Individual implementation and comparison remain in assigned WBS sections
01.003/0447	DONE	plug-ins/common/shift.c	M	plugin-procedure-or-behavior	retain-and-verify	16,31,36	Individual implementation and comparison remain in assigned WBS sections
01.003/0448	DONE	plug-ins/common/smooth-palette.c	M	plugin-procedure-or-behavior	retain-and-verify	16,31,36	Individual implementation and comparison remain in assigned WBS sections
01.003/0449	DONE	plug-ins/common/sparkle.c	M	plugin-procedure-or-behavior	retain-and-verify	16,31,36	Individual implementation and comparison remain in assigned WBS sections
01.003/0450	DONE	plug-ins/common/tile-paper.c	M	plugin-procedure-or-behavior	retain-and-verify	16,31,36	Individual implementation and comparison remain in assigned WBS sections
01.003/0451	DONE	plug-ins/common/tile.c	M	plugin-procedure-or-behavior	retain-and-verify	16,31,36	Individual implementation and comparison remain in assigned WBS sections
01.003/0452	DONE	plug-ins/common/value-propagate.c	M	plugin-procedure-or-behavior	retain-and-verify	16,31,36	Individual implementation and comparison remain in assigned WBS sections
01.003/0453	DONE	plug-ins/common/video.c	M	plugin-procedure-or-behavior	retain-and-verify	16,31,36	Individual implementation and comparison remain in assigned WBS sections
01.003/0454	DONE	plug-ins/common/warp.c	M	plugin-procedure-or-behavior	retain-and-verify	16,31,36	Individual implementation and comparison remain in assigned WBS sections
01.003/0455	DONE	plug-ins/common/waves.c	M	plugin-procedure-or-behavior	retain-and-verify	16,31,36	Individual implementation and comparison remain in assigned WBS sections
01.003/0456	DONE	plug-ins/common/wind.c	M	plugin-procedure-or-behavior	retain-and-verify	16,31,36	Individual implementation and comparison remain in assigned WBS sections
01.003/0457	DONE	plug-ins/gradient-flare/gradient-flare.c	M	plugin-procedure-or-behavior	retain-and-verify	16,31,36	Individual implementation and comparison remain in assigned WBS sections
01.003/0458	DONE	plug-ins/lighting/lighting-main.c	M	plugin-procedure-or-behavior	retain-and-verify	16,31,36	Individual implementation and comparison remain in assigned WBS sections
01.003/0459	DONE	plug-ins/map-object/map-object-main.c	M	plugin-procedure-or-behavior	retain-and-verify	16,31,36	Individual implementation and comparison remain in assigned WBS sections
01.003/0460	DONE	plug-ins/pagecurl/pagecurl.c	M	plugin-procedure-or-behavior	retain-and-verify	16,31,36	Individual implementation and comparison remain in assigned WBS sections
01.003/0461	DONE	plug-ins/script-fu/scheme-wrapper.c	M	plugin-procedure-or-behavior	retain-and-verify	16,31,36	Individual implementation and comparison remain in assigned WBS sections
01.003/0462	DONE	po/POTFILES.in	M	translation	retain-and-verify	30	Individual implementation and comparison remain in assigned WBS sections
01.003/0463	DONE	po/ja.po	M	translation	retain-and-verify	30	Individual implementation and comparison remain in assigned WBS sections
01.003/0464	DONE	themes/Default/images/Makefile.am	M	theme-resource	retain-and-verify	29,30	Individual implementation and comparison remain in assigned WBS sections
01.003/0465	DONE	themes/Default/images/preferences/Makefile.am	M	theme-resource	retain-and-verify	29,30	Individual implementation and comparison remain in assigned WBS sections
01.003/0466	DONE	themes/Default/images/preferences/folders-mypaint-brushes-16.png	A	theme-resource	retain-and-verify	29,30	Individual implementation and comparison remain in assigned WBS sections
01.003/0467	DONE	themes/Default/images/preferences/folders-mypaint-brushes-22.png	A	theme-resource	retain-and-verify	29,30	Individual implementation and comparison remain in assigned WBS sections
01.003/0468	DONE	themes/Default/images/stock-layer-menu-16.png	A	theme-resource	retain-and-verify	29,30	Individual implementation and comparison remain in assigned WBS sections
01.003/0469	DONE	themes/Default/images/tools/stock-tool-mypaint-16.png	A	theme-resource	retain-and-verify	29,30	Individual implementation and comparison remain in assigned WBS sections
01.003/0470	DONE	themes/Default/images/tools/stock-tool-mypaint-22.png	A	theme-resource	retain-and-verify	29,30	Individual implementation and comparison remain in assigned WBS sections
01.003/0471	DONE	tools/pdbgen/Makefile.am	M	generator-source	retain-and-verify	01.010,04.013,30	Individual implementation and comparison remain in assigned WBS sections
01.003/0472	DONE	tools/pdbgen/enums.pl	M	generator-source	retain-and-verify	01.010,04.013,30	Individual implementation and comparison remain in assigned WBS sections
01.003/0473	DONE	tools/pdbgen/groups.pl	M	generator-source	retain-and-verify	01.010,04.013,30	Individual implementation and comparison remain in assigned WBS sections
01.003/0474	DONE	tools/pdbgen/pdb/mypaint_brush_select.pdb	A	generator-source	retain-and-verify	01.010,04.013,30	Individual implementation and comparison remain in assigned WBS sections
