procedure	eligibility	menu	argument_types	legacy_source	current_source_mentions	current_gegl_counterpart	executor_route	missing_port_work	dependency_status
plug-in-alienmap2	installed-compiled-plugin	<Image>/Colors/Map	0,13,16,3,3,3,3,3,3,2,2,2,2	plug-ins/common/alien-map.c		gegl:alien-map	explicit compatibility kernel or isolated plug-in adapter required	parameter/alpha/numerical parity and cancellation/crash isolation	bundled original source exists; missing port code
plug-in-antialias	installed-compiled-plugin	<Image>/Filters/Enhance	0,13,16	plug-ins/common/antialias.c		gegl:antialias	explicit compatibility kernel or isolated plug-in adapter required	parameter/alpha/numerical parity and cancellation/crash isolation	bundled original source exists; missing port code
plug-in-apply-canvas	installed-compiled-plugin	<Image>/Filters/Artistic	0,13,16,0,0	plug-ins/common/apply-canvas.c		gegl:texturize-canvas	explicit compatibility kernel or isolated plug-in adapter required	parameter/alpha/numerical parity and cancellation/crash isolation	bundled original source exists; missing port code
plug-in-applylens	installed-compiled-plugin	<Image>/Filters/Distorts	0,13,16,3,0,0,0	plug-ins/common/lens-apply.c		gegl:apply-lens	explicit compatibility kernel or isolated plug-in adapter required	parameter/alpha/numerical parity and cancellation/crash isolation	bundled original source exists; missing port code
plug-in-autostretch-hsv	installed-compiled-plugin	<Image>/Colors/Auto	0,13,16	plug-ins/common/contrast-stretch-hsv.c		gegl:stretch-contrast-hsv	explicit compatibility kernel or isolated plug-in adapter required	parameter/alpha/numerical parity and cancellation/crash isolation	bundled original source exists; missing port code
plug-in-blinds	installed-compiled-plugin	<Image>/Filters/Distorts	0,13,16,0,0,0,0	plug-ins/common/blinds.c	plug-ins/common/blinds.c		audited isolated bundled PDB adapter; U8 nonlinear RGB/Gray; angle 0..90, segments 1..100	owner progress forwarding, disabled-swap alternative route, arbitrary-size/global-latency and other-platform verification	native owner start/final context phases and Linux installed relocation implemented; see migration/contracts/filter-process-bridge.md
plug-in-blur	installed-compiled-plugin	<Image>/Filters/Blur	0,13,16	plug-ins/common/blur.c			explicit compatibility kernel or isolated plug-in adapter required	parameter/alpha/numerical parity and cancellation/crash isolation	bundled original source exists; missing port code
plug-in-borderaverage	installed-compiled-plugin	<Image>/Colors/Info	0,13,16,0,0,10	plug-ins/common/border-average.c	plug-ins/common/border-average.c		isolated legacy image/output adapter required	multi-image/layer/palette/result semantics, not a pixel substitution	bundled original source exists; missing port code
plug-in-bump-map	installed-compiled-plugin	<Image>/Filters/Map	0,13,16,16,3,3,0,0,0,0,0,0,0,0	plug-ins/common/bump-map.c		gegl:bump-map	isolated context/resource adapter required	capture resource/context/secondary-object dependencies; no automatic script execution	bundled original source exists; missing port code
plug-in-c-astretch	installed-compiled-plugin	<Image>/Colors/Auto	0,13,16	plug-ins/common/contrast-stretch.c		gegl:stretch-contrast	explicit compatibility kernel or isolated plug-in adapter required	parameter/alpha/numerical parity and cancellation/crash isolation	bundled original source exists; missing port code
plug-in-cartoon	installed-compiled-plugin	<Image>/Filters/Artistic	0,13,16,3,3	plug-ins/common/cartoon.c		gegl:cartoon	explicit compatibility kernel or isolated plug-in adapter required	parameter/alpha/numerical parity and cancellation/crash isolation	bundled original source exists; missing port code
plug-in-ccanalyze	installed-compiled-plugin	<Image>/Colors/Info	0,13,16,0	plug-ins/common/color-cube-analyze.c			isolated legacy image/output adapter required	multi-image/layer/palette/result semantics, not a pixel substitution	bundled original source exists; missing port code
plug-in-color-enhance	installed-compiled-plugin	<Image>/Colors/Auto	0,13,16	plug-ins/common/color-enhance.c		gegl:color-enhance	explicit compatibility kernel or isolated plug-in adapter required	parameter/alpha/numerical parity and cancellation/crash isolation	bundled original source exists; missing port code
plug-in-colorify	installed-compiled-plugin	<Image>/Colors/Modify	0,13,16,10	plug-ins/common/colorify.c			explicit compatibility kernel or isolated plug-in adapter required	parameter/alpha/numerical parity and cancellation/crash isolation	bundled original source exists; missing port code
plug-in-colormap-remap	installed-compiled-plugin	<Image>/Colors/Map/Colormap;<Colormap>	0,13,16,0,7	plug-ins/common/colormap-remap.c	plug-ins/common/colormap-remap.c		isolated legacy image/output adapter required	multi-image/layer/palette/result semantics, not a pixel substitution	bundled original source exists; missing port code
plug-in-colors-channel-mixer	installed-compiled-plugin	<Image>/Colors/Components	0,13,16,0,3,3,3,3,3,3,3,3,3	plug-ins/common/channel-mixer.c		gegl:channel-mixer	explicit compatibility kernel or isolated plug-in adapter required	parameter/alpha/numerical parity and cancellation/crash isolation	bundled original source exists; missing port code
plug-in-colortoalpha	installed-compiled-plugin	<Image>/Colors/Modify;<Image>/Layer/Transparency/Modify	0,13,16,10	plug-ins/common/color-to-alpha.c		gegl:color-to-alpha	explicit compatibility kernel or isolated plug-in adapter required	parameter/alpha/numerical parity and cancellation/crash isolation	bundled original source exists; missing port code
plug-in-compose	installed-compiled-plugin	<Image>/Colors/Components	0,13,16,13,13,13,4,13	plug-ins/common/compose.c	plug-ins/common/compose.c		isolated legacy image/output adapter required	multi-image/layer/palette/result semantics, not a pixel substitution	bundled original source exists; missing port code
plug-in-convmatrix	installed-compiled-plugin	<Image>/Filters/Generic	0,13,16,0,8,0,3,3,0,5,0	plug-ins/common/convolution-matrix.c	plug-ins/common/convolution-matrix.c	gegl:convolution-matrix	audited isolated GIMP3 typed-array adapter; exact U8 and native-double RGB/Gray; shared owner context	GTK array editor, owner progress, disabled-swap alternative, global latency and other-platform verification	bounded Convolution route implemented; see migration/contracts/filter-convolution.md
plug-in-cubism	installed-compiled-plugin	<Image>/Filters/Artistic	0,13,16,3,3,0	plug-ins/common/cubism.c		gegl:cubism	explicit compatibility kernel or isolated plug-in adapter required	parameter/alpha/numerical parity and cancellation/crash isolation	bundled original source exists; missing port code
plug-in-curve-bend	installed-compiled-plugin	<Image>/Filters/Distorts	0,13,16,3,0,0,0,0,0,8,0,8,0,8,0,8,0,7,0,7,14	plug-ins/common/curve-bend.c	plug-ins/common/curve-bend.c		isolated legacy image/output adapter required	multi-image/layer/palette/result semantics, not a pixel substitution	bundled original source exists; missing port code
plug-in-decompose-registered	installed-compiled-plugin	<Image>/Colors/Components	0,13,16,4,0,13,13,13,13	plug-ins/common/decompose.c			isolated legacy image/output adapter required	multi-image/layer/palette/result semantics, not a pixel substitution	bundled original source exists; missing port code
plug-in-deinterlace	installed-compiled-plugin	<Image>/Filters/Enhance	0,13,16,0	plug-ins/common/deinterlace.c		gegl:deinterlace	explicit compatibility kernel or isolated plug-in adapter required	parameter/alpha/numerical parity and cancellation/crash isolation	bundled original source exists; missing port code
plug-in-despeckle	installed-compiled-plugin	<Image>/Filters/Enhance	0,13,16,0,0,0,0	plug-ins/common/despeckle.c	plug-ins/common/despeckle.c		explicit compatibility kernel or isolated plug-in adapter required	parameter/alpha/numerical parity and cancellation/crash isolation	bundled original source exists; missing port code
plug-in-destripe	installed-compiled-plugin	<Image>/Filters/Enhance	0,13,16,0	plug-ins/common/destripe.c	plug-ins/common/destripe.c		explicit compatibility kernel or isolated plug-in adapter required	parameter/alpha/numerical parity and cancellation/crash isolation	bundled original source exists; missing port code
plug-in-dilate	installed-compiled-plugin	<Image>/Filters/Generic	0,13,16,0,0,3,0,0,0	plug-ins/common/value-propagate.c		gegl:value-propagate	explicit compatibility kernel or isolated plug-in adapter required	parameter/alpha/numerical parity and cancellation/crash isolation	bundled original source exists; missing port code
plug-in-displace	installed-compiled-plugin	<Image>/Filters/Map	0,13,16,3,3,0,0,16,16,0	plug-ins/common/displace.c		gegl:displace	isolated context/resource adapter required	capture resource/context/secondary-object dependencies; no automatic script execution	bundled original source exists; missing port code
plug-in-dog	installed-compiled-plugin	<Image>/Filters/Edge-Detect	0,13,16,3,3,0,0	plug-ins/common/edge-dog.c		gegl:difference-of-gaussians	explicit compatibility kernel or isolated plug-in adapter required	parameter/alpha/numerical parity and cancellation/crash isolation	bundled original source exists; missing port code
plug-in-edge	installed-compiled-plugin	<Image>/Filters/Edge-Detect	0,13,16,3,0,0	plug-ins/common/edge.c		gegl:edge	exact independent byte kernel; native-double extension	precision/extension validation	bundled original source exists; missing port code
plug-in-emboss	installed-compiled-plugin	<Image>/Filters/Distorts	0,13,16,3,3,0,0	plug-ins/common/emboss.c		gegl:emboss	explicit compatibility kernel or isolated plug-in adapter required	parameter/alpha/numerical parity and cancellation/crash isolation	bundled original source exists; missing port code
plug-in-engrave	installed-compiled-plugin	<Image>/Filters/Distorts	0,13,16,0,0	plug-ins/common/engrave.c		gegl:engrave	explicit compatibility kernel or isolated plug-in adapter required	parameter/alpha/numerical parity and cancellation/crash isolation	bundled original source exists; missing port code
plug-in-erode	installed-compiled-plugin	<Image>/Filters/Generic	0,13,16,0,0,3,0,0,0	plug-ins/common/value-propagate.c		gegl:value-propagate	explicit compatibility kernel or isolated plug-in adapter required	parameter/alpha/numerical parity and cancellation/crash isolation	bundled original source exists; missing port code
plug-in-exchange	installed-compiled-plugin	<Image>/Colors/Map	0,13,16,2,2,2,2,2,2,2,2,2	plug-ins/common/color-exchange.c		gegl:color-exchange	explicit compatibility kernel or isolated plug-in adapter required	parameter/alpha/numerical parity and cancellation/crash isolation	bundled original source exists; missing port code
plug-in-filter-pack	installed-compiled-plugin	<Image>/Colors/Modify	0,13,16	plug-ins/common/filter-pack.c			isolated context/resource adapter required	capture resource/context/secondary-object dependencies; no automatic script execution	bundled original source exists; missing port code
plug-in-flarefx	installed-compiled-plugin	<Image>/Filters/Light and Shadow/Light	0,13,16,0,0	plug-ins/common/lens-flare.c		gegl:lens-flare	explicit compatibility kernel or isolated plug-in adapter required	parameter/alpha/numerical parity and cancellation/crash isolation	bundled original source exists; missing port code
plug-in-fractal-trace	installed-compiled-plugin	<Image>/Filters/Map	0,13,16,3,3,3,3,0,0	plug-ins/common/fractal-trace.c		gegl:fractal-trace	explicit compatibility kernel or isolated plug-in adapter required	parameter/alpha/numerical parity and cancellation/crash isolation	bundled original source exists; missing port code
plug-in-gauss	installed-compiled-plugin	<Image>/Filters/Blur	0,13,16,3,3,0	plug-ins/common/blur-gauss.c		gegl:gaussian-blur	exact independent byte kernel; native-double extension	precision/extension validation	bundled original source exists; missing port code
plug-in-gauss-iir	direct-definition-alias-or-non-popup		0,13,16,3,0,0	plug-ins/common/blur-gauss.c			exact independent byte kernel; native-double extension	precision/extension validation	bundled original source exists; missing port code
plug-in-gauss-iir2	direct-definition-alias-or-non-popup		0,13,16,3,3	plug-ins/common/blur-gauss.c			exact independent byte kernel; native-double extension	precision/extension validation	bundled original source exists; missing port code
plug-in-gauss-rle	direct-definition-alias-or-non-popup		0,13,16,3,0,0	plug-ins/common/blur-gauss.c			exact independent byte kernel; native-double extension	precision/extension validation	bundled original source exists; missing port code
plug-in-gauss-rle2	direct-definition-alias-or-non-popup		0,13,16,3,3	plug-ins/common/blur-gauss.c			exact independent byte kernel; native-double extension	precision/extension validation	bundled original source exists; missing port code
plug-in-gflare	installed-compiled-plugin	<Image>/Filters/Light and Shadow/Light	0,13,16,4,0,0,3,3,3,3,3,0,0,3	plug-ins/gradient-flare/gradient-flare.c	plug-ins/gradient-flare/gradient-flare.c		isolated context/resource adapter required	capture resource/context/secondary-object dependencies; no automatic script execution	bundled original source exists; missing port code
plug-in-gimpressionist	installed-compiled-plugin	<Image>/Filters/Artistic	0,13,16,4	plug-ins/gimpressionist/gimpressionist.h	plug-ins/gimpressionist/gimpressionist.h		isolated context/resource adapter required	capture resource/context/secondary-object dependencies; no automatic script execution	bundled original source exists; missing port code
plug-in-glasstile	installed-compiled-plugin	<Image>/Filters/Artistic	0,13,16,0,0	plug-ins/common/tile-glass.c		gegl:tile-glass	explicit compatibility kernel or isolated plug-in adapter required	parameter/alpha/numerical parity and cancellation/crash isolation	bundled original source exists; missing port code
plug-in-gradmap	installed-compiled-plugin	<Image>/Colors/Map	0,13,16	plug-ins/common/gradient-map.c	plug-ins/common/gradient-map.c		isolated context/resource adapter required	capture resource/context/secondary-object dependencies; no automatic script execution	bundled original source exists; missing port code
plug-in-hot	installed-compiled-plugin	<Image>/Colors/Modify	0,13,16,0,0,0	plug-ins/common/hot.c	plug-ins/common/hot.c		isolated context/resource adapter required	capture resource/context/secondary-object dependencies; no automatic script execution	bundled original source exists; missing port code
plug-in-hsv-noise	installed-compiled-plugin	<Image>/Filters/Noise	0,13,16,0,0,0,0	plug-ins/common/noise-hsv.c		gegl:noise-hsv	explicit compatibility kernel or isolated plug-in adapter required	parameter/alpha/numerical parity and cancellation/crash isolation	bundled original source exists; missing port code
plug-in-illusion	installed-compiled-plugin	<Image>/Filters/Map	0,13,16,0,0	plug-ins/common/illusion.c		gegl:illusion	explicit compatibility kernel or isolated plug-in adapter required	parameter/alpha/numerical parity and cancellation/crash isolation	bundled original source exists; missing port code
plug-in-iwarp	installed-compiled-plugin	<Image>/Filters/Distorts	0,13,16	plug-ins/common/iwarp.c			isolated context/resource adapter required	capture resource/context/secondary-object dependencies; no automatic script execution	bundled original source exists; missing port code
plug-in-laplace	installed-compiled-plugin	<Image>/Filters/Edge-Detect	0,13,16	plug-ins/common/edge-laplace.c		gegl:edge-laplace	explicit compatibility kernel or isolated plug-in adapter required	parameter/alpha/numerical parity and cancellation/crash isolation	bundled original source exists; missing port code
plug-in-lens-distortion	installed-compiled-plugin	<Image>/Filters/Distorts	0,13,16,3,3,3,3,3,3	plug-ins/common/lens-distortion.c		gegl:lens-distortion	explicit compatibility kernel or isolated plug-in adapter required	parameter/alpha/numerical parity and cancellation/crash isolation	bundled original source exists; missing port code
plug-in-lic	installed-compiled-plugin	<Image>/Filters/Artistic	0,13,16	plug-ins/common/van-gogh-lic.c	plug-ins/common/van-gogh-lic.c		isolated context/resource adapter required	capture resource/context/secondary-object dependencies; no automatic script execution	bundled original source exists; missing port code
plug-in-lighting	installed-compiled-plugin	<Image>/Filters/Light and Shadow/Light	0,13,16,16,16,0,0,0,0,10,3,3,3,3,3,3,3,3,3,3,3,0,0,0	plug-ins/lighting/lighting-main.h;plug-ins/lighting/lighting-ui.c	plug-ins/lighting/lighting-main.h		isolated context/resource adapter required	capture resource/context/secondary-object dependencies; no automatic script execution	bundled original source exists; missing port code
plug-in-make-seamless	installed-compiled-plugin	<Image>/Filters/Map	0,13,16	plug-ins/common/tile-seamless.c		gegl:tile-seamless	explicit compatibility kernel or isolated plug-in adapter required	parameter/alpha/numerical parity and cancellation/crash isolation	bundled original source exists; missing port code
plug-in-map-object	installed-compiled-plugin	<Image>/Filters/Map	0,13,16,0,3,3,3,3,3,3,3,3,3,3,3,3,3,3,3,0,10,3,3,3,3,3,3,3,3,3,3,3,0,0,0,0,3,3,3,3,3,16,16,16,16,16,16,16,16	plug-ins/map-object/map-object-main.h	plug-ins/map-object/map-object-main.h		isolated legacy image/output adapter required	multi-image/layer/palette/result semantics, not a pixel substitution	bundled original source exists; missing port code
plug-in-max-rgb	installed-compiled-plugin	<Image>/Colors/Modify	0,13,16,0	plug-ins/common/max-rgb.c			audited point kernel in development	genuine byte and native precision validation	bundled original source exists; missing port code
plug-in-mblur	installed-compiled-plugin	<Image>/Filters/Blur	0,13,16,0,0,0,3,3	plug-ins/common/blur-motion.c		gegl:motion-blur-linear	explicit compatibility kernel or isolated plug-in adapter required	parameter/alpha/numerical parity and cancellation/crash isolation	bundled original source exists; missing port code
plug-in-mosaic	installed-compiled-plugin	<Image>/Filters/Distorts	0,13,16,3,3,3,3,0,3,3,0,0,0,0,0	plug-ins/common/mosaic.c		gegl:mosaic	explicit compatibility kernel or isolated plug-in adapter required	parameter/alpha/numerical parity and cancellation/crash isolation	bundled original source exists; missing port code
plug-in-neon	installed-compiled-plugin	<Image>/Filters/Edge-Detect	0,13,16,3,3	plug-ins/common/edge-neon.c		gegl:edge-neon	explicit compatibility kernel or isolated plug-in adapter required	parameter/alpha/numerical parity and cancellation/crash isolation	bundled original source exists; missing port code
plug-in-newsprint	installed-compiled-plugin	<Image>/Filters/Distorts	0,13,16,0,0,0,3,0,3,0,3,0,3,0,0	plug-ins/common/newsprint.c		gegl:newsprint	explicit compatibility kernel or isolated plug-in adapter required	parameter/alpha/numerical parity and cancellation/crash isolation	bundled original source exists; missing port code
plug-in-nlfilt	installed-compiled-plugin	<Image>/Filters/Enhance	0,13,16,3,3,0	plug-ins/common/nl-filter.c			explicit compatibility kernel or isolated plug-in adapter required	parameter/alpha/numerical parity and cancellation/crash isolation	bundled original source exists; missing port code
plug-in-normalize	installed-compiled-plugin	<Image>/Colors/Auto	0,13,16	plug-ins/common/contrast-normalize.c			explicit compatibility kernel or isolated plug-in adapter required	parameter/alpha/numerical parity and cancellation/crash isolation	bundled original source exists; missing port code
plug-in-nova	installed-compiled-plugin	<Image>/Filters/Light and Shadow/Light	0,13,16,0,0,10,0,0,0	plug-ins/common/nova.c		gegl:supernova	explicit compatibility kernel or isolated plug-in adapter required	parameter/alpha/numerical parity and cancellation/crash isolation	bundled original source exists; missing port code
plug-in-oilify	installed-compiled-plugin	<Image>/Filters/Artistic	0,13,16,0,0	plug-ins/common/oilify.c		gegl:oilify	explicit compatibility kernel or isolated plug-in adapter required	parameter/alpha/numerical parity and cancellation/crash isolation	bundled original source exists; missing port code
plug-in-pagecurl	installed-compiled-plugin	<Image>/Filters/Distorts	0,13,16,0,0,0,0,14	plug-ins/pagecurl/pagecurl.c	plug-ins/pagecurl/pagecurl.c		isolated legacy image/output adapter required	multi-image/layer/palette/result semantics, not a pixel substitution	bundled original source exists; missing port code
plug-in-palettemap	installed-compiled-plugin	<Image>/Colors/Map	0,13,16	plug-ins/common/gradient-map.c	plug-ins/common/gradient-map.c		isolated context/resource adapter required	capture resource/context/secondary-object dependencies; no automatic script execution	bundled original source exists; missing port code
plug-in-papertile	installed-compiled-plugin	<Image>/Filters/Map	0,13,16,0,3,0,0,0,0,0,0	plug-ins/common/tile-paper.c		gegl:tile-paper	explicit compatibility kernel or isolated plug-in adapter required	parameter/alpha/numerical parity and cancellation/crash isolation	bundled original source exists; missing port code
plug-in-photocopy	installed-compiled-plugin	<Image>/Filters/Artistic	0,13,16,3,3,3,3	plug-ins/common/photocopy.c		gegl:photocopy	explicit compatibility kernel or isolated plug-in adapter required	parameter/alpha/numerical parity and cancellation/crash isolation	bundled original source exists; missing port code
plug-in-pixelize	installed-compiled-plugin	<Image>/Filters/Blur	0,13,16,0	plug-ins/common/pixelize.c		gegl:pixelize	explicit compatibility kernel or isolated plug-in adapter required	parameter/alpha/numerical parity and cancellation/crash isolation	bundled original source exists; missing port code
plug-in-polar-coords	installed-compiled-plugin	<Image>/Filters/Distorts	0,13,16,3,3,0,0,0	plug-ins/common/polar-coords.c		gegl:polar-coordinates	explicit compatibility kernel or isolated plug-in adapter required	parameter/alpha/numerical parity and cancellation/crash isolation	bundled original source exists; missing port code
plug-in-randomize-hurl	installed-compiled-plugin	<Image>/Filters/Noise	0,13,16,3,3,0,0	plug-ins/common/noise-randomize.c		gegl:noise-hurl	explicit compatibility kernel or isolated plug-in adapter required	parameter/alpha/numerical parity and cancellation/crash isolation	bundled original source exists; missing port code
plug-in-randomize-pick	installed-compiled-plugin	<Image>/Filters/Noise	0,13,16,3,3,0,0	plug-ins/common/noise-randomize.c		gegl:noise-pick	explicit compatibility kernel or isolated plug-in adapter required	parameter/alpha/numerical parity and cancellation/crash isolation	bundled original source exists; missing port code
plug-in-randomize-slur	installed-compiled-plugin	<Image>/Filters/Noise	0,13,16,3,3,0,0	plug-ins/common/noise-randomize.c		gegl:noise-slur	explicit compatibility kernel or isolated plug-in adapter required	parameter/alpha/numerical parity and cancellation/crash isolation	bundled original source exists; missing port code
plug-in-recompose	installed-compiled-plugin	<Image>/Colors/Components	0,13,16	plug-ins/common/compose.c	plug-ins/common/compose.c		isolated legacy image/output adapter required	multi-image/layer/palette/result semantics, not a pixel substitution	bundled original source exists; missing port code
plug-in-red-eye-removal	installed-compiled-plugin	<Image>/Filters/Enhance	0,13,16,0	plug-ins/common/red-eye-removal.c		gegl:red-eye-removal	explicit compatibility kernel or isolated plug-in adapter required	parameter/alpha/numerical parity and cancellation/crash isolation	bundled original source exists; missing port code
plug-in-retinex	installed-compiled-plugin	<Image>/Colors/Modify	0,13,16,0,0,0,3	plug-ins/common/contrast-retinex.c	plug-ins/common/contrast-retinex.c		audited isolated bundled PDB adapter; U8 nonlinear RGB; native RGB/RGBA BPP and old float cvar; shared owner context	Gray/higher precision, owner progress forwarding, disabled-swap alternative, arbitrary-size/global-latency and other-platform verification	bounded Retinex route implemented; see migration/contracts/filter-retinex.md
plug-in-rgb-noise	installed-compiled-plugin	<Image>/Filters/Noise	0,13,16,0,0,3,3,3,3	plug-ins/common/noise-rgb.c		gegl:noise-rgb	explicit compatibility kernel or isolated plug-in adapter required	parameter/alpha/numerical parity and cancellation/crash isolation	bundled original source exists; missing port code
plug-in-ripple	installed-compiled-plugin	<Image>/Filters/Distorts	0,13,16,0,0,0,0,0,0,0	plug-ins/common/ripple.c		gegl:ripple	explicit compatibility kernel or isolated plug-in adapter required	parameter/alpha/numerical parity and cancellation/crash isolation	bundled original source exists; missing port code
plug-in-rotate-colormap	installed-compiled-plugin	<Image>/Colors/Map	0,13,16	plug-ins/color-rotate/color-rotate.h		gegl:color-rotate	isolated context/resource adapter required	capture resource/context/secondary-object dependencies; no automatic script execution	bundled original source exists; missing port code
plug-in-sample-colorize	installed-compiled-plugin	<Image>/Colors/Map	0,13,16,16,0,0,0,0,0,0,3,0,0	plug-ins/common/sample-colorize.c	plug-ins/common/sample-colorize.c		isolated context/resource adapter required	capture resource/context/secondary-object dependencies; no automatic script execution	bundled original source exists; missing port code
plug-in-sel-gauss	installed-compiled-plugin	<Image>/Filters/Blur	0,13,16,3,0	plug-ins/common/blur-gauss-selective.c		gegl:gaussian-blur-selective	explicit compatibility kernel or isolated plug-in adapter required	parameter/alpha/numerical parity and cancellation/crash isolation	bundled original source exists; missing port code
plug-in-sharpen	installed-compiled-plugin	<Image>/Filters/Enhance	0,13,16,0	plug-ins/common/sharpen.c		gegl:unsharp-mask	explicit compatibility kernel or isolated plug-in adapter required	parameter/alpha/numerical parity and cancellation/crash isolation	bundled original source exists; missing port code
plug-in-shift	installed-compiled-plugin	<Image>/Filters/Distorts	0,13,16,0,0	plug-ins/common/shift.c		gegl:shift	explicit compatibility kernel or isolated plug-in adapter required	parameter/alpha/numerical parity and cancellation/crash isolation	bundled original source exists; missing port code
plug-in-small-tiles	installed-compiled-plugin	<Image>/Filters/Map	0,13,16,0	plug-ins/common/tile-small.c	plug-ins/common/tile-small.c		audited isolated bundled PDB adapter; U8 nonlinear RGB/Gray; factor 0..6; shared owner context	owner progress forwarding, disabled-swap alternative, arbitrary-size/global-latency and other-platform verification	bounded SmallTiles route implemented; see migration/contracts/filter-small-tiles.md
plug-in-smooth-palette	installed-compiled-plugin	<Image>/Colors/Info	0,13,16,0,0,0,0,13,14	plug-ins/common/smooth-palette.c	plug-ins/common/smooth-palette.c		isolated legacy image/output adapter required	multi-image/layer/palette/result semantics, not a pixel substitution	bundled original source exists; missing port code
plug-in-sobel	installed-compiled-plugin	<Image>/Filters/Edge-Detect	0,13,16,0,0,0	plug-ins/common/edge-sobel.c		gegl:edge-sobel	explicit compatibility kernel or isolated plug-in adapter required	parameter/alpha/numerical parity and cancellation/crash isolation	bundled original source exists; missing port code
plug-in-softglow	installed-compiled-plugin	<Image>/Filters/Artistic	0,13,16,3,3,3	plug-ins/common/softglow.c		gegl:softglow	explicit compatibility kernel or isolated plug-in adapter required	parameter/alpha/numerical parity and cancellation/crash isolation	bundled original source exists; missing port code
plug-in-sparkle	installed-compiled-plugin	<Image>/Filters/Light and Shadow/Light	0,13,16,3,3,0,0,0,3,3,3,3,0,0,0,0	plug-ins/common/sparkle.c	plug-ins/common/sparkle.c		explicit compatibility kernel or isolated plug-in adapter required	parameter/alpha/numerical parity and cancellation/crash isolation	bundled original source exists; missing port code
plug-in-spread	installed-compiled-plugin	<Image>/Filters/Noise	0,13,16,3,3	plug-ins/common/noise-spread.c		gegl:noise-spread	explicit compatibility kernel or isolated plug-in adapter required	parameter/alpha/numerical parity and cancellation/crash isolation	bundled original source exists; missing port code
plug-in-threshold-alpha	direct-definition-alias-or-non-popup	<Image>/Layer/Transparency/Modify	0,13,16,0	plug-ins/common/threshold-alpha.c;plug-ins/file-ico/ico-dialog.c;plug-ins/file-ico/ico-save.c		gimp:threshold-alpha	audited point kernel in development	genuine byte and native precision validation	bundled original source exists; missing port code
plug-in-tile	installed-compiled-plugin	<Image>/Filters/Map	0,13,16,0,0,0,13,14	plug-ins/common/tile.c	plug-ins/common/tile.c		isolated legacy image/output adapter required	multi-image/layer/palette/result semantics, not a pixel substitution	bundled original source exists; missing port code
plug-in-unsharp-mask	installed-compiled-plugin	<Image>/Filters/Enhance	0,13,16,3,3,0	plug-ins/common/unsharp-mask.c		gegl:unsharp-mask	explicit compatibility kernel or isolated plug-in adapter required	parameter/alpha/numerical parity and cancellation/crash isolation	bundled original source exists; missing port code
plug-in-video	installed-compiled-plugin	<Image>/Filters/Distorts	0,13,16,0,0,0	plug-ins/common/video.c			explicit compatibility kernel or isolated plug-in adapter required	parameter/alpha/numerical parity and cancellation/crash isolation	bundled original source exists; missing port code
plug-in-vinvert	installed-compiled-plugin	<Image>/Colors/Invert	0,13,16	plug-ins/common/value-invert.c		gegl:value-invert	audited point kernel in development	genuine byte and native precision validation	bundled original source exists; missing port code
plug-in-vpropagate	installed-compiled-plugin	<Image>/Filters/Distorts	0,13,16,0,0,3,0,0,0	plug-ins/common/value-propagate.c		gegl:value-propagate	explicit compatibility kernel or isolated plug-in adapter required	parameter/alpha/numerical parity and cancellation/crash isolation	bundled original source exists; missing port code
plug-in-warp	installed-compiled-plugin	<Image>/Filters/Map	0,13,16,3,16,0,3,3,0,16,0,0,0,3,0,3,3	plug-ins/common/warp.c	plug-ins/common/warp.c		isolated context/resource adapter required	capture resource/context/secondary-object dependencies; no automatic script execution	bundled original source exists; missing port code
plug-in-waves	installed-compiled-plugin	<Image>/Filters/Distorts	0,13,16,3,3,3,0,0	plug-ins/common/waves.c		gegl:waves	explicit compatibility kernel or isolated plug-in adapter required	parameter/alpha/numerical parity and cancellation/crash isolation	bundled original source exists; missing port code
plug-in-whirl-pinch	installed-compiled-plugin	<Image>/Filters/Distorts	0,13,16,3,3,3	plug-ins/common/whirl-pinch.c		gegl:whirl-pinch	explicit compatibility kernel or isolated plug-in adapter required	parameter/alpha/numerical parity and cancellation/crash isolation	bundled original source exists; missing port code
plug-in-wind	installed-compiled-plugin	<Image>/Filters/Distorts	0,13,16,0,0,0,0,0	plug-ins/common/wind.c		gegl:wind	explicit compatibility kernel or isolated plug-in adapter required	parameter/alpha/numerical parity and cancellation/crash isolation	bundled original source exists; missing port code
script-fu-clothify	script-source	<Image>/Filters/Artistic	SF-IMAGE,SF-DRAWABLE,SF-ADJUSTMENT,SF-ADJUSTMENT,SF-ADJUSTMENT,SF-ADJUSTMENT,SF-ADJUSTMENT	plug-ins/script-fu/scripts/clothify.scm	plug-ins/script-fu/scripts/clothify.scm		isolated context/resource adapter required	capture resource/context/secondary-object dependencies; no automatic script execution	bundled original source exists; missing port code
script-fu-drop-shadow	script-source	<Image>/Filters/Light and Shadow/Shadow	SF-IMAGE,SF-DRAWABLE,SF-ADJUSTMENT,SF-ADJUSTMENT,SF-ADJUSTMENT,SF-COLOR,SF-ADJUSTMENT,SF-TOGGLE	plug-ins/script-fu/scripts/drop-shadow.scm	plug-ins/script-fu/scripts/drop-shadow.scm		isolated context/resource adapter required	capture resource/context/secondary-object dependencies; no automatic script execution	bundled original source exists; missing port code
script-fu-erase-rows	script-source	<Image>/Filters/Distorts	SF-IMAGE,SF-DRAWABLE,SF-OPTION,SF-OPTION,SF-OPTION	plug-ins/script-fu/scripts/erase-rows.scm			isolated context/resource adapter required	capture resource/context/secondary-object dependencies; no automatic script execution	bundled original source exists; missing port code
script-fu-perspective-shadow	script-source	<Image>/Filters/Light and Shadow/Shadow	SF-IMAGE,SF-DRAWABLE,SF-ADJUSTMENT,SF-ADJUSTMENT,SF-ADJUSTMENT,SF-ADJUSTMENT,SF-COLOR,SF-ADJUSTMENT,SF-ENUM,SF-TOGGLE	plug-ins/script-fu/scripts/perspective-shadow.scm	plug-ins/script-fu/scripts/perspective-shadow.scm		isolated context/resource adapter required	capture resource/context/secondary-object dependencies; no automatic script execution	bundled original source exists; missing port code
script-fu-predator	script-source	<Image>/Filters/Artistic	SF-IMAGE,SF-DRAWABLE,SF-ADJUSTMENT,SF-TOGGLE,SF-ADJUSTMENT,SF-TOGGLE,SF-TOGGLE	plug-ins/script-fu/scripts/predator.scm			isolated context/resource adapter required	capture resource/context/secondary-object dependencies; no automatic script execution	bundled original source exists; missing port code
script-fu-set-cmap	script-source	<Image>/Colors/Map/Colormap	SF-IMAGE,SF-DRAWABLE,SF-PALETTE	plug-ins/script-fu/scripts/script-fu-set-cmap.scm	plug-ins/script-fu/scripts/script-fu-set-cmap.scm		isolated context/resource adapter required	capture resource/context/secondary-object dependencies; no automatic script execution	bundled original source exists; missing port code
script-fu-tile-blur	script-source	<Image>/Filters/Blur	SF-IMAGE,SF-DRAWABLE,SF-ADJUSTMENT,SF-TOGGLE,SF-TOGGLE,SF-OPTION	plug-ins/script-fu/scripts/tileblur.scm	plug-ins/script-fu/scripts/tileblur.scm		isolated context/resource adapter required	capture resource/context/secondary-object dependencies; no automatic script execution	bundled original source exists; missing port code
script-fu-weave	script-source	<Image>/Filters/Artistic	SF-IMAGE,SF-DRAWABLE,SF-ADJUSTMENT,SF-ADJUSTMENT,SF-ADJUSTMENT,SF-ADJUSTMENT,SF-ADJUSTMENT,SF-ADJUSTMENT,SF-ADJUSTMENT	plug-ins/script-fu/scripts/weave.scm	plug-ins/script-fu/scripts/weave.scm		isolated context/resource adapter required	capture resource/context/secondary-object dependencies; no automatic script execution	bundled original source exists; missing port code
script-fu-xach-effect	script-source	<Image>/Filters/Light and Shadow/Shadow	SF-IMAGE,SF-DRAWABLE,SF-ADJUSTMENT,SF-ADJUSTMENT,SF-COLOR,SF-ADJUSTMENT,SF-COLOR,SF-ADJUSTMENT,SF-ADJUSTMENT,SF-ADJUSTMENT,SF-ADJUSTMENT,SF-TOGGLE	plug-ins/script-fu/scripts/xach-effect.scm	plug-ins/script-fu/scripts/xach-effect.scm		isolated context/resource adapter required	capture resource/context/secondary-object dependencies; no automatic script execution	bundled original source exists; missing port code
