legacy_binding	slot	legacy_header	legacy_signature	gimp3_header	gimp3_signature	classification	followup_task	status
app/core/gimpclonelayerundo.cpp:71	constructed	https://raw.githubusercontent.com/GNOME/glib/2.32.4/gobject/gobject.h#L344	void(GObject*)	https://raw.githubusercontent.com/GNOME/glib/2.80.0/gobject/gobject.h#L354	void(GObject*)	SAME_SIGNATURE	08.004	DONE
app/core/gimpperspectiveguide.cpp:94	removed	app/core/gimpperspectiveguide.h:51	void(GimpPerspectiveGuide*)	TYPE_NOT_PORTED	-	CUSTOM_TYPE_PENDING	08.009/removed-signal	DONE
app/widgets/gimpcellrendererpopup.cpp:132	constructed	https://raw.githubusercontent.com/GNOME/glib/2.32.4/gobject/gobject.h#L344	void(GObject*)	https://raw.githubusercontent.com/GNOME/glib/2.80.0/gobject/gobject.h#L354	void(GObject*)	SAME_SIGNATURE	29.006/cellrenderer-gtk3	DONE
app/widgets/gimpcellrendererpopup.cpp:136	activate	https://raw.githubusercontent.com/GNOME/gtk/2.24.33/gtk/gtkcellrenderer.h#L99	gboolean(GtkCellRenderer*,GdkEvent*,GtkWidget*,const gchar*,GdkRectangle*,GdkRectangle*,GtkCellRendererState)	https://raw.githubusercontent.com/GNOME/gtk/3.24.43/gtk/gtkcellrenderer.h#L154	gboolean(GtkCellRenderer*,GdkEvent*,GtkWidget*,const gchar*,const GdkRectangle*,const GdkRectangle*,GtkCellRendererState)	CHANGED_SIGNATURE	29.006/cellrenderer-gtk3	DONE
app/widgets/gimpcellrendererpopup.cpp:137	get_size	https://raw.githubusercontent.com/GNOME/gtk/2.24.33/gtk/gtkcellrenderer.h#L85	void(GtkCellRenderer*,GtkWidget*,GdkRectangle*,gint*,gint*,gint*,gint*)	https://raw.githubusercontent.com/GNOME/gtk/3.24.43/gtk/gtkcellrenderer.h#L141	void(GtkCellRenderer*,GtkWidget*,const GdkRectangle*,gint*,gint*,gint*,gint*)	CHANGED_SIGNATURE	29.006/cellrenderer-gtk3	DONE
app/widgets/gimpcellrendererpopup.cpp:138	render	https://raw.githubusercontent.com/GNOME/gtk/2.24.33/gtk/gtkcellrenderer.h#L92	void(GtkCellRenderer*,GdkDrawable*,GtkWidget*,GdkRectangle*,GdkRectangle*,GdkRectangle*,GtkCellRendererState)	https://raw.githubusercontent.com/GNOME/gtk/3.24.43/gtk/gtkcellrenderer.h#L148	void(GtkCellRenderer*,cairo_t*,GtkWidget*,const GdkRectangle*,const GdkRectangle*,GtkCellRendererState)	CHANGED_SIGNATURE	29.006/cellrenderer-gtk3	DONE
app/widgets/gimplayertileview.cpp:324	constructed	https://raw.githubusercontent.com/GNOME/glib/2.32.4/gobject/gobject.h#L344	void(GObject*)	https://raw.githubusercontent.com/GNOME/glib/2.80.0/gobject/gobject.h#L354	void(GObject*)	SAME_SIGNATURE	29.002	DONE
app/widgets/gimptooltileview.cpp:204	constructed	https://raw.githubusercontent.com/GNOME/glib/2.32.4/gobject/gobject.h#L344	void(GObject*)	https://raw.githubusercontent.com/GNOME/glib/2.80.0/gobject/gobject.h#L354	void(GObject*)	SAME_SIGNATURE	29.008	DONE
app/widgets/popupper.cpp:129	map	https://raw.githubusercontent.com/GNOME/gtk/2.24.33/gtk/gtkwidget.h#L642	void(GtkWidget*)	https://raw.githubusercontent.com/GNOME/gtk/3.24.43/gtk/gtkwidget.h#L380	void(GtkWidget*)	SAME_SIGNATURE	29.006	DONE
app/widgets/popupper.cpp:130	button_press_event	https://raw.githubusercontent.com/GNOME/gtk/2.24.33/gtk/gtkwidget.h#L677	gboolean(GtkWidget*,GdkEventButton*)	https://raw.githubusercontent.com/GNOME/gtk/3.24.43/gtk/gtkwidget.h#L441	gboolean(GtkWidget*,GdkEventButton*)	SAME_SIGNATURE	29.006	DONE
app/widgets/popupper.cpp:131	key_press_event	https://raw.githubusercontent.com/GNOME/gtk/2.24.33/gtk/gtkwidget.h#L691	gboolean(GtkWidget*,GdkEventKey*)	https://raw.githubusercontent.com/GNOME/gtk/3.24.43/gtk/gtkwidget.h#L453	gboolean(GtkWidget*,GdkEventKey*)	SAME_SIGNATURE	29.006	DONE
app/widgets/popupper.cpp:132	cancel	app/widgets/popupper.h:30	void(GimpPopover*)	TYPE_NOT_PORTED	-	CUSTOM_TYPE_PENDING	29.006/popover-class-signals	DONE
app/widgets/popupper.cpp:133	confirm	app/widgets/popupper.h:31	void(GimpPopover*)	TYPE_NOT_PORTED	-	CUSTOM_TYPE_PENDING	29.006/popover-class-signals	DONE
