legacy_assignment	legacy_definition	definition_signature	slot	legacy_header	legacy_signature	gimp3_header	gimp3_signature	classification	followup_task	status
app/base/glib-cxx-impl.hpp:252	app/base/glib-cxx-impl.hpp:185	void(GObject*,guint,const GValue*,GParamSpec*)	set_property	https://raw.githubusercontent.com/GNOME/glib/2.32.4/gobject/gobject.h#L325	void(GObject*,guint,const GValue*,GParamSpec*)	https://raw.githubusercontent.com/GNOME/glib/2.80.0/gobject/gobject.h#L335	void(GObject*,guint,const GValue*,GParamSpec*)	SAME_SIGNATURE	05.013/legacy-exit-removal	DONE
app/base/glib-cxx-impl.hpp:258	app/base/glib-cxx-impl.hpp:216	void(GObject*,guint,GValue*,GParamSpec*)	get_property	https://raw.githubusercontent.com/GNOME/glib/2.32.4/gobject/gobject.h#L329	void(GObject*,guint,GValue*,GParamSpec*)	https://raw.githubusercontent.com/GNOME/glib/2.80.0/gobject/gobject.h#L339	void(GObject*,guint,GValue*,GParamSpec*)	SAME_SIGNATURE	05.013/legacy-exit-removal	DONE
app/base/glib-cxx-impl.hpp:443	app/base/glib-cxx-impl.hpp:413	void(GObject*)	finalize	https://raw.githubusercontent.com/GNOME/glib/2.32.4/gobject/gobject.h#L334	void(GObject*)	https://raw.githubusercontent.com/GNOME/glib/2.80.0/gobject/gobject.h#L344	void(GObject*)	SAME_SIGNATURE	05.011	DONE
app/paint/gimpmypaintcoreundo.cpp:67	app/paint/gimpmypaintcoreundo.cpp:87	void(GObject*)	constructed	https://raw.githubusercontent.com/GNOME/glib/2.32.4/gobject/gobject.h#L344	void(GObject*)	https://raw.githubusercontent.com/GNOME/glib/2.80.0/gobject/gobject.h#L354	void(GObject*)	SAME_SIGNATURE	09.011/mypaint-undo-stroke	DONE
app/paint/gimpmypaintcoreundo.cpp:68	app/paint/gimpmypaintcoreundo.cpp:97	void(GObject*,guint,const GValue*,GParamSpec*)	set_property	https://raw.githubusercontent.com/GNOME/glib/2.32.4/gobject/gobject.h#L325	void(GObject*,guint,const GValue*,GParamSpec*)	https://raw.githubusercontent.com/GNOME/glib/2.80.0/gobject/gobject.h#L335	void(GObject*,guint,const GValue*,GParamSpec*)	SAME_SIGNATURE	09.011/mypaint-undo-stroke	DONE
app/paint/gimpmypaintcoreundo.cpp:69	app/paint/gimpmypaintcoreundo.cpp:117	void(GObject*,guint,GValue*,GParamSpec*)	get_property	https://raw.githubusercontent.com/GNOME/glib/2.32.4/gobject/gobject.h#L329	void(GObject*,guint,GValue*,GParamSpec*)	https://raw.githubusercontent.com/GNOME/glib/2.80.0/gobject/gobject.h#L339	void(GObject*,guint,GValue*,GParamSpec*)	SAME_SIGNATURE	09.011/mypaint-undo-stroke	DONE
app/paint/gimpmypaintcoreundo.cpp:71	app/paint/gimpmypaintcoreundo.cpp:137	void(GimpUndo*,GimpUndoMode,GimpUndoAccumulator*)	pop	app/core/gimpundo.h:69	void(GimpUndo*,GimpUndoMode,GimpUndoAccumulator*)	app/core/gimpundo.h:70	void(GimpUndo*,GimpUndoMode,GimpUndoAccumulator*)	SAME_SIGNATURE	09.011/mypaint-undo-stroke	DONE
app/paint/gimpmypaintcoreundo.cpp:72	app/paint/gimpmypaintcoreundo.cpp:152	void(GimpUndo*,GimpUndoMode)	free	app/core/gimpundo.h:72	void(GimpUndo*,GimpUndoMode)	app/core/gimpundo.h:73	void(GimpUndo*,GimpUndoMode)	SAME_SIGNATURE	09.011/mypaint-undo-stroke	DONE
app/paint/gimpmypaintoptions.cpp:105	app/paint/gimpmypaintoptions.cpp:211	void(GObject*)	dispose	https://raw.githubusercontent.com/GNOME/glib/2.32.4/gobject/gobject.h#L333	void(GObject*)	https://raw.githubusercontent.com/GNOME/glib/2.80.0/gobject/gobject.h#L343	void(GObject*)	SAME_SIGNATURE	08.007	DONE
app/paint/gimpmypaintoptions.cpp:106	app/paint/gimpmypaintoptions.cpp:219	void(GObject*)	finalize	https://raw.githubusercontent.com/GNOME/glib/2.32.4/gobject/gobject.h#L334	void(GObject*)	https://raw.githubusercontent.com/GNOME/glib/2.80.0/gobject/gobject.h#L344	void(GObject*)	SAME_SIGNATURE	08.007	DONE
app/paint/gimpmypaintoptions.cpp:107	app/paint/gimpmypaintoptions.cpp:231	void(GObject*,guint,const GValue*,GParamSpec*)	set_property	https://raw.githubusercontent.com/GNOME/glib/2.32.4/gobject/gobject.h#L325	void(GObject*,guint,const GValue*,GParamSpec*)	https://raw.githubusercontent.com/GNOME/glib/2.80.0/gobject/gobject.h#L335	void(GObject*,guint,const GValue*,GParamSpec*)	SAME_SIGNATURE	08.007	DONE
app/paint/gimpmypaintoptions.cpp:108	app/paint/gimpmypaintoptions.cpp:280	void(GObject*,guint,GValue*,GParamSpec*)	get_property	https://raw.githubusercontent.com/GNOME/glib/2.32.4/gobject/gobject.h#L329	void(GObject*,guint,GValue*,GParamSpec*)	https://raw.githubusercontent.com/GNOME/glib/2.80.0/gobject/gobject.h#L339	void(GObject*,guint,GValue*,GParamSpec*)	SAME_SIGNATURE	08.007	DONE
app/widgets/gimpmypaintbrusheditor.cpp:100	app/widgets/gimpmypaintbrusheditor.cpp:126	void(GObject*)	constructed	https://raw.githubusercontent.com/GNOME/glib/2.32.4/gobject/gobject.h#L344	void(GObject*)	https://raw.githubusercontent.com/GNOME/glib/2.80.0/gobject/gobject.h#L354	void(GObject*)	SAME_SIGNATURE	24.001/editor-context-contract	DONE
app/widgets/gimpmypaintbrusheditor.cpp:102	app/widgets/gimpmypaintbrusheditor.cpp:249	void(GimpDataEditor*,GimpData*)	set_data	app/widgets/gimpdataeditor.h:62	void(GimpDataEditor*,GimpData*)	app/widgets/gimpdataeditor.h:59	void(GimpDataEditor*,GimpData*)	SAME_SIGNATURE	24.001/editor-context-contract	DONE
app/widgets/gimpmypaintbrusheditor.cpp:116	app/widgets/gimpmypaintbrusheditor.cpp:269	void(GimpDocked*,GimpContext*)	set_context	app/widgets/gimpdocked.h:59	void(GimpDocked*,GimpContext*)	app/widgets/gimpdocked.h:55	void(GimpDocked*,GimpContext*)	SAME_SIGNATURE	24.001/editor-context-contract	DONE
