legacy_binding	owner	slot	legacy_header	legacy_signature	gimp3_header	gimp3_signature	classification	followup_task	status
app/tools/gimpbucketfillbrushtool.cpp:212	fill-brush	paint	app/paint/gimppaintcore.h:86	void(GimpPaintCore*,GimpDrawable*,GimpPaintOptions*,const GimpCoords*,GimpPaintState,guint32)	app/paint/gimppaintcore.h:97	void(GimpPaintCore*,GList*,GimpPaintOptions*,GimpSymmetry*,GimpPaintState,guint32)	CHANGED_SIGNATURE	27.009/stroke-lifecycle	DONE
app/tools/gimpimagegeneratortool.cpp:204	image-generator	control	app/tools/gimptool.h:90	void(GimpTool*,GimpToolAction,GimpDisplay*)	app/tools/gimptool.h:101	void(GimpTool*,GimpToolAction,GimpDisplay*)	SAME_SIGNATURE	31.011	DONE
app/tools/gimpimagegeneratortool.cpp:205	image-generator	button_press	app/tools/gimptool.h:94	void(GimpTool*,const GimpCoords*,guint32,GdkModifierType,GimpButtonPressType,GimpDisplay*)	app/tools/gimptool.h:105	void(GimpTool*,const GimpCoords*,guint32,GdkModifierType,GimpButtonPressType,GimpDisplay*)	SAME_SIGNATURE	31.011	DONE
app/tools/gimpimagegeneratortool.cpp:206	image-generator	motion	app/tools/gimptool.h:106	void(GimpTool*,const GimpCoords*,guint32,GdkModifierType,GimpDisplay*)	app/tools/gimptool.h:117	void(GimpTool*,const GimpCoords*,guint32,GdkModifierType,GimpDisplay*)	SAME_SIGNATURE	31.011	DONE
app/tools/gimpimagegeneratortool.cpp:207	image-generator	button_release	app/tools/gimptool.h:100	void(GimpTool*,const GimpCoords*,guint32,GdkModifierType,GimpButtonReleaseType,GimpDisplay*)	app/tools/gimptool.h:111	void(GimpTool*,const GimpCoords*,guint32,GdkModifierType,GimpButtonReleaseType,GimpDisplay*)	SAME_SIGNATURE	31.011	DONE
app/tools/gimpimagegeneratortool.cpp:208	image-generator	key_press	app/tools/gimptool.h:112	gboolean(GimpTool*,GdkEventKey*,GimpDisplay*)	app/tools/gimptool.h:123	gboolean(GimpTool*,GdkEventKey*,GimpDisplay*)	SAME_SIGNATURE	31.011	DONE
app/tools/gimpimagegeneratortool.cpp:209	image-generator	oper_update	app/tools/gimptool.h:129	void(GimpTool*,const GimpCoords*,GdkModifierType,gboolean,GimpDisplay*)	app/tools/gimptool.h:140	void(GimpTool*,const GimpCoords*,GdkModifierType,gboolean,GimpDisplay*)	SAME_SIGNATURE	31.011	DONE
app/tools/gimpimagegeneratortool.cpp:210	image-generator	cursor_update	app/tools/gimptool.h:134	void(GimpTool*,const GimpCoords*,GdkModifierType,GimpDisplay*)	app/tools/gimptool.h:145	void(GimpTool*,const GimpCoords*,GdkModifierType,GimpDisplay*)	SAME_SIGNATURE	31.011	DONE
app/tools/gimpimagegeneratortool.cpp:213	image-generator	draw	app/tools/gimpdrawtool.h:64	void(GimpDrawTool*)	app/tools/gimpdrawtool.h:67	void(GimpDrawTool*)	SAME_SIGNATURE	31.011	DONE
app/tools/gimpperspectiveguidetool.cpp:235	perspective-guide	control	app/tools/gimptool.h:90	void(GimpTool*,GimpToolAction,GimpDisplay*)	app/tools/gimptool.h:101	void(GimpTool*,GimpToolAction,GimpDisplay*)	SAME_SIGNATURE	08.010	DONE
app/tools/gimpperspectiveguidetool.cpp:236	perspective-guide	button_press	app/tools/gimptool.h:94	void(GimpTool*,const GimpCoords*,guint32,GdkModifierType,GimpButtonPressType,GimpDisplay*)	app/tools/gimptool.h:105	void(GimpTool*,const GimpCoords*,guint32,GdkModifierType,GimpButtonPressType,GimpDisplay*)	SAME_SIGNATURE	08.010	DONE
app/tools/gimpperspectiveguidetool.cpp:237	perspective-guide	button_release	app/tools/gimptool.h:100	void(GimpTool*,const GimpCoords*,guint32,GdkModifierType,GimpButtonReleaseType,GimpDisplay*)	app/tools/gimptool.h:111	void(GimpTool*,const GimpCoords*,guint32,GdkModifierType,GimpButtonReleaseType,GimpDisplay*)	SAME_SIGNATURE	08.010	DONE
app/tools/gimpperspectiveguidetool.cpp:238	perspective-guide	motion	app/tools/gimptool.h:106	void(GimpTool*,const GimpCoords*,guint32,GdkModifierType,GimpDisplay*)	app/tools/gimptool.h:117	void(GimpTool*,const GimpCoords*,guint32,GdkModifierType,GimpDisplay*)	SAME_SIGNATURE	08.010	DONE
app/tools/gimpperspectiveguidetool.cpp:239	perspective-guide	key_press	app/tools/gimptool.h:112	gboolean(GimpTool*,GdkEventKey*,GimpDisplay*)	app/tools/gimptool.h:123	gboolean(GimpTool*,GdkEventKey*,GimpDisplay*)	SAME_SIGNATURE	08.010	DONE
app/tools/gimpperspectiveguidetool.cpp:240	perspective-guide	modifier_key	app/tools/gimptool.h:118	void(GimpTool*,GdkModifierType,gboolean,GdkModifierType,GimpDisplay*)	app/tools/gimptool.h:129	void(GimpTool*,GdkModifierType,gboolean,GdkModifierType,GimpDisplay*)	SAME_SIGNATURE	08.010	DONE
app/tools/gimpperspectiveguidetool.cpp:241	perspective-guide	oper_update	app/tools/gimptool.h:129	void(GimpTool*,const GimpCoords*,GdkModifierType,gboolean,GimpDisplay*)	app/tools/gimptool.h:140	void(GimpTool*,const GimpCoords*,GdkModifierType,gboolean,GimpDisplay*)	SAME_SIGNATURE	08.010	DONE
app/tools/gimpperspectiveguidetool.cpp:242	perspective-guide	cursor_update	app/tools/gimptool.h:134	void(GimpTool*,const GimpCoords*,GdkModifierType,GimpDisplay*)	app/tools/gimptool.h:145	void(GimpTool*,const GimpCoords*,GdkModifierType,GimpDisplay*)	SAME_SIGNATURE	08.010	DONE
app/tools/gimpperspectiveguidetool.cpp:245	perspective-guide	draw	app/tools/gimpdrawtool.h:64	void(GimpDrawTool*)	app/tools/gimpdrawtool.h:67	void(GimpDrawTool*)	SAME_SIGNATURE	08.010	DONE
