legacy_site	kind	receiver_or_owner	signal	callback	user_data	release_path	priority	reentrancy	followup	status
app/core/gimpclonelayer.cpp:284	SIGNAL	layer	update	GLib::CloneLayer::on_source_update	C++ delegator captures this	Connection member disconnects	synchronous signal emission	callback may run during emit; teardown order requires verification	07.008	TRACED_STATIC
app/core/gimpclonelayer.cpp:286	SIGNAL	layer	notify::frozen	GLib::CloneLayer::on_source_frozen	C++ delegator captures this	Connection member disconnects	synchronous signal emission	callback may run during emit; teardown order requires verification	07.008	TRACED_STATIC
app/core/gimpfilterlayer.cpp:320	SIGNAL	g_object	parent-changed	GLib::FilterLayer::on_parent_changed	C++ delegator captures this	Connection member disconnects	synchronous signal emission	callback may run during emit; teardown order requires verification	07.008	TRACED_STATIC
app/core/gimpfilterlayer.cpp:322	SIGNAL	g_object	visibility-changed	GLib::FilterLayer::on_visibility_changed	C++ delegator captures this	Connection member disconnects	synchronous signal emission	callback may run during emit; teardown order requires verification	07.008	TRACED_STATIC
app/core/gimpfilterlayer.cpp:943	SIGNAL	children	update	GLib::FilterLayer::on_stack_update	C++ delegator captures this	Connection return discarded; no explicit disconnect	synchronous signal emission	callback may run during emit; teardown order requires verification	07.008/untracked-signals	TRACED_STATIC
app/core/gimpfilterlayer.cpp:946	SIGNAL	children	reorder	GLib::FilterLayer::on_reorder	C++ delegator captures this	Connection return discarded; no explicit disconnect	synchronous signal emission	callback may run during emit; teardown order requires verification	07.008/untracked-signals	TRACED_STATIC
app/core/gimpfilterlayer.cpp:952	SIGNAL	container	update	GLib::FilterLayer::on_stack_update	C++ delegator captures this	Connection return discarded; no explicit disconnect	synchronous signal emission	callback may run during emit; teardown order requires verification	07.008/untracked-signals	TRACED_STATIC
app/core/gimpfilterlayer.cpp:955	SIGNAL	container	reorder	GLib::FilterLayer::on_reorder	C++ delegator captures this	Connection return discarded; no explicit disconnect	synchronous signal emission	callback may run during emit; teardown order requires verification	07.008/untracked-signals	TRACED_STATIC
app/display/gimpdisplayshell-overlays.cpp:128	SIGNAL	widget	size-allocate	Self::on_size_allocate	C++ delegator captures this	Connection member disconnects	synchronous signal emission	callback may run during emit; teardown order requires verification	07.008	TRACED_STATIC
app/display/gimpdisplayshell-overlays.cpp:129	SIGNAL	widget	enter-notify-event	Self::on_enter_notify	C++ delegator captures this	Connection return discarded; no explicit disconnect	synchronous signal emission	callback may run during emit; teardown order requires verification	07.008/untracked-signals	TRACED_STATIC
app/display/gimpdisplayshell-overlays.cpp:130	SIGNAL	widget	leave-notify-event	Self::on_leave_notify	C++ delegator captures this	Connection return discarded; no explicit disconnect	synchronous signal emission	callback may run during emit; teardown order requires verification	07.008/untracked-signals	TRACED_STATIC
app/display/gimpdisplayshell-overlays.cpp:172	SIGNAL	widget	size-allocate	Self::on_size_allocate	C++ delegator captures this	Connection member disconnects	synchronous signal emission	callback may run during emit; teardown order requires verification	07.008	TRACED_STATIC
app/display/gimpdisplayshell-overlays.cpp:259	SIGNAL	widget	color-changed	Self::on_select_color	C++ delegator captures this	Connection return discarded; no explicit disconnect	synchronous signal emission	callback may run during emit; teardown order requires verification	07.008/untracked-signals	TRACED_STATIC
app/display/gimpdisplayshell-overlays.cpp:264	SIGNAL	user_context	foreground-changed	Self::on_fg_color_changed	C++ delegator captures this	Connection member disconnects	synchronous signal emission	callback may run during emit; teardown order requires verification	07.008	TRACED_STATIC
app/display/gimpdisplayshell-overlays.cpp:265	SIGNAL	user_context	background-changed	Self::on_bg_color_changed	C++ delegator captures this	Connection member disconnects	synchronous signal emission	callback may run during emit; teardown order requires verification	07.008	TRACED_STATIC
app/display/gimpdisplayshell-overlays.cpp:349	SIGNAL	widget	notify::active-color	Self::on_active_color_notify	C++ delegator captures this	Connection return discarded; no explicit disconnect	synchronous signal emission	callback may run during emit; teardown order requires verification	07.008/untracked-signals	TRACED_STATIC
app/gimp-features.cpp:89	SIGNAL	gimp	initialize	Feature::on_initialize	C++ delegator captures this	Connection return discarded; no explicit disconnect	synchronous signal emission	callback may run during emit; teardown order requires verification	07.008/untracked-signals	TRACED_STATIC
app/gimp-features.cpp:92	SIGNAL	gimp	restore	Feature::on_restore	C++ delegator captures this	Connection return discarded; no explicit disconnect	synchronous signal emission	callback may run during emit; teardown order requires verification	07.008/untracked-signals	TRACED_STATIC
app/gimp-features.cpp:93	SIGNAL	gimp	exit	Feature::on_exit	C++ delegator captures this	Connection return discarded; no explicit disconnect	synchronous signal emission	callback may run during emit; teardown order requires verification	07.008/untracked-signals	TRACED_STATIC
app/gimp-features.cpp:109	SIGNAL	gimp	restore	Feature::on_restore	C++ delegator captures this	Connection return discarded; no explicit disconnect	synchronous signal emission	callback may run during emit; teardown order requires verification	07.008/untracked-signals	TRACED_STATIC
app/gimp-features.cpp:110	SIGNAL	gimp	exit	Feature::on_exit	C++ delegator captures this	Connection return discarded; no explicit disconnect	synchronous signal emission	callback may run during emit; teardown order requires verification	07.008/untracked-signals	TRACED_STATIC
app/paint/gimpmypaintcore.cpp:120	SIGNAL	options	notify	GimpMypaintCore::option_changed	C++ delegator captures this	Connection member disconnects	synchronous signal emission	callback may run during emit; teardown order requires verification	07.008	TRACED_STATIC
app/paint/gimpmypaintoptions.cpp:168	SIGNAL	options	dynamic signal expression	gimp_mypaint_options_mypaint_brush_changed	NULL	emitter destruction; no explicit handler id	synchronous signal emission	callback may run during emit; teardown order requires verification	08.006	TRACED_STATIC
app/paint/gimpmypaintoptions.cpp:172	SIGNAL	options	dynamic signal expression	gimp_mypaint_options_brush_changed	NULL	emitter destruction; no explicit handler id	synchronous signal emission	callback may run during emit; teardown order requires verification	08.006	TRACED_STATIC
app/paint/gimpmypaintoptions.cpp:175	SIGNAL	options	dynamic signal expression	gimp_mypaint_options_texture_changed	NULL	emitter destruction; no explicit handler id	synchronous signal emission	callback may run during emit; teardown order requires verification	08.006	TRACED_STATIC
app/paint/gimpmypaintoptions.cpp:180	SIGNAL	options	dynamic signal expression	gimp_mypaint_options_prop_brushmark_updated	NULL	emitter destruction; no explicit handler id	synchronous signal emission	callback may run during emit; teardown order requires verification	08.006	TRACED_STATIC
app/paint/gimpmypaintoptions.cpp:185	SIGNAL	options	dynamic signal expression	gimp_mypaint_options_prop_brushmark_updated	NULL	emitter destruction; no explicit handler id	synchronous signal emission	callback may run during emit; teardown order requires verification	08.006	TRACED_STATIC
app/paint/gimpmypaintoptions.cpp:190	SIGNAL	options	dynamic signal expression	gimp_mypaint_options_prop_brushmark_updated	NULL	emitter destruction; no explicit handler id	synchronous signal emission	callback may run during emit; teardown order requires verification	08.006	TRACED_STATIC
app/paint/gimpmypaintoptions.cpp:195	SIGNAL	options	dynamic signal expression	gimp_mypaint_options_prop_texture_updated	NULL	emitter destruction; no explicit handler id	synchronous signal emission	callback may run during emit; teardown order requires verification	08.006	TRACED_STATIC
app/paint/gimpmypaintoptions.cpp:200	SIGNAL	options	dynamic signal expression	gimp_mypaint_options_prop_texture_updated	NULL	emitter destruction; no explicit handler id	synchronous signal emission	callback may run during emit; teardown order requires verification	08.006	TRACED_STATIC
app/paint/gimpmypaintoptions.cpp:205	SIGNAL	options	dynamic signal expression	gimp_mypaint_options_prop_texture_updated	NULL	emitter destruction; no explicit handler id	synchronous signal emission	callback may run during emit; teardown order requires verification	08.006	TRACED_STATIC
app/tools/gimpmypaintbrusheditor.cpp:141	SIGNAL	tree_sel	changed	CurveViewActions::selected	C++ delegator captures this	Connection return discarded; no explicit disconnect	synchronous signal emission	callback may run during emit; teardown order requires verification	07.008/untracked-signals	TRACED_STATIC
app/tools/gimpmypaintbrusheditor.cpp:142	SIGNAL	toggle	toggled	CurveViewActions::toggled	C++ delegator captures this	Connection return discarded; no explicit disconnect	synchronous signal emission	callback may run during emit; teardown order requires verification	07.008/untracked-signals	TRACED_STATIC
app/tools/gimpmypaintbrusheditor.cpp:144	SIGNAL	options	notify	CurveViewActions::notify_options	C++ delegator captures this	Connection member disconnects	synchronous signal emission	callback may run during emit; teardown order requires verification	07.008	TRACED_STATIC
app/tools/gimpmypaintbrusheditor.cpp:145	SIGNAL	x_min_adj	value-changed	CurveViewActions::value_changed	C++ delegator captures this	Connection member disconnects	synchronous signal emission	callback may run during emit; teardown order requires verification	07.008	TRACED_STATIC
app/tools/gimpmypaintbrusheditor.cpp:146	SIGNAL	x_max_adj	value-changed	CurveViewActions::value_changed	C++ delegator captures this	Connection member disconnects	synchronous signal emission	callback may run during emit; teardown order requires verification	07.008	TRACED_STATIC
app/tools/gimpmypaintbrusheditor.cpp:147	SIGNAL	y_min_adj	value-changed	CurveViewActions::value_changed	C++ delegator captures this	Connection member disconnects	synchronous signal emission	callback may run during emit; teardown order requires verification	07.008	TRACED_STATIC
app/tools/gimpmypaintbrusheditor.cpp:148	SIGNAL	y_max_adj	value-changed	CurveViewActions::value_changed	C++ delegator captures this	Connection member disconnects	synchronous signal emission	callback may run during emit; teardown order requires verification	07.008	TRACED_STATIC
app/tools/gimpmypaintbrusheditor.cpp:272	SIGNAL	curve	notify::points	CurveViewActions::notify_curve	C++ delegator captures this	Connection member disconnects	synchronous signal emission	callback may run during emit; teardown order requires verification	07.008	TRACED_STATIC
app/tools/gimpmypaintbrushoptions-gui.cpp:292	SIGNAL	renderer	edited	MypaintPopupPrivate::history_name_edited	C++ delegator captures this	Connection return discarded; no explicit disconnect	synchronous signal emission	callback may run during emit; teardown order requires verification	07.008/untracked-signals	TRACED_STATIC
app/tools/gimpmypaintbrushoptions-gui.cpp:295	SIGNAL	history	cursor-changed	MypaintPopupPrivate::history_cursor_changed	C++ delegator captures this	Connection return discarded; no explicit disconnect	synchronous signal emission	callback may run during emit; teardown order requires verification	07.008/untracked-signals	TRACED_STATIC
app/tools/gimpmypaintbrushoptions-gui.cpp:306	SIGNAL	context	dynamic signal expression	MypaintPopupPrivate::brush_changed	C++ delegator captures this	Connection return discarded; no explicit disconnect	synchronous signal emission	callback may run during emit; teardown order requires verification	07.008/untracked-signals	TRACED_STATIC
app/tools/gimpmypaintbrushoptions-gui.cpp:318	SIGNAL	G_OBJECT (*result)	destroy	MypaintPopupPrivate::destroy	C++ delegator captures this	Connection return discarded; no explicit disconnect	synchronous signal emission	callback may run during emit; teardown order requires verification	07.008/untracked-signals	TRACED_STATIC
app/tools/gimpmypaintoptions-gui.cpp:296	SIGNAL	G_OBJECT (brush_name_entry)	activate	MypaintDetailOptionsPopupPrivate::brush_name_edited	C++ delegator captures this	Connection return discarded; no explicit disconnect	synchronous signal emission	callback may run during emit; teardown order requires verification	07.008/untracked-signals	TRACED_STATIC
app/tools/gimpmypaintoptions-gui.cpp:304	SIGNAL	G_OBJECT (action_button)	clicked	MypaintDetailOptionsPopupPrivate::brush_save_clicked	C++ delegator captures this	Connection return discarded; no explicit disconnect	synchronous signal emission	callback may run during emit; teardown order requires verification	07.008/untracked-signals	TRACED_STATIC
app/tools/gimpmypaintoptions-gui.cpp:312	SIGNAL	G_OBJECT (action_button)	clicked	MypaintDetailOptionsPopupPrivate::brush_delete_clicked	C++ delegator captures this	Connection return discarded; no explicit disconnect	synchronous signal emission	callback may run during emit; teardown order requires verification	07.008/untracked-signals	TRACED_STATIC
app/tools/gimpmypaintoptions-gui.cpp:342	SIGNAL	context	dynamic signal expression	MypaintDetailOptionsPopupPrivate::brush_changed	C++ delegator captures this	Connection return discarded; no explicit disconnect	synchronous signal emission	callback may run during emit; teardown order requires verification	07.008/untracked-signals	TRACED_STATIC
app/tools/gimpmypaintoptions-gui.cpp:351	SIGNAL	G_OBJECT (*result)	destroy	MypaintDetailOptionsPopupPrivate::destroy	C++ delegator captures this	Connection return discarded; no explicit disconnect	synchronous signal emission	callback may run during emit; teardown order requires verification	07.008/untracked-signals	TRACED_STATIC
app/tools/gimpmypaintoptions-gui.cpp:457	SIGNAL	button	clicked	MypaintOptionsGUIPrivate::reset_size	C++ delegator captures this	Connection return discarded; no explicit disconnect	synchronous signal emission	callback may run during emit; teardown order requires verification	07.008/untracked-signals	TRACED_STATIC
app/tools/gimptooloptions-gui-cxx.hpp:103	SIGNAL	notebook	switch-page	PageRemindAction::emit	C++ delegator captures this	Connection return discarded; no explicit disconnect	synchronous signal emission	callback may run during emit; teardown order requires verification	07.008/untracked-signals	TRACED_STATIC
app/widgets/gimpeditor-cxx.cpp:260	SIGNAL	button	extended-clicked	gimp_editor_button_extended_clicked	NULL	emitter destruction; no explicit handler id	synchronous signal emission	callback may run during emit; teardown order requires verification	08.006	TRACED_STATIC
app/widgets/gimpmypaintbrusheditor.cpp:240	SIGNAL	editor->angle_data	value-changed	gimp_mypaint_brush_editor_update_mypaint_brush	editor	emitter destruction; no explicit handler id	synchronous signal emission	callback may run during emit; teardown order requires verification	07.008/untracked-signals	TRACED_STATIC
app/widgets/popupper.cpp:184	SIGNAL	g_object	grab-notify	Popover::on_grab_notify	C++ delegator captures this	Connection return discarded; no explicit disconnect	synchronous signal emission	callback may run during emit; teardown order requires verification	07.008/untracked-signals	TRACED_STATIC
app/widgets/popupper.cpp:186	SIGNAL	g_object	grab-broken-event	Popover::on_grab_broken_event	C++ delegator captures this	Connection return discarded; no explicit disconnect	synchronous signal emission	callback may run during emit; teardown order requires verification	07.008/untracked-signals	TRACED_STATIC
app/widgets/popupper.cpp:501	SIGNAL	popover_widget	cancel	PopoverDecorator::on_popover_closed	C++ delegator captures this	Connection return discarded; no explicit disconnect	synchronous signal emission	callback may run during emit; teardown order requires verification	07.008/untracked-signals	TRACED_STATIC
app/widgets/popupper.cpp:503	SIGNAL	popover_widget	confirm	PopoverDecorator::on_popover_closed	C++ delegator captures this	Connection return discarded; no explicit disconnect	synchronous signal emission	callback may run during emit; teardown order requires verification	07.008/untracked-signals	TRACED_STATIC
app/widgets/popupper.cpp:527	SIGNAL	widget	scroll-event	PopoverDecorator::scroll_event	C++ delegator captures this	Connection return discarded; no explicit disconnect	synchronous signal emission	callback may run during emit; teardown order requires verification	07.008/untracked-signals	TRACED_STATIC
app/widgets/popupper.cpp:529	SIGNAL	widget	button-press-event	PopoverDecorator::button_press	C++ delegator captures this	Connection return discarded; no explicit disconnect	synchronous signal emission	callback may run during emit; teardown order requires verification	07.008/untracked-signals	TRACED_STATIC
app/widgets/popupper.cpp:532	SIGNAL	widget	clicked	PopoverDecorator::clicked	C++ delegator captures this	Connection return discarded; no explicit disconnect	synchronous signal emission	callback may run during emit; teardown order requires verification	07.008/untracked-signals	TRACED_STATIC
app/widgets/popupper.cpp:535	SIGNAL	widget	parent-clicked	PopoverDecorator::parent_clicked	C++ delegator captures this	Connection return discarded; no explicit disconnect	synchronous signal emission	callback may run during emit; teardown order requires verification	07.008/untracked-signals	TRACED_STATIC
app/widgets/gimplayerpopup.cpp:402	SIGNAL	it	value-changed	lambda@app/widgets/gimplayerpopup.cpp:402	delegator captures this	connect_noret: emitter/closure teardown, no handle	synchronous signal emission	lambda/member may reenter owner; confirm emitter and owner destruction order	07.008/untracked-signals	TRACED_STATIC
app/widgets/gimplayerpopup.cpp:420	SIGNAL	it	value-changed	lambda@app/widgets/gimplayerpopup.cpp:420	delegator captures this	connect_noret: emitter/closure teardown, no handle	synchronous signal emission	lambda/member may reenter owner; confirm emitter and owner destruction order	07.008/untracked-signals	TRACED_STATIC
app/widgets/gimplayerpopup.cpp:513	SIGNAL	it	toggled	lambda@app/widgets/gimplayerpopup.cpp:513	delegator captures this	connect_noret: emitter/closure teardown, no handle	synchronous signal emission	lambda/member may reenter owner; confirm emitter and owner destruction order	07.008/untracked-signals	TRACED_STATIC
app/widgets/gimplayerpopup.cpp:532	SIGNAL	it	changed	lambda@app/widgets/gimplayerpopup.cpp:532	delegator captures this	connect_noret: emitter/closure teardown, no handle	synchronous signal emission	lambda/member may reenter owner; confirm emitter and owner destruction order	07.008/untracked-signals	TRACED_STATIC
app/widgets/gimplayerpopup.cpp:627	SIGNAL	it	value-changed	lambda@app/widgets/gimplayerpopup.cpp:627	delegator captures this	connect_noret: emitter/closure teardown, no handle	synchronous signal emission	lambda/member may reenter owner; confirm emitter and owner destruction order	07.008/untracked-signals	TRACED_STATIC
app/widgets/gimplayerpopup.cpp:645	SIGNAL	it	value-changed	lambda@app/widgets/gimplayerpopup.cpp:645	delegator captures this	connect_noret: emitter/closure teardown, no handle	synchronous signal emission	lambda/member may reenter owner; confirm emitter and owner destruction order	07.008/untracked-signals	TRACED_STATIC
app/widgets/gimplayerpopup.cpp:835	SIGNAL	it	value-changed	lambda@app/widgets/gimplayerpopup.cpp:835	delegator captures this	connect_noret: emitter/closure teardown, no handle	synchronous signal emission	lambda/member may reenter owner; confirm emitter and owner destruction order	07.008/untracked-signals	TRACED_STATIC
app/widgets/gimplayerpopup.cpp:852	SIGNAL	it	toggled	lambda@app/widgets/gimplayerpopup.cpp:852	delegator captures this	connect_noret: emitter/closure teardown, no handle	synchronous signal emission	lambda/member may reenter owner; confirm emitter and owner destruction order	07.008/untracked-signals	TRACED_STATIC
app/widgets/gimplayerpopup.cpp:881	SIGNAL	selection	changed	lambda@app/widgets/gimplayerpopup.cpp:881	delegator captures this	connect_noret: emitter/closure teardown, no handle	synchronous signal emission	lambda/member may reenter owner; confirm emitter and owner destruction order	07.008/untracked-signals	TRACED_STATIC
app/widgets/gimplayerpopup.cpp:992	SIGNAL	box	enter-notify-event	lambda@app/widgets/gimplayerpopup.cpp:992	delegator captures this	connect_noret: emitter/closure teardown, no handle	synchronous signal emission	lambda/member may reenter owner; confirm emitter and owner destruction order	07.008/untracked-signals	TRACED_STATIC
app/widgets/gimplayerpopup.cpp:1000	SIGNAL	box	leave-notify-event	lambda@app/widgets/gimplayerpopup.cpp:1000	delegator captures this	connect_noret: emitter/closure teardown, no handle	synchronous signal emission	lambda/member may reenter owner; confirm emitter and owner destruction order	07.008/untracked-signals	TRACED_STATIC
app/widgets/gimplayerpopup.cpp:1008	SIGNAL	box	button-press-event	lambda@app/widgets/gimplayerpopup.cpp:1008	delegator captures this	connect_noret: emitter/closure teardown, no handle	synchronous signal emission	lambda/member may reenter owner; confirm emitter and owner destruction order	07.008/untracked-signals	TRACED_STATIC
app/widgets/gimplayerpopup.cpp:1049	SIGNAL	selection	changed	lambda@app/widgets/gimplayerpopup.cpp:1049	delegator captures this	connect_noret: emitter/closure teardown, no handle	synchronous signal emission	lambda/member may reenter owner; confirm emitter and owner destruction order	07.008/untracked-signals	TRACED_STATIC
app/widgets/gimplayerpopup.cpp:1096	SIGNAL	it	clicked	lambda@app/widgets/gimplayerpopup.cpp:1096	delegator captures this	connect_noret: emitter/closure teardown, no handle	synchronous signal emission	lambda/member may reenter owner; confirm emitter and owner destruction order	07.008/untracked-signals	TRACED_STATIC
app/widgets/gimplayertileview.cpp:420	SIGNAL	button	button-press-event	LayerTileView::on_add_button_press	delegator captures this	connect_noret: emitter/closure teardown, no handle	synchronous signal emission	lambda/member may reenter owner; confirm emitter and owner destruction order	07.008/untracked-signals	TRACED_STATIC
app/widgets/gimplayertileview.cpp:421	SIGNAL	button	motion-notify-event	LayerTileView::on_add_button_motion	delegator captures this	connect_noret: emitter/closure teardown, no handle	synchronous signal emission	lambda/member may reenter owner; confirm emitter and owner destruction order	07.008/untracked-signals	TRACED_STATIC
app/widgets/gimplayertileview.cpp:422	SIGNAL	button	button-release-event	LayerTileView::on_add_button_release	delegator captures this	connect_noret: emitter/closure teardown, no handle	synchronous signal emission	lambda/member may reenter owner; confirm emitter and owner destruction order	07.008/untracked-signals	TRACED_STATIC
app/widgets/gimplayertileview.cpp:432	SIGNAL	i_content_area	expose-event	LayerTileView::on_expose	delegator captures this	connect_noret: emitter/closure teardown, no handle	synchronous signal emission	lambda/member may reenter owner; confirm emitter and owner destruction order	07.008/untracked-signals	TRACED_STATIC
app/widgets/gimplayertileview.cpp:433	SIGNAL	i_content_area	button-press-event	LayerTileView::on_button_press	delegator captures this	connect_noret: emitter/closure teardown, no handle	synchronous signal emission	lambda/member may reenter owner; confirm emitter and owner destruction order	07.008/untracked-signals	TRACED_STATIC
app/widgets/gimplayertileview.cpp:482	SIGNAL	i_container	add	LayerTileView::on_layer_added	delegator captures this	stored Connection disconnects	synchronous signal emission	lambda/member may reenter owner; confirm emitter and owner destruction order	07.008	TRACED_STATIC
app/widgets/gimplayertileview.cpp:483	SIGNAL	i_container	remove	LayerTileView::on_layer_removed	delegator captures this	stored Connection disconnects	synchronous signal emission	lambda/member may reenter owner; confirm emitter and owner destruction order	07.008	TRACED_STATIC
app/widgets/gimplayertileview.cpp:484	SIGNAL	i_container	reorder	LayerTileView::on_layer_reordered	delegator captures this	stored Connection disconnects	synchronous signal emission	lambda/member may reenter owner; confirm emitter and owner destruction order	07.008	TRACED_STATIC
app/widgets/gimplayertileview.cpp:486	SIGNAL	this->image	active-layer-changed	LayerTileView::on_changed	delegator captures this	stored Connection disconnects	synchronous signal emission	lambda/member may reenter owner; confirm emitter and owner destruction order	07.008	TRACED_STATIC
app/widgets/gimplayertileview.cpp:522	SIGNAL	i_content_area	drag-motion	LayerTileView::on_drag_motion	delegator captures this	stored Connection disconnects	synchronous signal emission	lambda/member may reenter owner; confirm emitter and owner destruction order	07.008	TRACED_STATIC
app/widgets/gimplayertileview.cpp:523	SIGNAL	i_content_area	drag-failed	LayerTileView::on_drag_leave	delegator captures this	stored Connection disconnects	synchronous signal emission	lambda/member may reenter owner; confirm emitter and owner destruction order	07.008	TRACED_STATIC
app/widgets/gimplayertileview.cpp:524	SIGNAL	i_content_area	drag-leave	LayerTileView::on_drag_leave	delegator captures this	stored Connection disconnects	synchronous signal emission	lambda/member may reenter owner; confirm emitter and owner destruction order	07.008	TRACED_STATIC
app/widgets/gimplayertileview.cpp:525	SIGNAL	i_content_area	drag-drop	LayerTileView::on_drag_drop	delegator captures this	stored Connection disconnects	synchronous signal emission	lambda/member may reenter owner; confirm emitter and owner destruction order	07.008	TRACED_STATIC
app/widgets/gimplayertileview.cpp:526	SIGNAL	i_content_area	drag-data-received	LayerTileView::on_drag_data_received	delegator captures this	stored Connection disconnects	synchronous signal emission	lambda/member may reenter owner; confirm emitter and owner destruction order	07.008	TRACED_STATIC
app/widgets/gimplayertileview.cpp:627	SIGNAL	i_children	add	LayerTileView::on_layer_added	delegator captures this	stored Connection disconnects	synchronous signal emission	lambda/member may reenter owner; confirm emitter and owner destruction order	07.008	TRACED_STATIC
app/widgets/gimplayertileview.cpp:628	SIGNAL	i_children	remove	LayerTileView::on_layer_removed	delegator captures this	stored Connection disconnects	synchronous signal emission	lambda/member may reenter owner; confirm emitter and owner destruction order	07.008	TRACED_STATIC
app/widgets/gimplayertileview.cpp:629	SIGNAL	i_children	reorder	LayerTileView::on_layer_reordered	delegator captures this	stored Connection disconnects	synchronous signal emission	lambda/member may reenter owner; confirm emitter and owner destruction order	07.008	TRACED_STATIC
app/widgets/gimplayertileview.cpp:1281	SIGNAL	menu_item	activate	lambda@app/widgets/gimplayertileview.cpp:1281	delegator captures this	connect_noret: emitter/closure teardown, no handle	synchronous signal emission	lambda/member may reenter owner; confirm emitter and owner destruction order	07.008/untracked-signals	TRACED_STATIC
app/widgets/gimplayertileview.cpp:1334	SIGNAL	i_layer	visibility-changed	LayerTileView::LayerInfo::on_changed	delegator captures this	stored Connection disconnects	synchronous signal emission	lambda/member may reenter owner; confirm emitter and owner destruction order	07.008	TRACED_STATIC
app/widgets/gimplayertileview.cpp:1335	SIGNAL	i_layer	linked-changed	LayerTileView::LayerInfo::on_changed	delegator captures this	stored Connection disconnects	synchronous signal emission	lambda/member may reenter owner; confirm emitter and owner destruction order	07.008	TRACED_STATIC
app/widgets/gimplayertileview.cpp:1336	SIGNAL	i_layer	lock-content-changed	LayerTileView::LayerInfo::on_changed	delegator captures this	stored Connection disconnects	synchronous signal emission	lambda/member may reenter owner; confirm emitter and owner destruction order	07.008	TRACED_STATIC
app/widgets/gimplayertileview.cpp:1337	SIGNAL	i_layer	mask-changed	LayerTileView::LayerInfo::on_mask_changed	delegator captures this	stored Connection disconnects	synchronous signal emission	lambda/member may reenter owner; confirm emitter and owner destruction order	07.008	TRACED_STATIC
app/widgets/gimplayertileview.cpp:1363	SIGNAL	mask	apply-changed	LayerTileView::LayerInfo::on_changed	delegator captures this	stored Connection disconnects	synchronous signal emission	lambda/member may reenter owner; confirm emitter and owner destruction order	07.008	TRACED_STATIC
app/widgets/gimplayertileview.cpp:1364	SIGNAL	mask	edit-changed	LayerTileView::LayerInfo::on_changed	delegator captures this	stored Connection disconnects	synchronous signal emission	lambda/member may reenter owner; confirm emitter and owner destruction order	07.008	TRACED_STATIC
app/widgets/gimplayertileview.cpp:1365	SIGNAL	mask	show-changed	LayerTileView::LayerInfo::on_changed	delegator captures this	stored Connection disconnects	synchronous signal emission	lambda/member may reenter owner; confirm emitter and owner destruction order	07.008	TRACED_STATIC
app/widgets/gimplayertileview.cpp:1446	SIGNAL	i_layer	size-changed	LayerTileView::LayerInfo::LayerPreview::on_layer_invalidate_preview	delegator captures this	stored Connection disconnects	synchronous signal emission	lambda/member may reenter owner; confirm emitter and owner destruction order	07.008	TRACED_STATIC
app/widgets/gimplayertileview.cpp:1447	SIGNAL	i_layer	invalidate-preview	LayerTileView::LayerInfo::LayerPreview::on_layer_invalidate_preview	delegator captures this	stored Connection disconnects	synchronous signal emission	lambda/member may reenter owner; confirm emitter and owner destruction order	07.008	TRACED_STATIC
app/widgets/gimptooltileview.cpp:262	SIGNAL	i_content_area	expose-event	ToolTileView::on_expose	delegator captures this	connect_noret: emitter/closure teardown, no handle	synchronous signal emission	lambda/member may reenter owner; confirm emitter and owner destruction order	07.008/untracked-signals	TRACED_STATIC
app/widgets/gimptooltileview.cpp:263	SIGNAL	i_content_area	button-press-event	ToolTileView::on_button_press	delegator captures this	connect_noret: emitter/closure teardown, no handle	synchronous signal emission	lambda/member may reenter owner; confirm emitter and owner destruction order	07.008/untracked-signals	TRACED_STATIC
app/widgets/gimptooltileview.cpp:264	SIGNAL	i_content_area	motion-notify-event	ToolTileView::on_motion_notify	delegator captures this	connect_noret: emitter/closure teardown, no handle	synchronous signal emission	lambda/member may reenter owner; confirm emitter and owner destruction order	07.008/untracked-signals	TRACED_STATIC
app/widgets/gimptooltileview.cpp:265	SIGNAL	i_content_area	enter-notify-event	ToolTileView::on_enter_notify	delegator captures this	connect_noret: emitter/closure teardown, no handle	synchronous signal emission	lambda/member may reenter owner; confirm emitter and owner destruction order	07.008/untracked-signals	TRACED_STATIC
app/widgets/gimptooltileview.cpp:266	SIGNAL	i_content_area	leave-notify-event	ToolTileView::on_leave_notify	delegator captures this	connect_noret: emitter/closure teardown, no handle	synchronous signal emission	lambda/member may reenter owner; confirm emitter and owner destruction order	07.008/untracked-signals	TRACED_STATIC
app/widgets/gimptooltileview.cpp:311	SIGNAL	ref(context)	tool-changed	ToolTileView::on_tool_changed	delegator captures this	stored Connection disconnects	synchronous signal emission	lambda/member may reenter owner; confirm emitter and owner destruction order	07.008	TRACED_STATIC
app/core/gimpfilterlayer.cpp:614	TIMEOUT	FilterLayer	-	notify_filter_end_callback	raw this	source ID ignored; no cancellation	default priority, 300ms	callback may run after FilterLayer destruction	17.026/filter-end-timeout-cancel	TRACED_STATIC
app/widgets/gimplayertileview.cpp:1539	IDLE	LayerPreview	-	EventSource::callback	raw this and viewable	update_idle CXXPointer removes source on replacement/destruction	G_PRIORITY_DEFAULT	preview/viewable may be destroyed before callback	29.020/preview-idle-teardown	TRACED_STATIC
app/widgets/gimplayertileview.cpp:790	TIMEOUT	LayerTileView	-	EventSource::callback	raw this	scroll_timeout_handler removes source on drag end/destruction	G_PRIORITY_DEFAULT	callback uses scrolled_window; replace and teardown may reenter	29.002/add-timeout-owner	TRACED_STATIC
app/widgets/gimplayertileview.cpp:929	TIMEOUT	LayerTileView	-	EventSource::callback	raw this	add_timeout_handler clears itself in callback or on button release	G_PRIORITY_DEFAULT, 500ms	callback clears owner of executing EventSource	29.002/add-timeout-owner	TRACED_STATIC
