path	git_blob	sha256	bytes	kind	myb_version	license_evidence
COPYING	94a9ed024d3859793618152ea559a168bbcbb5e2	8ceb4b9ee5adedde47b31e975c1d90c73ad27b6b165a1dcd80c7c545eb65b903	35147	notice	-	LICENSE;COPYING
LICENSE	45576b23dc83fdbd9cd922098d76f1e8b072035a	eec1e114ea3a9c67733928716199b3fb6c1b4746310479abb479b4743494fee8	1396	notice	-	LICENSE;COPYING
data/layer-presets/.gitignore	9ee6454019447a69aa7d51ee37338021285b1388	93fe72e67bf34261f65bedb950d4b7697add70fb49d9fda0679a084da8e35efa	23	support	-	LICENSE;COPYING
data/layer-presets/Makefile.am	b09563576330cca863bd153d3e4e89e340fe02ea	f379731bcc65c468e75c5ba47cb2e6c3ab6eb93dfb3db4358608150513cfe4d0	366	support	-	LICENSE;COPYING
data/layer-presets/crop-with-selection.json	e4d55ddecd572cb46897911919b255ddbbfc7e68	5ebaa5cb8d0a1d058b10374043ebadd17a1808b11f44923398068562c0e5d7c3	264	layer-preset	-	LICENSE;COPYING
data/layer-presets/duplicate-as-clone.json	3dcd488c2fcc0ba163a1bc45f55d3e8f7efeabd4	56cd37c30e962d642adc5c6c07cebd6d721c8a261b5f00e3360045306842d090	388	layer-preset	-	LICENSE;COPYING
data/layer-presets/duplicate-as-normal.json	d2efa2ddf698f3538effe08aed441e308d194a8c	1e7140c86105599f471db956ced355f06c75b5e8dccad0a54429ba3d02adbd1b	348	layer-preset	-	LICENSE;COPYING
data/layer-presets/new-anime-layer.json	3a9d4d03be789ab1264ef4b8e72bbe2dc3ad7c6f	30d6ff23a16102a9379b45f18864f310350fc769a5718682097b29596650a4e6	909	layer-preset	-	LICENSE;COPYING
data/layer-presets/new-cropped-layer.json	0b8ce8e816e34ecbb97be51872eb0cffc9a2111f	e9239124b826e417845227101cbffa273e03c99704399bc0c566e8648ee03431	547	layer-preset	-	LICENSE;COPYING
data/layer-presets/test.json	d27f53f873e4df40e188ca004515185c9488106d	553d4d4721b7b44d697de0b8eee962228d819602e9346e0da5f6212a04dd1bf0	458	layer-preset	-	LICENSE;COPYING
data/layer-presets/test2.json	66fc85da19bd78e9f160ad3df7b3d3bf43b3358d	1edfa18ab97344d4d32b2eab80f893b3a1bcaef3015b8762abb4bc4f0b15122e	796	layer-preset	-	LICENSE;COPYING
data/layer-presets/watercolor.json	1e322fbb144afa943bb1c1d18c942fc643d80ca5	c635144e40d7b04d82b884831b61faaa90d8a4a12f2dd7eb6afa9785811da583	874	layer-preset	-	LICENSE;COPYING
data/mypaint-brushes/.gitignore	2db531ae3ab6a41a7a637a69b94bdb793c38af4b	39d3ee2cb889b8b30543560130a8333871746d348e83be5fce816217c94c15d3	29	support	-	LICENSE;COPYING
data/mypaint-brushes/FX_blender_prev.png	9d9a62e36cf65662a4483ff5d0c267fc09349b8f	a2a9309a8cf12ee7610c7b3c55564663a2897c836c91832e1313b8642d1ccae0	6695	preview	-	LICENSE;COPYING
data/mypaint-brushes/Makefile.am	3a6e950b6d944e2d81f9a092a0b2f3377b239b2c	4da9796a0fd8ce92d4efec5e98ad052fc821cc3b62e84fa139a0b6751681d50d	129	support	-	LICENSE;COPYING
data/mypaint-brushes/Makefile.am.skel	b1fab22b8d2a14b4e70d62774e804d754bb6dd65	b01b7db93edd0f360bbaeff456e4354dc0b6628048a49ea9627dcb58b9641749	704	support	-	LICENSE;COPYING
data/mypaint-brushes/classic/Makefile.am	ad34cd417924978b8ff80fd374b94c9cec1dd503	3440d9ddcbb594cbfd5434687155ea3722d2ac496f2e8002ff57e75a5ec75df3	1524	support	-	LICENSE;COPYING
data/mypaint-brushes/classic/blend+paint.myb	b6ce32f86f556aca96a0c7b70e015ddbb18f3f2b	068c902f4b6938cb54ae00e728442e737f86f3f9574fc28ef76df39cae2115dc	4817	brush	3	LICENSE;COPYING
data/mypaint-brushes/classic/blend+paint_prev.png	309433a769a0c5369317f01b960f3d91164d9fc3	f997d9bdd40efa43f96fb3654a9d90979caeafe4c31b84b0be3cb594e788f6fb	12001	preview	-	LICENSE;COPYING
data/mypaint-brushes/classic/blending_knife.myb	141b6a10434261bd483afc92be94353192aa1621	3f5f10f432f2a17277e2e5c170139a0aa60f3df4a4a5c9f622bb9a0a8a6effe1	6475	brush	3	LICENSE;COPYING
data/mypaint-brushes/classic/blending_knife_prev.png	bbaf671c852ed3672020ca67c1df413938c63856	a4e76eb3aea58c45e6a2afb64d219c08cbe0ad8fd7bf15622e02fd54e405a4ff	13255	preview	-	LICENSE;COPYING
data/mypaint-brushes/classic/blur.myb	518ed4db2cdb17d1214f5072121f2540fc30f9a8	3dd81a8004c688da3292435d114f4319db2f14851931835a4be4bf28d34485c6	5398	brush	3	LICENSE;COPYING
data/mypaint-brushes/classic/blur_prev.png	9fd4f31c67b4aaed451105b3f5fc8e48bba9bf61	e08eb0366dd1fa1a0960a626fd94b277c7c4ceaa57c5467e4dbe54ea659e6eeb	6971	preview	-	LICENSE;COPYING
data/mypaint-brushes/classic/brush.myb	f18af6878dc45415cd6c41631ed6f42d6341beb2	19b354e458b65aedce6d26f0bea6ab23f2920309b340d608bdfc3bde2e103f33	6039	brush	3	LICENSE;COPYING
data/mypaint-brushes/classic/brush_prev.png	e81c052b8ccc02f5c1cd07f1c36bd1fcaf2d1ff8	c1de46f5a1a582719cce396af7d7fdb461833569bb7cef33ea7b363861564f6f	5594	preview	-	LICENSE;COPYING
data/mypaint-brushes/classic/bulk.myb	7db1a633e40ca81cc459b202ae313ded10437849	5c839a1c96a54eb975619945a615db7b478bb47cfa1a10457db0090c036d2fd8	5097	brush	3	LICENSE;COPYING
data/mypaint-brushes/classic/bulk_prev.png	391cef6b64b45abd837b8d2940cd766368f54380	0a42b6541f2d81364110d3041a95c468ce72712c9791d8b1f748a3fa2909cb28	7139	preview	-	LICENSE;COPYING
data/mypaint-brushes/classic/calligraphy.myb	3cd1441740e006eba9da367c1a8f7e0b767ee5a0	623e5b89d002225ba15d0f6d479da33ca83ce9d6882c7a23f44742951b1662f6	5881	brush	3	LICENSE;COPYING
data/mypaint-brushes/classic/calligraphy_prev.png	49c4e3e0b39231896509d8435de026dfd19439d7	cd68f4deb837352955339ad60821e7c58e877d2a20650fbc1f05fb61403b3500	8646	preview	-	LICENSE;COPYING
data/mypaint-brushes/classic/charcoal.myb	f4d9df8683e45a9e1d476b842f8537f6b1816083	c166706ab5eee26370ccbd547793ed696ebceaa988375037fdf2bf738dc059bc	5163	brush	3	LICENSE;COPYING
data/mypaint-brushes/classic/charcoal_prev.png	24a020fa794fbc846c2730cf33c48d7764dc676c	6a146b5dd16f7553392f79c76ee73168777f7993f3ed07869c6483423c0861da	8417	preview	-	LICENSE;COPYING
data/mypaint-brushes/classic/coarse_bulk_1.myb	ebf414e50254aa447b8594940770c4303556246b	43371fa646ef213e1e510d9bbad3b66ea30fe02318311a31d1a6148090999d13	4622	brush	3	LICENSE;COPYING
data/mypaint-brushes/classic/coarse_bulk_1_prev.png	85b0e09d6be6f005c26e387070e76f477cf91180	ce709352fdb81ac89df951c93ae411d119a9046180ea821ddabf60bcbef7487a	19186	preview	-	LICENSE;COPYING
data/mypaint-brushes/classic/coarse_bulk_2.myb	7c00b339ab771db8ec589ddfea55daf553f493de	6c29c1bae59ee9a8542b8cc9345a1b7e897968186f43e6bd5aaf60ab83fd8b64	4887	brush	3	LICENSE;COPYING
data/mypaint-brushes/classic/coarse_bulk_2_prev.png	e410a1a64b236e0a42d34b5eec3c120a155b96c7	85783d0e274780d5955e5f83c50bb5e1af3f082c3224b7041b5d4ea6cc808c85	12260	preview	-	LICENSE;COPYING
data/mypaint-brushes/classic/coarse_bulk_3.myb	9e8f6c1019f3eeb21d75b1e63dd0d56e410c4929	9b76ad490d1568ae3e71f4e195db32970b825af7311b43a9d666f9e622b43e76	4620	brush	3	LICENSE;COPYING
data/mypaint-brushes/classic/coarse_bulk_3_prev.png	da2acf0576d38c82fab8e61b46c7159f7147c388	a7d1772bb665cb48d6f24bd25a3a8a197e1158f78299f4c67e022bd4267c5ace	12221	preview	-	LICENSE;COPYING
data/mypaint-brushes/classic/dry_brush.myb	c3dd829b14f974e47245e7758ac1e4baa93a2ba2	23ce8824cb3f12640c52a8ad954e734d926cf14209534b0b1b74086cc9979ae8	5399	brush	3	LICENSE;COPYING
data/mypaint-brushes/classic/dry_brush_prev.png	c554a3a9f2c46e6f70b0baf6bfc1c7e39d967a76	63b620db527e95987b5688b7bb417e285cb0f7067b3b15f61e6e28cdf3067947	6995	preview	-	LICENSE;COPYING
data/mypaint-brushes/classic/files	9b5ce39ca19cf1acfd971eb3d1bd5c253bbb9dff	f0fe7483f3edfe854ab85ce38f7b8cce1b74aff528b62f84bbb2f15d6a93532e	923	support	-	LICENSE;COPYING
data/mypaint-brushes/classic/imp_blending.myb	16aa0bb4c0acda35621e232a251be5dd977552e2	46ad4e7c1615e8c809b7271b1ca062a643f64e30b34fba14726a295cdbe61f90	8876	brush	3	LICENSE;COPYING
data/mypaint-brushes/classic/imp_blending_prev.png	6f39b81f7cd61fdda666a3a65160cf1b54542170	3db86d2973458443464e974e74591c45231409fab1079be6314ad21178a8edda	18360	preview	-	LICENSE;COPYING
data/mypaint-brushes/classic/imp_details.myb	aaf3a1f7077505b8209c6bc7a13f7ec85243bec0	c7a1d5227a9881ad6545ede9c9ed9e345e252f3e1c55d4d723fcbcfbbf4e62a7	9901	brush	3	LICENSE;COPYING
data/mypaint-brushes/classic/imp_details_prev.png	89453b3f70202145b44e95ee2038d2f024caefdd	b4faff81544da85200ba5208a594f79962f1e0ac81536aaeeefd08a46356b329	14813	preview	-	LICENSE;COPYING
data/mypaint-brushes/classic/impressionism.myb	68f16e3b2436bdc578d92953de22978c6fabaa69	1582bf2ff6f02f48cfbe2df3ca845d6bf231120895dad930794991334a1a37ed	9411	brush	3	LICENSE;COPYING
data/mypaint-brushes/classic/impressionism_prev.png	e4d9fa1e5f06c6e8199bacc24282e4b7fa6ee2b6	a7199ffcb81214fc0cc099793f46c19eac009cad486ee733467bc8e00c517586	23739	preview	-	LICENSE;COPYING
data/mypaint-brushes/classic/ink_blot.myb	aa843165b56a4598e685f74640e8787e2d3958f5	ae4d6481b53c9f9860bf7e70ec205bf8d6dd31d4374e667db9e2ccaf2d18e542	4616	brush	3	LICENSE;COPYING
data/mypaint-brushes/classic/ink_blot_prev.png	5f8f68c77d2d9b51f426cc5a377dbe8b4db3f4b4	d84aa43b13f29c937bdc80a4d0e37bec2718a773a89aaebd7a36bab444525d44	11191	preview	-	LICENSE;COPYING
data/mypaint-brushes/classic/ink_eraser.myb	e8527ba0f9100e8bfe1f86f1ecd608664f6a4ba9	be684b3c5179b34d5b27d7f728273245de52f5adb05878f88c058a86d3e4e6c1	5858	brush	3	LICENSE;COPYING
data/mypaint-brushes/classic/ink_eraser_prev.png	1325e99458635eeb096bd886ff20c9cbdfb0f95f	f8f35358b9d794d589966e2e651ab1a37615ebc54c78350139380e7b0bce041a	9111	preview	-	LICENSE;COPYING
data/mypaint-brushes/classic/kabura.myb	499f273adb4d60a7ed46e7a8d2535d47d36884a5	9d7c5429514564e73b621b1039f47e10484f7b33cf54a8c9daa4ebaa074677a9	6569	brush	3	LICENSE;COPYING
data/mypaint-brushes/classic/kabura_prev.png	17335f9fc030ae84624d0c9ed998be5734f98bb4	fe312f6014d5d8b9f9b5cc159b65cba25bd7306e0ce97d5193c4e163fcb22751	8465	preview	-	LICENSE;COPYING
data/mypaint-brushes/classic/knife.myb	126e25a7b37ebd6e7d7117929ba7580343191e79	1497afe19af648f9f3e60e80276dded3ba5d1653a3292e1477c4b8ffddf8f5c0	4883	brush	3	LICENSE;COPYING
data/mypaint-brushes/classic/knife_prev.png	535976c3b05660b14af784867fa639c5a3dc17ac	4c60393f53d878707d3eef77530a1bd98359e0a037c8675a95d4ac7cdc7944dc	7694	preview	-	LICENSE;COPYING
data/mypaint-brushes/classic/long_grass.myb	d49235577e8b985f7b69c37f2cfebf6532ec53a7	9b14490691bd0378340a7ddb948d2edd9339b7e832c321fb775130637de58135	8863	brush	3	LICENSE;COPYING
data/mypaint-brushes/classic/long_grass_prev.png	cd5a4a37d427851f1661c175ee3729d234b39fb8	4c37c01e128a02f8f88bf0e2d563776a8cfae47d74c43dc098d81fe616f2ff77	16579	preview	-	LICENSE;COPYING
data/mypaint-brushes/classic/marker_fat.myb	509c7c2c96aada59e3982b915dc72255f122f3f9	987fe526b4ca628fa0783ac858e1b08bfd81d260740c0f5f7349fc2693ee06d2	5783	brush	3	LICENSE;COPYING
data/mypaint-brushes/classic/marker_fat_prev.png	5d99b17b1a32ea60cf489003e670d6fff5077190	729a5d583eb47c89d43b4266586e9afe284162c91d16436b58897947e038f59a	9065	preview	-	LICENSE;COPYING
data/mypaint-brushes/classic/marker_small.myb	281d2c44bb1edbb7b102e0e829abc7a8da2b894c	02e80756c8fa3659cd3a845f8f1a6954d297f7d3e83de0b4351d0a4a7f187d77	5782	brush	3	LICENSE;COPYING
data/mypaint-brushes/classic/marker_small_prev.png	3834028df463d38a4a8dbf7ce4ec6407abb9a1e8	323f4db03a551d2218170910d52cc9c6a882478a9e3d8d0c2a84fcc2fd1172ce	9933	preview	-	LICENSE;COPYING
data/mypaint-brushes/classic/modelling.myb	348f93e7ba82ff0283e6b0c51bfdb1fe8687cf00	a069e488021f22494d930ec302f756f21f0c0ab2eaa23c96d637d6a2ccad28ae	6391	brush	3	LICENSE;COPYING
data/mypaint-brushes/classic/modelling2.myb	3e08e7569fc6af72d5bbc8e4ce14b13224bcf023	9fdc0a82d2ce684e5cb958926b8c0ff9b205ddddc333ab7fc6da7b4192a8aebb	9469	brush	3	LICENSE;COPYING
data/mypaint-brushes/classic/modelling2_prev.png	179c84de67f1fe36026c4905fd433d7f96163d77	304e0974fd7cbd4a66bbb41c6ff7bf43dad893427fd947f9e2031c2bfe3fac00	8746	preview	-	LICENSE;COPYING
data/mypaint-brushes/classic/modelling_prev.png	5ec6c93e26cfef9bfb7d6547cd013334dab65766	dc91fd3fd1c0fe4a292c7f36e97e29ff965a93a105248c79b1ad9454e7fe0d6b	11835	preview	-	LICENSE;COPYING
data/mypaint-brushes/classic/pen.myb	605789620961946efc844da9f6360e4010ccfa6a	da34070ad1d6e3b32e5bf4bd0aefd1b7b2922eb9cc889d9808ee52023a384f86	5869	brush	3	LICENSE;COPYING
data/mypaint-brushes/classic/pen_prev.png	b87e2487bf1b47e843c79072f72223abd2d256c8	2b1f2870bfaeeb11487b5e1ebf79c829f4bda483e328c5e7b05b84d3e475f18a	8554	preview	-	LICENSE;COPYING
data/mypaint-brushes/classic/pencil.myb	28784348d6eceb07bc9cac4e8c81373050b57142	e8bb0fe34db1da2ab54cd4e6bf8a73094fa35c8f29ccfe67d6a45cee8bfd3c3b	5143	brush	3	LICENSE;COPYING
data/mypaint-brushes/classic/pencil_prev.png	6e618eba8ad523b1f68368ec0f036202870b5b36	1696c29a7f751d577968b76636b03aaf5f6fd88763d24b50cdf9414be05141dc	17394	preview	-	LICENSE;COPYING
data/mypaint-brushes/classic/pointy_ink.myb	d6e77be0b47f26d455145605ee5e19f5a6a974f5	1ed92480be8504911954fa518817a45bc2bc5e3ed2b7aed8ac76d55aaf595ac1	6595	brush	3	LICENSE;COPYING
data/mypaint-brushes/classic/pointy_ink_prev.png	1b0aafa09158bc7301fb6cca9348f97b08fe2f98	5a4f0c000d67bcfe5d43f51f5ab081e6110bab7aa2eb17ab9a640a41c9fa4429	9458	preview	-	LICENSE;COPYING
data/mypaint-brushes/classic/puantilism.myb	dd6db48ccc977909f5df943139b93c1d7c3d1a1b	d96858c1c79e08d8e28003cfa1ddbebee25aaabf2f6d7667277056a397350509	8508	brush	3	LICENSE;COPYING
data/mypaint-brushes/classic/puantilism2.myb	5fc00294f2db0057b5c2cbe332a7e4a7d69d930b	3ae7dc91580f513fc22e119f50431de815dce100c71721ee2e4d7b6ee935fc08	9422	brush	3	LICENSE;COPYING
data/mypaint-brushes/classic/puantilism2_prev.png	399c09313f79f1535f52a2d326f24a01fa4603da	660d5020c5e544e0974f8f86877590fc52c66969649a3f4d434a27c991ca3cb8	15435	preview	-	LICENSE;COPYING
data/mypaint-brushes/classic/puantilism_prev.png	306b4dda0ebfd76a70922039277f1ff4ee70c819	b523181685b3118124a8b88935842fc2201b07a9eee857d1df3e746b42d12624	19825	preview	-	LICENSE;COPYING
data/mypaint-brushes/classic/rounded.myb	5295d7e0b225514fae0ef74b4b6f367f4ef6946c	28aae29d3290377918aa3ef2fef3cdb312ecf6f5717afb3fd41930d86f7adc26	5372	brush	3	LICENSE;COPYING
data/mypaint-brushes/classic/rounded_prev.png	6c706a77f2744c4bef9fa1699dc2a0dfaa96d20a	05bbbc1b7c9db98868ffab092035e618cb349c61f1a5cb9ef772f81838d5456c	7134	preview	-	LICENSE;COPYING
data/mypaint-brushes/classic/short_grass.myb	1521fbec52ff94b075bb1efef329cb921f3b990a	91685a66bb18679df61463858f82b12d99fcc8368bfbbdfed30fa2dd2ed6da42	7087	brush	3	LICENSE;COPYING
data/mypaint-brushes/classic/short_grass_prev.png	181375de3efa5a6486e25608879ac7267c5a86e9	c297b407a0179f1ec53c1863fea0d912cdbaaa8b7714d7bdd6212a618a012cdb	15107	preview	-	LICENSE;COPYING
data/mypaint-brushes/classic/slow_ink.myb	7452fa8f2c5c4c3c85f81dbde2cc5864fe36ed78	f2f8800fe06d33c8e26ee7b46000354e4760683213974be02bf584aaaa69a0b9	5876	brush	3	LICENSE;COPYING
data/mypaint-brushes/classic/slow_ink_prev.png	29dbeb991ddf2a5310b6cd4b22c65d459f3f3c11	4f52fab9a6d23ad5fc02c76340ed16fa1f76cc52758331fb2dd628e8edc607ab	8517	preview	-	LICENSE;COPYING
data/mypaint-brushes/classic/smudge+paint.myb	bf747b66e93eb7aef14e90742625c947bc7219b8	03ba1ff9636f7819eaafe00a29c3f80911d8852a24e199b25939cf6e6a04607a	6454	brush	3	LICENSE;COPYING
data/mypaint-brushes/classic/smudge+paint_prev.png	261ef9a522de67d9b90f85660cba8c75f6d246d5	19575b952c611ace08fe3453b408e3aaa2348864f8c5f9827ec2855090165b1e	11746	preview	-	LICENSE;COPYING
data/mypaint-brushes/classic/smudge.myb	876fdd194bf5f56cfa47f3ca2555d3b8977e1cc0	f25756c14e9118cbd86a93f2f30e4f38fabd9d74033408861ba2e46b1657c846	5142	brush	3	LICENSE;COPYING
data/mypaint-brushes/classic/smudge_prev.png	e9e08ee5a17c47f99a76f9088e77cac0745b4f8d	2063bb31438f71f6c5e5f5f629239ef89f57f6e0081aeb97fb54fec2d65e2187	11419	preview	-	LICENSE;COPYING
data/mypaint-brushes/classic/textured_ink.myb	30588b50fcfb2506007718e35848855ab4c7669e	6816ee1192182586ca338f8086a0c6ae6a94a1cee9951b6006b60376b0000c7b	5534	brush	3	LICENSE;COPYING
data/mypaint-brushes/classic/textured_ink_prev.png	2affba569d6efd2a52a27ac39a95acdcc1eb1dde	47b619659e61d429d8fe3cdf536354bee26ba34486289475a3ae055530d3cab2	8441	preview	-	LICENSE;COPYING
data/mypaint-brushes/classic/wet_knife.myb	dfafb983ccd9357cd82e731370c468c108364192	c3ce9d47dcf3c1ba34ff54d8f1a66cfd8fc258085e0532001ce7ce2a3bfd56ae	5380	brush	3	LICENSE;COPYING
data/mypaint-brushes/classic/wet_knife_prev.png	2e3e6412a3d1bbb20c3f3884be3c1a59e234ca09	3be8c4a061ae15d577aa3a05c439e68f00903f06008c019a0006161bad17558b	10073	preview	-	LICENSE;COPYING
data/mypaint-brushes/deevad/2B_pencil.myb	3205cbc98c1272249a2c3a8cf557006887db3c10	4254ca77e1f8cb2c48d3e053861ecf6787fa227553beb9cf25c957e7e0292113	5555	brush	3	data/mypaint-brushes/deevad/readme.txt
data/mypaint-brushes/deevad/2B_pencil_prev.png	73d3a99e9e9a6bf5b8baa594401c7db1b8fde4e1	d46f4912cd1327e82360abf0ef8f18091bd3808a4e807f490355a0b1a99d3a86	21701	preview	-	data/mypaint-brushes/deevad/readme.txt
data/mypaint-brushes/deevad/4H_pencil.myb	0a80faac850ec78d6057b65b506c93d2d979293e	220416ad913545d98b32b9c0b5e6c1121765eb2fe1c29d2f15c2399b7e4b66f3	5545	brush	3	data/mypaint-brushes/deevad/readme.txt
data/mypaint-brushes/deevad/4H_pencil_prev.png	1a5b4e7bcb6a5b63109719b2ded924b1631d1b45	afd7d013afff51dad67344b8512cbc6b4572e944874dc6637613112ac58d0f86	18569	preview	-	data/mypaint-brushes/deevad/readme.txt
data/mypaint-brushes/deevad/Makefile.am	e6fe2d15fa9be04d3bb1c556ee4e77c46ee87be5	cb969b98508212a42c42876a3851c215312f87f1e093589fef312f94a9c489e0	1884	support	-	data/mypaint-brushes/deevad/readme.txt
data/mypaint-brushes/deevad/airbrush.myb	8b4249019795f36f56f0a724d07e2614bc3656e2	d5df214d2ceaa4bf2394240aaba2f61a013a8a80e1447230722625cccbfa121c	5646	brush	3	data/mypaint-brushes/deevad/readme.txt
data/mypaint-brushes/deevad/airbrush_prev.png	188ebaae4d02489f790387216353ee975a5e0843	8cb2f8cb92605e62ba8344e0091477a1b5702cf271ce757c7a3acf35a84d7c3e	14571	preview	-	data/mypaint-brushes/deevad/readme.txt
data/mypaint-brushes/deevad/ballpen.myb	259fe8622808c7ebd79bbe996ea5d5c260e98f8f	ff4f523ca933c734616907a72d8c61dbffc3dd1a79d0870394e665b19a43fc64	5659	brush	3	data/mypaint-brushes/deevad/readme.txt
data/mypaint-brushes/deevad/ballpen_prev.png	d74140f40993b6080fdfca4ca3727a3a49186443	254e92b08a8004bdb17b3420a22604fc6b250920e1f52edeeed130c898340e6d	20033	preview	-	data/mypaint-brushes/deevad/readme.txt
data/mypaint-brushes/deevad/basic_digital_brush.myb	7245fa7aac4c12d03b4c975f55c8e1755eb4c03b	84192435ce8bd79a5b255eba9b78040c5514759b43eb54ab76a836e167358cc3	6715	brush	3	data/mypaint-brushes/deevad/readme.txt
data/mypaint-brushes/deevad/basic_digital_brush_prev.png	75a6a40c9cebdbc492312a2c0f37801dafd2b377	7144861b1fd7392678a51c6b5d4e9a3b01bd0960b44a657ddc0cc9a46644fca1	17952	preview	-	data/mypaint-brushes/deevad/readme.txt
data/mypaint-brushes/deevad/basic_digital_brush_smudging.myb	c3b3dbba024f03028a412bc6736563db6bc94653	5da8eccd6c996ba48d55f7bab2f66c38ed4d5030b7d2f9707561cd943b12d86f	6288	brush	3	data/mypaint-brushes/deevad/readme.txt
data/mypaint-brushes/deevad/basic_digital_brush_smudging_prev.png	dfc1f039295a9093ee4387f80d5062ececa9c244	6f14a629fcac66607da5e2ba4922e89f24e8e65b2bbf8f81dbe47ab5a596e76d	18682	preview	-	data/mypaint-brushes/deevad/readme.txt
data/mypaint-brushes/deevad/basic_digital_knife.myb	355c44c7a96fa43f3b13e60b27ead37491846c25	fa70b813d5dc9e3bb2a732caa9e74535af77a5f40ff78375d3e5040fd0be9f27	6733	brush	3	data/mypaint-brushes/deevad/readme.txt
data/mypaint-brushes/deevad/basic_digital_knife_prev.png	3b06ffe4ea9aa5011d491c691ce83b72806f1c18	e6907ef4f6569cbcd51a7f99a60970ec16ed8755bb54c3fc298ced5e01651b4b	17603	preview	-	data/mypaint-brushes/deevad/readme.txt
data/mypaint-brushes/deevad/basic_digital_knife_smudging.myb	ef074467996709da8dd614206b6ac93766b04815	2c40282569bc8d8a21ca7e8e8ec8aa498063e425af082d194f7c025815e2a7a4	5988	brush	3	data/mypaint-brushes/deevad/readme.txt
data/mypaint-brushes/deevad/basic_digital_knife_smudging_prev.png	626abe4b6a773d4da2e217b64125dfc1e34425f8	f877e95d71cf2f65c941e8a7deb6e8d7e3accc7523a32bf39353a88529bdba7b	18613	preview	-	data/mypaint-brushes/deevad/readme.txt
data/mypaint-brushes/deevad/blending.myb	2aaa94dcca6528d39ec9bf0c598badacf4bf1f84	e0b716d33056b0a7447c4d8d3568f5d9b5dd4d3567f567855cdc6a6fc50af792	5180	brush	3	data/mypaint-brushes/deevad/readme.txt
data/mypaint-brushes/deevad/blending_prev.png	8b05d04b31ff85f9ec491dbdbaa256fbd5bac0de	60e4e31f38aff5ac8e0defd86509de7885613b0fa556afa5c7610e154457c410	11624	preview	-	data/mypaint-brushes/deevad/readme.txt
data/mypaint-brushes/deevad/brush.myb	7dcb8206ea51f9a3054cfcf5f6a34fe734c573f6	32b2f96f248b7387eadfb9cbc2ee7f94844d641acee8a8ec24377b1eb8daf48f	5589	brush	3	data/mypaint-brushes/deevad/readme.txt
data/mypaint-brushes/deevad/brush_prev.png	17725ba59b7f80ccb947f9b4f06794e4a170ac26	4bfd418b9242e4f125b318b44c8d1d575b3a1beb99e82c9087807f8b6e443aac	13836	preview	-	data/mypaint-brushes/deevad/readme.txt
data/mypaint-brushes/deevad/chalk.myb	c2a272e5c99ebb2c22bfc3c758a09339b2eb9ee8	05863af49c7428f52b6f7a1a6ebbbf057e8484c740b945ec07aa909e0158bac6	6029	brush	3	data/mypaint-brushes/deevad/readme.txt
data/mypaint-brushes/deevad/chalk_prev.png	a4927ba6a0643c10d7e7ee886ca7d25800d37555	1c36c851d5da90db63fd5b06a71aa594a73c15a56e916a7d28754998e076e005	15425	preview	-	data/mypaint-brushes/deevad/readme.txt
data/mypaint-brushes/deevad/detail_brush_large.myb	71c75d19b3dc3ad9a3e9017a83d53c2818f0e1d7	5cf9a04103b573e39a2bb3fc2e73ed7655cc3904fa77e2dd95ce6c66a581d499	5837	brush	3	data/mypaint-brushes/deevad/readme.txt
data/mypaint-brushes/deevad/detail_brush_large_glazing.myb	02e3b5dcc58ec786a88d8f67a9b3747f062f333e	abd57180e6213833e72720e7bf700bd4e630a35eb1f558d44b31fee40660cb2b	5848	brush	3	data/mypaint-brushes/deevad/readme.txt
data/mypaint-brushes/deevad/detail_brush_large_glazing_prev.png	be7980975ec398647aa8de4fa860c493726c0f0d	ca2ffc2586a55fa0052d4967a1f1bba985db4e40a2c15f19dc79c82062d7aa84	13913	preview	-	data/mypaint-brushes/deevad/readme.txt
data/mypaint-brushes/deevad/detail_brush_large_prev.png	a075e4e8092546253f69f55290755ec2e8531e65	055570a5703065194481aaf77740a8152b0ea3c63320a4882a6cb13cadb724e9	17562	preview	-	data/mypaint-brushes/deevad/readme.txt
data/mypaint-brushes/deevad/detail_brush_thin.myb	eb4586df41a01de7dace8014c4720cb639f0fed0	add3382140d4b52e2f1148d0bfe83e4905aa1e6fd66cdfb33232c3049abd82dd	5867	brush	3	data/mypaint-brushes/deevad/readme.txt
data/mypaint-brushes/deevad/detail_brush_thin_glazing.myb	9947ea8ff62666f26d3368545d63821860a918d7	93ffe322745284ef04c96aedda54ef756eb5d1616f259c3b87157592bccb6342	5822	brush	3	data/mypaint-brushes/deevad/readme.txt
data/mypaint-brushes/deevad/detail_brush_thin_glazing_prev.png	546ac3a3916c86bb7272e27cafd5b614d8e017d0	200175f9eb2fae8b13d8e417001483945055eab581dca61946f24973ac5ab2f5	13453	preview	-	data/mypaint-brushes/deevad/readme.txt
data/mypaint-brushes/deevad/detail_brush_thin_prev.png	d6d45a12a06c2d63a115d6983f7cd13055530bc4	bcdc826fd64d29fce65d29d3835c51ea4056a9e4ef77cdc355334d9cf4cc44f0	17096	preview	-	data/mypaint-brushes/deevad/readme.txt
data/mypaint-brushes/deevad/files	63a6339823e55b01e425953b2c73cc1b599a8d11	235a8856802d44faec27081ba797feae71caac45177965ec35e91a3f98f97bf0	932	support	-	data/mypaint-brushes/deevad/readme.txt
data/mypaint-brushes/deevad/fill.myb	a933a3a346c8bb56e216b2fcd5610fab23231c3e	bf75f04c75c43089a46296a897769242d23a8dc6e971289aa55c4305bc6caca9	5353	brush	3	data/mypaint-brushes/deevad/readme.txt
data/mypaint-brushes/deevad/fill_prev.png	beb79e51f62e4700db2ba476f96ac93df6c29d69	7c3283b2293920f01211ce1e3d9e473f889bcffb696f5cb4f4c3d8e926cb5981	12848	preview	-	data/mypaint-brushes/deevad/readme.txt
data/mypaint-brushes/deevad/grainy_blending.myb	19a166d9ee8ab5a2906b5e58688a806793263841	3ad002f4198f17b5f0149348e83710152b539350d463f356bb0cb457213bb73a	4885	brush	3	data/mypaint-brushes/deevad/readme.txt
data/mypaint-brushes/deevad/grainy_blending_prev.png	2aa178efb84248f6afe8be370141cfc17731f8c0	eec0dde770e5eed305630bc3147ad43133de71d494131a73f9dd9755cbe5f75a	18520	preview	-	data/mypaint-brushes/deevad/readme.txt
data/mypaint-brushes/deevad/kneaded_eraser.myb	1e9590678e0c7eeb2963bca38c5ae1d2c8d13731	1164dd4f3dad31a1e463b62a9e8ed50496ffa892f970255f25f6fc02c92282e0	5823	brush	3	data/mypaint-brushes/deevad/readme.txt
data/mypaint-brushes/deevad/kneaded_eraser_large.myb	7c7c4f97613e4e288993799bdfa01c76584a6ea8	4a60319c0938dfa8a8097b5ad776e600db17200046e2afb18d544bfa6167e8f7	5823	brush	3	data/mypaint-brushes/deevad/readme.txt
data/mypaint-brushes/deevad/kneaded_eraser_large_prev.png	cff00372802fa2c66623d9adc3c0ec34ba8efa1e	ec31673f791d4f5cefbbb962633e2fdadd088f79483f25ee36c4ca05ae11494a	14808	preview	-	data/mypaint-brushes/deevad/readme.txt
data/mypaint-brushes/deevad/kneaded_eraser_prev.png	0d83136f266c70f5fcc9682320bb0f2c00dfb433	eec7d92e570b06fd52b3438788e246ba9179b5f44511261d8e47c1edd6abe93f	17528	preview	-	data/mypaint-brushes/deevad/readme.txt
data/mypaint-brushes/deevad/large_hard_eraser.myb	38cae31a26c1fd918b9e80437b6fcd5fc016ea8b	cf0609572071ad34cbaa2de8ec528e3f87c66f9c89f446d0dc40e49a2255713d	5426	brush	3	data/mypaint-brushes/deevad/readme.txt
data/mypaint-brushes/deevad/large_hard_eraser_prev.png	b8d8d68449618dc8b69c7267ccbd3adef4774ed9	92d4868eebae31555c2961a51a409865e8758316627ec12817eea8930f394d59	14896	preview	-	data/mypaint-brushes/deevad/readme.txt
data/mypaint-brushes/deevad/large_watercolor_fringe.myb	3de572ff641141691a104cb0b03a0cebb6906124	ac8c8363ad37badd006b9c03f698140d04d4b2281578f74b546890a076277e0c	5584	brush	3	data/mypaint-brushes/deevad/readme.txt
data/mypaint-brushes/deevad/large_watercolor_fringe_prev.png	624e1277c9e75e2a84128585b9ec1714e7def995	3d7284912d9a534b0ea506c9dd2c46613fa76207f54b2365f630a04be0027d0e	18605	preview	-	data/mypaint-brushes/deevad/readme.txt
data/mypaint-brushes/deevad/liner.myb	46e868fba9c3327cbfd1dadc4b99d0cc299a95a0	2253f602c722c4e8c5390a43ca823ed689af630a693cad00f68dc5f7f331a8b4	4840	brush	3	data/mypaint-brushes/deevad/readme.txt
data/mypaint-brushes/deevad/liner_prev.png	d30843451e8fa637b1a0c8fa73b90368d7ca658a	70b6202bdbe42e63f598fe528f7183e081d1fa1cb7fa7b1c3ed51ce8a44f70c1	20752	preview	-	data/mypaint-brushes/deevad/readme.txt
data/mypaint-brushes/deevad/only_water_fringe.myb	9132b447b278315ffc16affd05709cdec977bbba	74f260e9667481b6d9e77541c9c09b3910c8343448a57a8e9b40e15f0051184e	5558	brush	3	data/mypaint-brushes/deevad/readme.txt
data/mypaint-brushes/deevad/only_water_fringe_prev.png	19563bd8524f02561fba91b10f8307e2a89fadbe	61c63712bda77f22f2026828a708e0f2d4b8a91d56f336e791d5745075233a7f	18322	preview	-	data/mypaint-brushes/deevad/readme.txt
data/mypaint-brushes/deevad/pen-note.myb	a3a92aa4f5621bd1d170dc0932ccada1ef94fef0	d97371af518012c7322fbe2eb6622d2c77330b928e19c3ae9f7c527a529d1969	5898	brush	3	data/mypaint-brushes/deevad/readme.txt
data/mypaint-brushes/deevad/pen-note_prev.png	184693842dc4453043a8d04778bbfe922a9062e9	21593853c741d13d82fd5ce3471535725c79d29d9375bf006263ace177ceff11	16093	preview	-	data/mypaint-brushes/deevad/readme.txt
data/mypaint-brushes/deevad/pen.myb	cffd5c1fde84a81b6310791e7655522d48235110	67b7a46243713bc8ba08586215962bd13e54ca2c7849f3d8379c45b580b2e7d0	5836	brush	3	data/mypaint-brushes/deevad/readme.txt
data/mypaint-brushes/deevad/pen_prev.png	660a32c25824a79a9acf9f1c674f047bc43e808e	bf952a48d66c3319b20a0ec5fe723597793559cdbb47723a21a668e510327a28	19388	preview	-	data/mypaint-brushes/deevad/readme.txt
data/mypaint-brushes/deevad/readme.txt	ca68ce3e83f95db45299f124c640032e2247de93	beee5b2197aa7d31024c5ef73fced8f5a874d10bcf268f65b539e44f9ab36a21	771	notice	-	data/mypaint-brushes/deevad/readme.txt
data/mypaint-brushes/deevad/rigger_brush.myb	cc542f62cde13a584cffb592f32f63946eec918e	71c349d51b14d7d270990246312c19a9bb001a209db75807cbd500317a17a398	5824	brush	3	data/mypaint-brushes/deevad/readme.txt
data/mypaint-brushes/deevad/rigger_brush_prev.png	6db91b125a6a143380ab987f9084968b727600fd	3db8959f33059cdef03acd1becf929aab1f549fc438b3c64df19231ba4dde7e5	19378	preview	-	data/mypaint-brushes/deevad/readme.txt
data/mypaint-brushes/deevad/rigger_brush_thin.myb	e1c511d50fdf3d330b074557bab92a6e739721ad	64b44f6e59a4ca5a5ed76269bfe6c5bcb5d7d281eb2060615e4f125fd69f7d23	5852	brush	3	data/mypaint-brushes/deevad/readme.txt
data/mypaint-brushes/deevad/rigger_brush_thin_prev.png	16dc0a89aad0060e1861757bfb954cd2ad688e88	235fbe2895b80e93a70b7db8d87460ba642fcc5aee4e0f7d0c7f276837d3d353	18996	preview	-	data/mypaint-brushes/deevad/readme.txt
data/mypaint-brushes/deevad/rough.myb	35bd670e3d0374b0ec3466ac3061750e73abd0aa	2f137c533224575e8d511f28399bc40753dbc2ea65c4809d50f763c391f3ef13	5856	brush	3	data/mypaint-brushes/deevad/readme.txt
data/mypaint-brushes/deevad/rough_prev.png	a1dbb92ca851272aed7e9619cf2c91d363ab88dc	a3148c192fe561382a9c7839c293b0f9407ed72ac791b6df4712826bf7b33b79	14895	preview	-	data/mypaint-brushes/deevad/readme.txt
data/mypaint-brushes/deevad/soft-dip-pen.myb	2aa1040980fbb2f4aa6fec2fbfebcd4ad2d33b5c	4776088cd851bd40973a77e20610c0c0770829fa195ff54b568df68a85c2cc67	6566	brush	3	data/mypaint-brushes/deevad/readme.txt
data/mypaint-brushes/deevad/soft-dip-pen_prev.png	2d9f249e7444b63226a34ecafc1e96a686895612	ba2f1fe81a581d4a5413cafa9aef6dc83c2ec3a8ab83cbf5e0511a77448e44d1	16913	preview	-	data/mypaint-brushes/deevad/readme.txt
data/mypaint-brushes/deevad/sponge_smudging.myb	1c54048e92bced0b7eafefeaaf1a3f7320bbd886	efc97b42934731ccdf560b77681f0a04a4e3ad23b840577d62b004a7faf20242	6076	brush	3	data/mypaint-brushes/deevad/readme.txt
data/mypaint-brushes/deevad/sponge_smudging_prev.png	7653555a24412f89d23f91bc7cde89b562446609	4cac1d1737bd9383eeaabe1dae7165f3a9ea78b0a3b6dbf4f82ce654eef13c88	22826	preview	-	data/mypaint-brushes/deevad/readme.txt
data/mypaint-brushes/deevad/spray.myb	9f5593a2c9c933439ec3bf8f30355850a0c70e4e	f2eca9ca3cfd05dccd4b34f5a66e2e09f0a173bc27036c82c88db8fc381210bd	5624	brush	3	data/mypaint-brushes/deevad/readme.txt
data/mypaint-brushes/deevad/spray2.myb	9417b0892f9de94b3647f795ba5536a80d749765	be98ffbc64b573716a13ffdcd307306634b7db4ec3d1115f49c50ab7846ba120	5910	brush	3	data/mypaint-brushes/deevad/readme.txt
data/mypaint-brushes/deevad/spray2_prev.png	0f92af7640ef3e15c564f14922673a7b92641aa0	2a630ff1f3eab9a69634fab40d38f7b63d4ffd2b257faabaea46ab4ec86f65fc	23774	preview	-	data/mypaint-brushes/deevad/readme.txt
data/mypaint-brushes/deevad/spray_prev.png	2447deffa3c44688324ba7b97b596ec017a46339	d68999e2f09c00fb712243b942af52442f3ded3e503a7810274f0be0012003d4	24931	preview	-	data/mypaint-brushes/deevad/readme.txt
data/mypaint-brushes/deevad/thin_hard_eraser.myb	2622a79090dd69b9aabcd486869a23aeb826814b	ada6f27e519c1e2757d5ce39613354312b22bdaf03c06b1bfc0b11a0a0040546	5426	brush	3	data/mypaint-brushes/deevad/readme.txt
data/mypaint-brushes/deevad/thin_hard_eraser_prev.png	c039bbf58e0d4b76c1bdf95575370bfa33f9996f	24f9e3366aae3e3840fd23cebae1184679e6f6e7b2fbd937404bf558c7043e3f	16351	preview	-	data/mypaint-brushes/deevad/readme.txt
data/mypaint-brushes/deevad/thin_watercolor.myb	34cfbbaddd3debdfec06090a42d3e6443bf97312	2e22787574b9b19dda0c21ef0c6b6ea73a470f9150dea50b04afea29647cc175	1329	brush	2	data/mypaint-brushes/deevad/readme.txt
data/mypaint-brushes/deevad/thin_watercolor_prev.png	b0267ad1b1080a24e7bdc0100d3a9ef80407cddb	b8bec7d4e2d89a2da7856f2d3e6966928917b330e0d2f61756c79835195cdf4a	17227	preview	-	data/mypaint-brushes/deevad/readme.txt
data/mypaint-brushes/deevad/watercolor_expressive.myb	2402e51e2cfcc31980bf4ee52aa39e6c0ee8fb23	500cd7cc229651ee8440fc8f43393f83282505a4761ee923a85727c88405b1db	7887	brush	3	data/mypaint-brushes/deevad/readme.txt
data/mypaint-brushes/deevad/watercolor_expressive_prev.png	da9b8cbe4cea68696c6882c6775bbb38ca19b5c9	da994c81eba61908c63956d76cd2d8d2cb0f25d48698bf5d393963b529928a90	21150	preview	-	data/mypaint-brushes/deevad/readme.txt
data/mypaint-brushes/deevad/watercolor_glazing.myb	c8945f8e0e37c0943ada9e554b65e3c99f30372c	6e3339ccb2b6676b3ca7e49a5673f161787d89b9180d469156905873dd41738c	6155	brush	3	data/mypaint-brushes/deevad/readme.txt
data/mypaint-brushes/deevad/watercolor_glazing_prev.png	834144d61737c8e2eb44a4c3a9b51fd1e194a371	8f11a7664a07fbea9677d2c4bc41c01e8b56a19f887ded838cd10ba0ed51e56f	17827	preview	-	data/mypaint-brushes/deevad/readme.txt
data/mypaint-brushes/experimental/1pixel.myb	cc83fa3ba9624246d57e83eca08c12821e02453a	94ab89ec839a46d5a1f008b5ebcd48d26fa9cd4939fb2d6428384eecc119cc72	6283	brush	3	LICENSE;COPYING
data/mypaint-brushes/experimental/1pixel_prev.png	5a3c68e96dcde37736b101d7756cf787ca6ea321	5136a54528c8b25a3b696bfffecae95a229f056af78a161c2783de04d9b13240	2937	preview	-	LICENSE;COPYING
data/mypaint-brushes/experimental/DNA_brush.myb	02f6be9cf44090aaf48a9d2bd9a57540b54c17d4	e66907ca453fefa4b2b0d9a010c405f05509bce7103aa2330f1cfe9f28854662	6705	brush	3	LICENSE;COPYING
data/mypaint-brushes/experimental/DNA_brush_prev.png	c695e23c687761ade856f6a265b3fd1d5aaaebc6	d9340e3395ed7174548ceb9a634cc0220a322931cdc0825893913e3a44caf353	18196	preview	-	LICENSE;COPYING
data/mypaint-brushes/experimental/Makefile.am	ad1ffea0bc72081bad1b4f2aea331a65476bd149	f086940cd3749f2a7f604a323c0a502eff6f50ab6509f840801739b52ead573c	1093	support	-	LICENSE;COPYING
data/mypaint-brushes/experimental/basic.myb	2283362de5a1c9686d9259aa9bf4cf6b300a6d62	76e37d5524e294f9703f9f71163e68a5c626208f7b901ef5ff785c0ab48f7555	4594	brush	3	LICENSE;COPYING
data/mypaint-brushes/experimental/basic_prev.png	d3a9cefa151011c13c21e458ca18bd61ecbfc8ec	0fcfcf35ceea41d3be093063d0fb20cb36aa9d7b11a41c14c16b26a7ecc78f4b	5531	preview	-	LICENSE;COPYING
data/mypaint-brushes/experimental/bubble.myb	0bec9acf93ed1af7c9a6197b5c8a1ec27cfe1c4d	3cec534682f144a567ad03139491de6a320f5a0850cd05eccbc4f41f7f08b175	7661	brush	3	LICENSE;COPYING
data/mypaint-brushes/experimental/bubble_prev.png	1f554150d415ac0e944f952ac5bc69e071bf52e3	dad3bac1362798a5e14b894514c03da5d3129d8a56503c77a4c34ef741e27628	9151	preview	-	LICENSE;COPYING
data/mypaint-brushes/experimental/files	63a6339823e55b01e425953b2c73cc1b599a8d11	235a8856802d44faec27081ba797feae71caac45177965ec35e91a3f98f97bf0	932	support	-	LICENSE;COPYING
data/mypaint-brushes/experimental/fur.myb	65cf214b0daaae27edd66531fbda541b712ab301	e6ff3417e6caaa0e706278b6bc6d8496082ed24fecd242b8c91390df1bd9196c	9692	brush	3	LICENSE;COPYING
data/mypaint-brushes/experimental/fur_prev.png	91bf05cf624f5ef8decf04802bde06f8c2f593b5	91a801b88c8e258e303232b85bc9c2c7583ec8c0f2fb4947af3d745685e5af34	10903	preview	-	LICENSE;COPYING
data/mypaint-brushes/experimental/glow.myb	8974018147d49d9e5e6daada96a21aae16ed96ba	d7bf9f6245a77968e27c059b49962a0d79caf1a2feb84f8f7b6194dcb2c4906f	5865	brush	3	LICENSE;COPYING
data/mypaint-brushes/experimental/glow_prev.png	6a71f0fc87f385b3f8a10b689d360daef3cd911d	9be1a8b58c50f1a686178879150a33ceaa5a67213532f04d66e1056debed35d3	7943	preview	-	LICENSE;COPYING
data/mypaint-brushes/experimental/hard_blot.myb	a8ffe8e22a53b9669d46bc5812be4cc4d01f120a	5e96b9be1673d90e53dcbb2550309274c432964f148b9b9cb6b39238e8384769	4592	brush	3	LICENSE;COPYING
data/mypaint-brushes/experimental/hard_blot_prev.png	7613d83f6002c8d44705f9e56bf70c6d80ddd160	ab8d2605f48fb818de630c379e136d4c0119a3a51256166ceb3ae388dc00f07c	9685	preview	-	LICENSE;COPYING
data/mypaint-brushes/experimental/hard_sting.myb	e83912b6091aadc95753e4c66fcf5d01cac05dfb	c579e4653a7cc307c3bf257a7826a6f708ea81c07b10895a862a5a56afc2cb85	6545	brush	3	LICENSE;COPYING
data/mypaint-brushes/experimental/hard_sting_prev.png	bebdc16ae44b07f6b9535bf2a712d0d30b86fb64	ea2f0f217697a24d11decd5d9df96be6a6aa0e09913fc60730b626d9964896ac	14056	preview	-	LICENSE;COPYING
data/mypaint-brushes/experimental/irregular_ink.myb	aec1fdc052c0d8f7c76ba1cb5ca2de46675089da	19c65c55de687a31e5e5915b29e2ccbcdada32a04dff09797ad46bda4c13c151	6423	brush	3	LICENSE;COPYING
data/mypaint-brushes/experimental/irregular_ink_prev.png	249f6f6b8530fdd5f66d50789a1da576232b5a90	9e803865b05c540ddbd30affb429a45662bbf8aab789de1957106579e9770c5e	13722	preview	-	LICENSE;COPYING
data/mypaint-brushes/experimental/leaves.myb	42809a5f9769f12c14cc76a98aab88aec43cf53f	e46517120bb63f18b786c6907e37dac37cc640d2c4c5f2f6e9918b8ad0bc750d	7861	brush	3	LICENSE;COPYING
data/mypaint-brushes/experimental/leaves_prev.png	c071a57e2c63db895b359abcf66fd1683915ede7	7f6890df4ea6208b04fb18db4b26b2d4f5d003d83f42560f003344ad7cff8cf6	11856	preview	-	LICENSE;COPYING
data/mypaint-brushes/experimental/particules_3.myb	59eb476f0c2f00d50bd1d37d15a937a1aa534b18	8b979922f8ea90bcfc0b17e20c3af741ba93faf30a91a8c5a977886449d95256	7874	brush	3	LICENSE;COPYING
data/mypaint-brushes/experimental/particules_3_prev.png	cc4fa69bf9199bb3488143f6bf643b3b3983ed57	40b6e55c2deee670256534877e6e1d30e1629ad7b78fd0f8300ae452dfefa900	16226	preview	-	LICENSE;COPYING
data/mypaint-brushes/experimental/particules_eraser.myb	cf7d1e28f81251404911234bd5d4f0ee12c3713b	bf1138b8e7bdf25d6cc111474895fdd7953520d4068001d375f49270bae7465c	6692	brush	3	LICENSE;COPYING
data/mypaint-brushes/experimental/particules_eraser_prev.png	d2572b4f96c7f961bb1908cfc363608e1221de97	f3683932d43c3c2815efd4c4e04f7ea0939e2b1e1538dd5feadbc00a08268f21	27238	preview	-	LICENSE;COPYING
data/mypaint-brushes/experimental/pick_and_drag.myb	4b6fe2aafb378966729a71eb8be11a0204228bb3	729b7cd7dc9b1cffef6a86b50d79bc194ae32d86317b81cd709aa5e3460d610f	7075	brush	3	LICENSE;COPYING
data/mypaint-brushes/experimental/pick_and_drag_prev.png	141ea9e6db1089b498d2f5b07032709718f75bcb	62d861eeddda107cb7c91593c71723a297806d8961b7b2b3df8bd38f87c7bf96	11706	preview	-	LICENSE;COPYING
data/mypaint-brushes/experimental/pixel_hardink.myb	6fa68989d49c2eb68a72c3f5bb192bf0ab785ac4	d8aaceda59b6bcd4fe9bd019a6cac61e38e7727720468e21e0d9c5f47ca01380	6776	brush	3	LICENSE;COPYING
data/mypaint-brushes/experimental/pixel_hardink_prev.png	5a253969d4d74d0684dcdc444724a980e40de3ac	73f8b3136cf31c7003d77865a3a161db396531d12bd97564f2188e2b3b1813f3	6981	preview	-	LICENSE;COPYING
data/mypaint-brushes/experimental/pixelblocking.myb	ab1c15c3cdd30f9b86c2b81a35167d9ae2402105	7071745fb0bba4d3ed371267e99d0789779d016a005636f5cccd33f075afeabb	6289	brush	3	LICENSE;COPYING
data/mypaint-brushes/experimental/pixelblocking_prev.png	c5436a67285c92b39269a419bafcf1529394ad14	ca91528625c6e05a281a4c50f841ec089ac91f99c7859204062683a9f3ae96ce	4109	preview	-	LICENSE;COPYING
data/mypaint-brushes/experimental/sewing.myb	f351f3cc612fdca553f140c0850d824cfd191134	9a2cc5c530a36dd0ba131a9c8942228a6c6ae2aa8aeb351e1c8966cfa248b468	6120	brush	3	LICENSE;COPYING
data/mypaint-brushes/experimental/sewing_prev.png	234ab80a30b6f77fa742259061bcb175022fcbf8	ff44d9942736e8a1a5f9efa3db9fa0c8975bac55c32625e693747669539d1815	7667	preview	-	LICENSE;COPYING
data/mypaint-brushes/experimental/small_blot.myb	ed1d3539606e26a370486e862196efc566b62d55	18c0159fbc761ad7665d97038b24fc8fa02e37103c636de00b1693f81242bf49	4861	brush	3	LICENSE;COPYING
data/mypaint-brushes/experimental/small_blot_prev.png	4f3a96c98324cd338bb265ae36df6bb2ea086eea	d8ec9bcf6cfb33b5aefac327deea95505226bc81a55f3761b3b179746336943e	5490	preview	-	LICENSE;COPYING
data/mypaint-brushes/experimental/soft.myb	662c34673ea815a00785d69bffa749789dda382c	3fa97d4a825bfeecefdca78cc07b5820ddab9b6c0863accb0b2695de0162f9db	5620	brush	3	LICENSE;COPYING
data/mypaint-brushes/experimental/soft_irregular.myb	8f429c483dbe3063eb744d4d209d216084cd1755	532c466fff68457aa30cdbae634ae0627b2570fe28123b0d8ec0e53234b3c8fa	6151	brush	3	LICENSE;COPYING
data/mypaint-brushes/experimental/soft_irregular_prev.png	9ccd1705740a43fdb57912545554af763f56d2c5	d58c27d3ae6971cb475142b59b699fdcf3ed4d08d0bd0d64ca72acd8415811cd	7267	preview	-	LICENSE;COPYING
data/mypaint-brushes/experimental/soft_prev.png	befb8a7b96977aea182f3a243adb200315a76632	3cbff04b6cd382f3a23aba59fe7bd998f0203a64dd64de29644f643a346fa60e	9852	preview	-	LICENSE;COPYING
data/mypaint-brushes/experimental/spaced-blot.myb	5f534a219551538640f68c16b8108ea3dba5b521	775cd49613f3852e8915fe1b672c8609fc284e0ae4425dff34f7db8eef1ff18e	5640	brush	3	LICENSE;COPYING
data/mypaint-brushes/experimental/spaced-blot_prev.png	64a2f47a6d9be571e38c15bba8540b051165b53d	3b03118734838b8777ad1d1f4587676d3ac0ef102d3190154b4e533fbfe91deb	12934	preview	-	LICENSE;COPYING
data/mypaint-brushes/experimental/speed_blot.myb	5998c3740c605e86cbb77b26d3168184b574752b	73e0921e9066a8173f5eb06ad5cde814f26e5a664faecccc5c66119eb8166e89	4868	brush	3	LICENSE;COPYING
data/mypaint-brushes/experimental/speed_blot_prev.png	420cc630574b44dcacb378813379d689579fb558	3da2755f39a7c93a1e63f2619531e8e64a7cc00cbb21fa9cf445e1f48b862782	10615	preview	-	LICENSE;COPYING
data/mypaint-brushes/experimental/subtle_pencil.myb	92c640e0932605e1d555b959ff4b0bf75632f740	f31be1235ae1cfc1bfb9fc4e229bb42cb5e31d213f6eae8b7d2f525a48965f76	6656	brush	3	LICENSE;COPYING
data/mypaint-brushes/experimental/subtle_pencil_prev.png	370aae327c7756e0f18023daac2dc93fa58c084d	fb734d08d2af88af117ab4690de9ed7f10535361abbe6ea0dc4908bf32efc04b	7699	preview	-	LICENSE;COPYING
data/mypaint-brushes/experimental/track.myb	eddd8b434b6699f6385a7ff6f7ff827498642962	cc752af4598515da26d952978b6add7fc316244e5901b43cef877217a0a1a66c	5092	brush	3	LICENSE;COPYING
data/mypaint-brushes/experimental/track_prev.png	7eec85f65277164acbe07f21146b6ff36ce67b0e	3fe356c861a4b5f5d2a894ce3162f51d5b8a5f6a982a29c526e73e40a4b355ca	9070	preview	-	LICENSE;COPYING
data/mypaint-brushes/kaerhon/Airbrush_a.myb	6c2a3e99aa7692e0ed1c8a190c2b6f85583e2065	57cd60a8e45100c5ebc1d95a81f0efe2832c6630d29cc0e2ffa75ba585e9364a	5840	brush	3	data/mypaint-brushes/kaerhon/ReadMe.txt
data/mypaint-brushes/kaerhon/Airbrush_a_prev.png	55d0ab1773ee051805758ee4879fbf84191ff6df	f20d0f72101aa57226c70b7ed7208b0a7ffc64c5413fd54cf2efa4ae1f82876c	5499	preview	-	data/mypaint-brushes/kaerhon/ReadMe.txt
data/mypaint-brushes/kaerhon/Dirty_Transparent_sk.myb	2b878ea0033bda0f509833ab160b7eeb8d58f270	c9fd5d9f2e6e883b7a3935ffbc5c09ebcdd339eed735da2da4bc21122d671a95	6241	brush	3	data/mypaint-brushes/kaerhon/ReadMe.txt
data/mypaint-brushes/kaerhon/Dirty_Transparent_sk_prev.png	5767f46eb922f50904cb3c11b05106bd4dda525b	5c7ca57a8888702f5a8002a3437a7e8145336beb61e8390f0951dcc35a79c831	4585	preview	-	data/mypaint-brushes/kaerhon/ReadMe.txt
data/mypaint-brushes/kaerhon/Makefile.am	ff1ce29dc22560969cc7c0495d8e9019cefa1f77	b19e56228b62f975f87f4e202c63f538264945ba462d4597dee177188dbd1231	1119	support	-	data/mypaint-brushes/kaerhon/ReadMe.txt
data/mypaint-brushes/kaerhon/ReadMe.txt	c8ff7ed492c5c55f593f8c5be57116bb0018000d	147a9a3648e4616cf0a52ad82e0214e1bb6a290f4dc77dc25fc100a5b89241a3	88	notice	-	data/mypaint-brushes/kaerhon/ReadMe.txt
data/mypaint-brushes/kaerhon/Sketcher2_sk.myb	3cebd483e3b6ed5d25774f0f5a7f5754c1c11fc6	94adc5a6ed5d0ed97fac8053f7f659e7151a93af4a0f1ecb6abbb2efaddf9d1c	8104	brush	3	data/mypaint-brushes/kaerhon/ReadMe.txt
data/mypaint-brushes/kaerhon/Sketcher2_sk_prev.png	a61bb5054b96e7f05877fff5287d5af3f77289f6	3c7533f2f965c210e3d5f106ab1e3bca21982b31f30c9bb3fe3a35fea43879ed	5878	preview	-	data/mypaint-brushes/kaerhon/ReadMe.txt
data/mypaint-brushes/kaerhon/Smear_sm.myb	845bc617fdce5c0b0d384420d5df152d865463c1	6d21a6e0d1217e7c1b8cf1eae4b47998f3b2bd42a16a41a485f4ee0b38675342	6557	brush	3	data/mypaint-brushes/kaerhon/ReadMe.txt
data/mypaint-brushes/kaerhon/Smear_sm_prev.png	4756d24b8a4b2819b67cdb9c9b6ef46b3985ed92	5507bbfc6b0677fca1b9362d107e33da701311d08536f3ff25dab0f8ae9fe1f2	4865	preview	-	data/mypaint-brushes/kaerhon/ReadMe.txt
data/mypaint-brushes/kaerhon/airbruch_press_a.myb	a59a19798456818279d2818591b59b20b649fe2a	c269d23950b7034f2db19c3c7700006a661aaa87b4206fb99945c69b67229f8a	6112	brush	3	data/mypaint-brushes/kaerhon/ReadMe.txt
data/mypaint-brushes/kaerhon/airbruch_press_a_prev.png	c549b46d3b66e46ae7da77fbf372551362097d9a	6b4e9366e56d5c28a8ce0e4e6c3ddad4a7e2c886e6f7abffa1963c8279c68868	4498	preview	-	data/mypaint-brushes/kaerhon/ReadMe.txt
data/mypaint-brushes/kaerhon/airsmudge_a.myb	5909fff54f75267d2c6f40fd1dc58476982d7e82	39d14b28f9fb506d74ac2669617752cf816a3e8d7e6f100bccbc8ab05e39bb17	6475	brush	3	data/mypaint-brushes/kaerhon/ReadMe.txt
data/mypaint-brushes/kaerhon/airsmudge_a_prev.png	bdfd9e867667a649a8e427d0a398c4456dc39197	38329e3f553b591e6aa0be72c4fb4745bcaff764eafd550354387e157ce039b1	5705	preview	-	data/mypaint-brushes/kaerhon/ReadMe.txt
data/mypaint-brushes/kaerhon/airsmudgeultimate_sk.myb	bbaf477f60caa54491ae2742e7fba8b140c8b0eb	96d6b487b6b491d79ce4d94e2d2dc7fa973268ca0883c54f7c832d5b3b63b461	7355	brush	3	data/mypaint-brushes/kaerhon/ReadMe.txt
data/mypaint-brushes/kaerhon/airsmudgeultimate_sk_prev.png	1da355e88ec76a80629c70c92623ce0bfbf5f87c	19c15653caf17b980da3356bd43f8ecf4ad70cac4c58bd9037089a3129d06733	4072	preview	-	data/mypaint-brushes/kaerhon/ReadMe.txt
data/mypaint-brushes/kaerhon/classic_sk.myb	40a64198716f46a2992edfccc49dcecd0fc71f57	a22d5404907e48650d4d0ce2caae7d78ef38aed7915d9e2105b9e7a0021f62a0	6849	brush	3	data/mypaint-brushes/kaerhon/ReadMe.txt
data/mypaint-brushes/kaerhon/classic_sk_prev.png	2027ea4d172c722b8960e10b25f821b19b1f8997	fa048bc06541573fe555a677eac0701428c7faec98a2fa4c4cfe2493d7478c88	3934	preview	-	data/mypaint-brushes/kaerhon/ReadMe.txt
data/mypaint-brushes/kaerhon/classicroundblock_static_c.myb	3f87d60311244d3e9d47b448a49514e9e610fd2c	1376f38007ae27ae9e53fb05190b1a457e1857eadccc850cf76804b181cff026	6636	brush	3	data/mypaint-brushes/kaerhon/ReadMe.txt
data/mypaint-brushes/kaerhon/classicroundblock_static_c_prev.png	80ca14b800bd3aeeb34bad02702ea3e520788b3e	a236aa664a8e702a05ddb24c096820430af53c3697754f75aaecd30f5204f3df	6382	preview	-	data/mypaint-brushes/kaerhon/ReadMe.txt
data/mypaint-brushes/kaerhon/extreme_round_l.myb	3b8d53675dbd695990e0c47321378141ccdfe6f3	084cc528d0865c144b0866161c18f7e9b766c16bc18bb4cf2983ce0acae01747	6724	brush	3	data/mypaint-brushes/kaerhon/ReadMe.txt
data/mypaint-brushes/kaerhon/extreme_round_l_prev.png	d3122e454d80e714a6f32e37b4a742c01b002a4c	0d7d020366ca0ea88b51ffe97a1633953bf73b618bc0e79d8421647248941ebc	2261	preview	-	data/mypaint-brushes/kaerhon/ReadMe.txt
data/mypaint-brushes/kaerhon/files	9b5ce39ca19cf1acfd971eb3d1bd5c253bbb9dff	f0fe7483f3edfe854ab85ce38f7b8cce1b74aff528b62f84bbb2f15d6a93532e	923	support	-	data/mypaint-brushes/kaerhon/ReadMe.txt
data/mypaint-brushes/kaerhon/fill_c.myb	dd36501430c915db227c857c86f178e646f9776e	3bc7d677fa11fbc48db5a7a516f2d5011d6310ca4cf572aad99e84ebf119d0dd	5828	brush	3	data/mypaint-brushes/kaerhon/ReadMe.txt
data/mypaint-brushes/kaerhon/fill_c_prev.png	25df6b65c80f810dcf75d8bcbaf75a1bcdec5a60	f04da3707f3f75b43920874a7c938529610f47601950b67af5c9a6f38d888ea6	3465	preview	-	data/mypaint-brushes/kaerhon/ReadMe.txt
data/mypaint-brushes/kaerhon/flat_bar_l.myb	f6a2a44feccd892c511384ad40c462f2e4f0b27a	1d1baecdf02ceee7b0af63bda2e7c8d12f63a380fb86ea8b5bd9ac4de0bee43b	6945	brush	3	data/mypaint-brushes/kaerhon/ReadMe.txt
data/mypaint-brushes/kaerhon/flat_bar_l_prev.png	e9949709dab2c8d4db5b8b0b6df73f327810e8a2	d5d65dad42e87e3a1d0ae8614bfaeb0dafd0dbe96f6b4bddadd97789855aee2b	2542	preview	-	data/mypaint-brushes/kaerhon/ReadMe.txt
data/mypaint-brushes/kaerhon/ink-slowline_s.myb	a8539ebfc41d0b2d3a4111710dd45c36f5dd7e31	5e42d192ac44da020e6380266abf8dc6fa1f402435ca3fcd38bacc93eb667461	6635	brush	3	data/mypaint-brushes/kaerhon/ReadMe.txt
data/mypaint-brushes/kaerhon/ink-slowline_s_prev.png	4377bd0eca84ba8b304c8379460cbadcbfb213ba	e45acfe497997f11eafb216049b954ae658a71476753b437a0d36027f6a14e51	2372	preview	-	data/mypaint-brushes/kaerhon/ReadMe.txt
data/mypaint-brushes/kaerhon/ink_slow_s.myb	c477434d92f83f2a68e4e882d25ac98ac1fa7150	cecbf82cd0293cf2d6265f471b47af5a571f8d41df9d60d1a69f16eec039c2fd	6907	brush	3	data/mypaint-brushes/kaerhon/ReadMe.txt
data/mypaint-brushes/kaerhon/ink_slow_s_prev.png	324befd71448eb1dcec13ac15998c8a7fa94f851	2af037820ef01c1640ccaa191b22fedcfebf85617c6d5ebb94c06e0b65523a0f	4583	preview	-	data/mypaint-brushes/kaerhon/ReadMe.txt
data/mypaint-brushes/kaerhon/inkster_l.myb	9f6c7d166b586fe7cc4395272de2f0c13bf68d16	149052b630e105fbbdd14bd34483281b675a5c4ce5095a9743c989d70caf5dd7	6834	brush	3	data/mypaint-brushes/kaerhon/ReadMe.txt
data/mypaint-brushes/kaerhon/inkster_l_prev.png	5ab74804922dc1383d88992b91e18319f21d4e12	073dab74c48f9ca1a17313cd0101374c8279e0a8d6c8bf4e130c76c7fab22546	3846	preview	-	data/mypaint-brushes/kaerhon/ReadMe.txt
data/mypaint-brushes/kaerhon/paint_barrr_sm.myb	bd179d8e55de0acf17041dfe44597db5386aef4e	9e3672ef8380d08b53f1f7cf43f9c1d8a2ae625d5c4fe2c9c35131b91d1cd77b	6604	brush	3	data/mypaint-brushes/kaerhon/ReadMe.txt
data/mypaint-brushes/kaerhon/paint_barrr_sm_prev.png	b76cc031ddcb8a2958e14a7ff0fab2bc9c9987ee	4642f917a0456d839c461a731f2dffb92611cf60dc3181bcfd50cae59f0f90ab	6291	preview	-	data/mypaint-brushes/kaerhon/ReadMe.txt
data/mypaint-brushes/kaerhon/paint_radius_2_sm.myb	00542f56712fb15cd2b6d6504028b711e849f858	b44f74019c643b5b69dc7a3a1f15e5c79a418da0001513b668cc46ed91de5363	7180	brush	3	data/mypaint-brushes/kaerhon/ReadMe.txt
data/mypaint-brushes/kaerhon/paint_radius_2_sm_prev.png	c430790fc2af80d524feb38f6ee98314c105da7b	8d14f2b4cc66489f4fa8e69364589198f5c7eebb255c36ebb09495ca4c05c94c	5484	preview	-	data/mypaint-brushes/kaerhon/ReadMe.txt
data/mypaint-brushes/kaerhon/paint_sm.myb	c54d12107591321874db3904279797c3c955976c	f64d81681bd01f4e7ff07d14a20aa8c4b8df1d40c11c5690d86d898e70023f62	6870	brush	3	data/mypaint-brushes/kaerhon/ReadMe.txt
data/mypaint-brushes/kaerhon/paint_sm_prev.png	b73a0aedc5051cc29660c19a8cde64f6605d4c71	ebf9173d39e9fea6e398a12b7327f4e8cb024c424c185e7f6e8f35e19bdf45e2	5630	preview	-	data/mypaint-brushes/kaerhon/ReadMe.txt
data/mypaint-brushes/kaerhon/smudge_ink(0.7)_sm.myb	c989fe517fadecee252bbfb57a00089d30a560fd	55fda8ffc675b945481fe3af9a192dc1b28df82e071df02809022e90852a972b	6281	brush	3	data/mypaint-brushes/kaerhon/ReadMe.txt
data/mypaint-brushes/kaerhon/smudge_ink(0.7)_sm_prev.png	5bd8a44be66bb99b46730b00b2f78c87e1dc2d4c	9589553417cabe67f91255f36e1e0c772166db8bebf20ccd0281de6560793ca4	5134	preview	-	data/mypaint-brushes/kaerhon/ReadMe.txt
data/mypaint-brushes/kaerhon/wet_paint_sm.myb	c4fad9d68b9c114c56c5462c27fedfa46c867989	3cf824edb18bc25e3c92f78fccd52cd6b3491bd40ad5404ff14a3277828d13d3	6302	brush	3	data/mypaint-brushes/kaerhon/ReadMe.txt
data/mypaint-brushes/kaerhon/wet_paint_sm_prev.png	ded71b9d60315616513bc30bd07caa160a78528b	c2143cea2a2fc64aa73570c1c554f3206e1fc705135de9a28c15c5791819d5df	4852	preview	-	data/mypaint-brushes/kaerhon/ReadMe.txt
data/mypaint-brushes/label-brush-mypaint.sh	b640164fae398977f576b30550492dfb4e2e8e65	ca47157a7d4e7bcf39e026e8176e53879acb8cf35fcdf365f5960af05658c831	604	support	-	LICENSE;COPYING
data/mypaint-brushes/prev-template.xcf.gz	3cd1bd9a2058d5755f0c0e10bbf05caec776a118	ec999b92e623eb7890eda5099758d7306b9508189c9a4c5be1a99c2255c43f94	8890	support	-	LICENSE;COPYING
data/mypaint-brushes/ramon/100%_Opaque.myb	939be0ce2b84b1b6a6dbada2f34fa490c5da6107	aaa0a74ddc9d1b809b93599f1cae6cc0c0a282d76af4661d6ba171275fd55b16	4837	brush	3	LICENSE;COPYING
data/mypaint-brushes/ramon/100%_Opaque_prev.png	6b4b8169374141a26de20e119bd29ba89b71b42c	0b65ff8aa934be6f5f6e3f5d0f4879da9736e10847451ff5a97f39abfe26df90	6991	preview	-	LICENSE;COPYING
data/mypaint-brushes/ramon/2B_pencil.myb	28dd91f73325a84e4281b5cae8c02dcc98653b11	86af806369d96adb2731e729073a8a93e2022678aa8771e5bf68af135306b130	5621	brush	3	LICENSE;COPYING
data/mypaint-brushes/ramon/2B_pencil_prev.png	6020ae9f01996ba40c5e0eaa47ccdc2f9b7e18c8	2087d0c5e8ff946432125f85f480351ccbf888657be6f17f5754f338948d8ba3	16008	preview	-	LICENSE;COPYING
data/mypaint-brushes/ramon/B-pencil.myb	daf65acad90c49e1b66b531363eeeb9e1bfd47df	5e91d427ac494ca2fae34553b25e3a5ea573c23419cbd6c2b6c73f8e5c64934c	6202	brush	3	LICENSE;COPYING
data/mypaint-brushes/ramon/B-pencil_prev.png	d5ad20e1189f5689dbc69a08ddf7a88b9953047f	7c5430c47ac7b3a6d0f37bfc2ded52d2c4fba5eedfe3a6615747dee71011f84a	11998	preview	-	LICENSE;COPYING
data/mypaint-brushes/ramon/Beamlight.myb	598c3580169f3ed84fa943ef599f9b0c81151f90	b114178cfd4236a32821bf1f3f047d343222f993455df61b46d3235d9cb3e079	5936	brush	3	LICENSE;COPYING
data/mypaint-brushes/ramon/Beamlight_prev.png	a78f1ab9ae97ccfb2f2aaa0891c1e3950f187e3b	4385b0cee53e35c31af7c841f3e9c784454f3a86dc043f5b596cc1be978feedc	15316	preview	-	LICENSE;COPYING
data/mypaint-brushes/ramon/BigAirbrush.myb	b99688f208f9e25d7d649c0f699e083507bdd85e	fcc46357748ae844d76d3db8e336d193daa42f418659e907ba5eae9d76069a76	5112	brush	3	LICENSE;COPYING
data/mypaint-brushes/ramon/BigAirbrush_prev.png	8ee9146f76f7147ec9a1533bae7024c856eb69cf	8ddc03002960ab27f8aac4869f4778bd515e1fddd174e8952814e70f77a11f84	14871	preview	-	LICENSE;COPYING
data/mypaint-brushes/ramon/Blur_Fast.myb	bc84f82dcbab8c9cc90021881bb37417b8d94fa3	431ba243d2cd3587f70d920ab5a6b43a532c3578b30efe59f5ff6df5c67193e2	4879	brush	3	LICENSE;COPYING
data/mypaint-brushes/ramon/Blur_Fast_prev.png	34a33a019b9176ee632aabb38440496759616321	048addb0c02cc41699503d3f75e5e162a8c05f0c104b06f2ef81501c95dcb091	7368	preview	-	LICENSE;COPYING
data/mypaint-brushes/ramon/Classic_Paint.myb	18f29744007c1c7ca3c67aa1a3b2de2074f8709b	7eff2d418e360b13c4b8c8d34ce5fc22c00ddc424a58c20f523da72a5ceffaba	6747	brush	3	LICENSE;COPYING
data/mypaint-brushes/ramon/Classic_Paint_prev.png	8db33cea67e5bce736fa057ce2851aa4ba122c42	f5ccab4171dae7c0eff833cfaea14f3f0be1e7febe4ba98db8ca5a6deac2e64b	11263	preview	-	LICENSE;COPYING
data/mypaint-brushes/ramon/Clouds.myb	4f8006100734f70dcc2f5db1e63e6af4f0ff6f01	319117c9a691bd0062a6026b317bb044c0545e4eb951537f20090446fcf69759	6778	brush	3	LICENSE;COPYING
data/mypaint-brushes/ramon/Clouds_prev.png	b481ce7a0b860346d4df0106637a7f21d3fa1142	1ecf5fde3e07fc9b0962b354a63cba56420f06c6fea521967665c612f1249d2f	12460	preview	-	LICENSE;COPYING
data/mypaint-brushes/ramon/Delayed_.myb	ef5edd5f595ff331563f807ee8f52c997f0655d1	ff7a366601f6d88cb2d70f428ab8a3122879f7aa8a96f8e9916a4df36c049b6f	6145	brush	3	LICENSE;COPYING
data/mypaint-brushes/ramon/Delayed__prev.png	f75c3f660ed75ba86c2174369f36dd982b5ad540	5f36113a336d18b7889093056c44ddc9e0caa778c5157d3ce5882a2bbaf2511e	6746	preview	-	LICENSE;COPYING
data/mypaint-brushes/ramon/Dirty_Noise.myb	d27ba1793e7fcf9af68a22ce08215599cecf5d84	f875ce813746227bc67663bea9ca7a6660c9b2f02f77e9bf09f0a8bae155ee3b	7360	brush	3	LICENSE;COPYING
data/mypaint-brushes/ramon/Dirty_Noise_prev.png	7bc0a2e26a1a03ad01ee1bb4faebd811fafd705e	a3268cacd1b09ff7c473ff59504fadf74094118f082c53c4b1c198470895b7b5	15534	preview	-	LICENSE;COPYING
data/mypaint-brushes/ramon/Glow_Airbrush.myb	9e8bbff03bf4b1862dcfce5ddef697e3afae1ec4	35d76e83a107d09868d68b56f082fa27e0eada44b17df24f1e9cac080d8467c3	6503	brush	3	LICENSE;COPYING
data/mypaint-brushes/ramon/Glow_Airbrush_prev.png	2ab739235feb758931b3fc09030d0d407c482992	e9a1e64ecd2bdb020bcd97c4f34cd6f558f2a3ca2608387cf050779f29cfc39f	15823	preview	-	LICENSE;COPYING
data/mypaint-brushes/ramon/Grain.myb	650eb09e2924efa452fcbb1a4239c70f1f71975d	9da0965e5ef94b8dbab13a6e14e84fe1e08f6460ae7d1dc8933b9508b9e1a3cc	5639	brush	3	LICENSE;COPYING
data/mypaint-brushes/ramon/Grain_prev.png	1a5e9998b5bda77f40065506fe1d97eb58fae14a	4e2ecfa130611801f1f277fe7bcf8cec26a199b6f256a0475a96cf6b901369d0	14261	preview	-	LICENSE;COPYING
data/mypaint-brushes/ramon/Hard_Eraser.myb	1c35b986e8a12863a013cfad62d4045fb3843ff5	cc7ef3d655f8fdbbf711689983f6e5136cf97d3aa68242c78c57a13881347280	5951	brush	3	LICENSE;COPYING
data/mypaint-brushes/ramon/Hard_Eraser_prev.png	2134b1e69bd67ccd399c2d7e40f444502faea301	eff50becb0044b213731317e133e1dcbb42bc645046fe5a8739a5c29dfc33883	9338	preview	-	LICENSE;COPYING
data/mypaint-brushes/ramon/Knife.myb	6c165798ca4e66aa77d0263d31706e42827b5160	2f5b98f04ca1e40810991e44cd894b4bf8f0c82e7727ce89db568ad492b4c972	5643	brush	3	LICENSE;COPYING
data/mypaint-brushes/ramon/Knife_prev.png	c9bf0e315f2840894579d8b40218c99bf2dd7a8e	c61870dbf082de9c019f21d0d9245f10aae62da4af5dbd29c70cd1d2de68d82d	9313	preview	-	LICENSE;COPYING
data/mypaint-brushes/ramon/Makefile.am	dff1e44dee2c1264ee90030d06c56b7d78da0a86	51dae491b7335c72756b768d908b7802d8a28e4a3405e5aae02d28099d9fda7b	1207	support	-	LICENSE;COPYING
data/mypaint-brushes/ramon/Marker.myb	98dbc6979be06fbd22f798c8294bed206434dbbb	d94ad92eab476ef122baf06f4e9356c8210bfd622aa429304638b6a5aea119e2	7835	brush	3	LICENSE;COPYING
data/mypaint-brushes/ramon/Marker_prev.png	804051f8f807b6df5947634a31500c6a79ca39c2	c6847a285b2b3a537d6aadeff5b8bf20e82d477c751f20fdce6ec216b787fec9	9219	preview	-	LICENSE;COPYING
data/mypaint-brushes/ramon/P._Shade.myb	3b169a8cfd69c7720ef3938567ff3d742ab4928e	e4f4994e3ee656722a961cd4bb4a4a1181a71fe3b128291d53549b3a5cc474eb	5692	brush	3	LICENSE;COPYING
data/mypaint-brushes/ramon/P._Shade_prev.png	baa2b19cb92e44142c48aee1419a6015f34b1ada	8424304a197e2f2a9e06cb9b18245b2327f29b4efec3c0d0976a80ab195150fc	17863	preview	-	LICENSE;COPYING
data/mypaint-brushes/ramon/Pastel_1.myb	63e9ad5d1739449db21f6ebc48bc0d4bf1439d19	18943ff7d9779bbe54bde396e8866a77d5cbf2a8e9053e1edfa5f82deaff6ae5	6496	brush	3	LICENSE;COPYING
data/mypaint-brushes/ramon/Pastel_1_prev.png	d489cd951911ef9c568968af23e09d2a1f73d80a	b08fdeb529a2957234cad11fd820c033bdc3d50f9bf6f02980191a536343a2fb	22177	preview	-	LICENSE;COPYING
data/mypaint-brushes/ramon/Pen.myb	74de6b0a50fd1c0256b7d29ce5595ff18de9c0b0	a099250080ae7e17163e5873142fd75bd17600c7c82c84425682ae9a03f7a764	5242	brush	3	LICENSE;COPYING
data/mypaint-brushes/ramon/PenBrush.myb	2f54ef455d0fc833e702f7512c839b6623c844dd	4b5d92cf6cd801ce91cee5890f87ec735172a5668f84388c888abe8a1437ec36	6036	brush	3	LICENSE;COPYING
data/mypaint-brushes/ramon/PenBrush_prev.png	61e9f397e35b839ce84014c88cde3b68fe2d6bb7	5dce8f36a148084230c5c08541e3b755671c904a8ac90b0238a2d119342bce10	10111	preview	-	LICENSE;COPYING
data/mypaint-brushes/ramon/Pen_prev.png	8d92608e1cfa347f9f203b25f31da8bed8fb672c	45cea138aa57b94ec998c03dbffff71f87180c9be2fc18fcad30aa1193e38f0d	9846	preview	-	LICENSE;COPYING
data/mypaint-brushes/ramon/RS_blendOP.myb	a895ba84d58e040562d125220636dfa30733a3cb	5f9222264144d0abe385106f2d5309276c135ee59633cfba4ef705e063294240	7135	brush	3	LICENSE;COPYING
data/mypaint-brushes/ramon/RS_blendOP_prev.png	e25ab5130cba64226564fe0ad8863ef481f266e9	a69a19d1177e8c755e4c313c62ac30503a03caaa3c1549d992adda55fafef451	10738	preview	-	LICENSE;COPYING
data/mypaint-brushes/ramon/Round.myb	6cbff103d9db457b438b70e94d05352497bd7258	c810855593f3ba513824dc2f96c12b1d4f39548c36dfbc4ee0ec5655b1fca22e	6382	brush	3	LICENSE;COPYING
data/mypaint-brushes/ramon/Round_Bl.myb	8b17f667642d87a5f6e382c662cd9f7596cbdab4	c326612356c6c3b93bbadbb20413a67abdeee8fdb1f6e7830bd34a3cf2fed7f1	7225	brush	3	LICENSE;COPYING
data/mypaint-brushes/ramon/Round_Bl_prev.png	656f5c7d74a171b99f6ae188b70eb6309b712e24	016f6b311265b7ef1b5232546bb5b9b7c204ce4bd23c2b7319059f1f71e0a3d3	11678	preview	-	LICENSE;COPYING
data/mypaint-brushes/ramon/Round_prev.png	b5ba66326434c95be5eb605efb739132620b9a02	df54a858775fd521dabf2cd0daa1c74dca9a29134de365912d8830195b8da35f	10353	preview	-	LICENSE;COPYING
data/mypaint-brushes/ramon/Sketch_1.myb	3c263a62d3e89df29c1f26e9acac7a338a5e193e	b45b8e065c4ca9fd77ca1e8d7c051bfe78a388d3c3a00f46e70c5f9f869c9247	5334	brush	3	LICENSE;COPYING
data/mypaint-brushes/ramon/Sketch_1_prev.png	55ee7980d3a1c2e78dc606dbb268cda6d62d2a04	064dea4d4dba66bae898f6e9aee4e2cdbe9154075cb2d70b79bfa4df60384c44	14255	preview	-	LICENSE;COPYING
data/mypaint-brushes/ramon/Smear.myb	e636403032858d994e4d3b947226f19f92cc1c05	1196a0e351c19ea67d45af911a1fba0b39962643a54f36dc40d209786f2587ce	5638	brush	3	LICENSE;COPYING
data/mypaint-brushes/ramon/Smear_prev.png	57b1e1e552f734d8fe5edc97195278a0f79e85da	8116761cea77291997c46d186fbe6533c0a2427adab3893b44929174e3ca42c6	9602	preview	-	LICENSE;COPYING
data/mypaint-brushes/ramon/Soft_Eraser.myb	524075b826af92a224a7b7b47a7a9ea95f15f3a2	a32d3e92433999410445e40d3c6076547b288e62737ad2419a60c3e1ace34d74	4997	brush	3	LICENSE;COPYING
data/mypaint-brushes/ramon/Soft_Eraser_prev.png	b15ecbadca1295b87bf31fbc4e527f2f8b70ca5a	6ed68743128239962324f64cad887f3aa06be3aaf5375dd7df7639b15547d31c	12295	preview	-	LICENSE;COPYING
data/mypaint-brushes/ramon/Thin_Pen.myb	79ac72ae07a69b028656f6b90f3213082c4437f5	6058773d9b062b17b83ba55f89bb75428b72d3b24ec615b5d8934c8e66f0b46b	6183	brush	3	LICENSE;COPYING
data/mypaint-brushes/ramon/Thin_Pen_prev.png	f1f5bcae4902f3c52d973fa5cc9e5b1121b72ae9	61987e2fc260e9d82d823b545a5a0feb077ff9e87b1a21b0a28dad52921d936c	6540	preview	-	LICENSE;COPYING
data/mypaint-brushes/ramon/Wet_Direction.myb	e500a03cbde74a73c1dc269030ddedb80f36d78d	3db9297d906d1912e3eec72e5d23e64fe64ef1d35861893eb1f7b2d37551be2f	5426	brush	3	LICENSE;COPYING
data/mypaint-brushes/ramon/Wet_Direction_prev.png	45955c4cc9635b8f7c87f68f46e713f019c42e3c	fea35c4c5785c5969308798f7f915d7bdb8959c8e65dda1f949b0e9716a79fdf	11373	preview	-	LICENSE;COPYING
data/mypaint-brushes/ramon/files	9b5ce39ca19cf1acfd971eb3d1bd5c253bbb9dff	f0fe7483f3edfe854ab85ce38f7b8cce1b74aff528b62f84bbb2f15d6a93532e	923	support	-	LICENSE;COPYING
data/mypaint-brushes/ramon/wet_round.myb	924424b49eb5321f43d909db07d2272d75e3a628	cdd5cacce2f52695278bcc7b3e5c952f2d24904758ea628fc98ad113b7d44b51	5993	brush	3	LICENSE;COPYING
data/mypaint-brushes/ramon/wet_round_prev.png	b08d7226a5e0b1452e3090d37af31394040c5a1f	87f3e53404773635437b9ddb2e417ce9bc0f1006b980ccaaeef984dadb5066d0	10031	preview	-	LICENSE;COPYING
data/mypaint-brushes/tanda/Makefile.am	9b3d71b27b6b9e7fe0b0fd57bf0370a4f997d03e	bedc4f6a207367246b38766e1dc701d093d8527a1b923c6e6f57f9e5faf70c61	1778	support	-	LICENSE;COPYING
data/mypaint-brushes/tanda/acrylic-03-only-water.myb	94c2398a492887fc220457fcd8c37ca739191339	8dc72ed123f3b75dab69719c7c173417a787b74976c67b4bd3b2f9be9051c27f	7300	brush	3	LICENSE;COPYING
data/mypaint-brushes/tanda/acrylic-03-only-water_prev.png	7e2df057b3e6b6fc995550d64048ae657ff9030f	275fea8a0babffe3bf16d27c7ad5881d44775a1e25d4b4da1dc17a3e5050abfb	17827	preview	-	LICENSE;COPYING
data/mypaint-brushes/tanda/acrylic-03-paint.myb	e36fa0d32c38a099a704bfd68841026fb1e41798	806c6ef87c0515e8e8b2736f0c8e5e0dff2680e3c1dc6ddd69b18cb844e57bf3	6822	brush	3	LICENSE;COPYING
data/mypaint-brushes/tanda/acrylic-03-paint_prev.png	f11629b007d4b04f4370992f49c7e4997a82bf29	e313a4819e58d6a6870233a76687b88a61f52e16c6b6b4126aac58fbbbe54c23	17415	preview	-	LICENSE;COPYING
data/mypaint-brushes/tanda/acrylic-03-with-water.myb	72de643b139189e76cf1e92f7f98d15f46d0cb48	08b0ff55288c303a27eb0955c9de06e2fabf6d6aefda1f6a179dde88768e43f8	5928	brush	3	LICENSE;COPYING
data/mypaint-brushes/tanda/acrylic-03-with-water_prev.png	14d12328127a6dbf7cec7050204771bb3d89c59b	511d29fff40ae7c8bc0243074e28a31763b4241785c8722a5c36c7902cb99933	19197	preview	-	LICENSE;COPYING
data/mypaint-brushes/tanda/acrylic-04-only-water.myb	15d8c3d7148ef926016ed4043f3c5705d32058d1	26cfe5ea0993b4580d44bd2025a490faaf9afd892384ef6b8b2d85b576367087	7508	brush	3	LICENSE;COPYING
data/mypaint-brushes/tanda/acrylic-04-only-water_prev.png	2895b0d06e421381f1b39324b5032e2dcd2bb9b7	b766d6f9e4a4b0108a992ee0ce4676e6600b4166767ad9145d770e2c8b0f149e	17062	preview	-	LICENSE;COPYING
data/mypaint-brushes/tanda/acrylic-04-paint.myb	58152d0d65c671ab3c765ffe5ae10a7c080e28dd	a032234087c9e45eb1968e87fe925997fe0abc6bcdbece641ee35fbe49a1821c	6159	brush	3	LICENSE;COPYING
data/mypaint-brushes/tanda/acrylic-04-paint_prev.png	0f53b2ff07ca603a298a1af5d5ae22a974d2deb4	7da35dd09da44a6735fdd361eb20f1a26e492eb7e5723c989aaea93158d00a28	13295	preview	-	LICENSE;COPYING
data/mypaint-brushes/tanda/acrylic-04-with-water.myb	9b501c59f54581a7dfa9cbd4d9090e38b90fe03a	d079e658d41daabfaa51f208143459064ff6a48af3a8d889b1066fa990afe9fa	6403	brush	3	LICENSE;COPYING
data/mypaint-brushes/tanda/acrylic-04-with-water_prev.png	aad96b7c1fe9602786c48411e1f0c5cc1e95cb98	3206d327d8c18eeae9153fe430d97e3a43988b8d1671345905f5baa16d95b720	18632	preview	-	LICENSE;COPYING
data/mypaint-brushes/tanda/acrylic-05-only-water.myb	cbea5d0e6c5d8ffe4d44b40845696f09586f6fa3	25930e8cad9e68d9b00c10f347f6a57d0292e9b66981ffbf804d41be0c7d6242	5648	brush	3	LICENSE;COPYING
data/mypaint-brushes/tanda/acrylic-05-only-water_prev.png	9c4f9aa0bedabbe624ebef8a8b9d2a1cfb3fa9d0	91b2e5ae07a3a02e36dad4b31da6b1b4b033a594a295196c3029259585cd1e4a	17972	preview	-	LICENSE;COPYING
data/mypaint-brushes/tanda/acrylic-05-paint.myb	3df38af1e61fa6e4a512d8340319489a961ed7c9	c5e2be9889dbf75fcdd2d3dbf4e3df943b1cf6cfc0fbb5bad7ed00f88366cfb1	5642	brush	3	LICENSE;COPYING
data/mypaint-brushes/tanda/acrylic-05-paint_prev.png	1004ff8385f59691dfac59f5770e52a82ed1f6df	795343158ce67cf31b7c158a47d86b871d69c614f1f3c9b3e79c18d096a000f3	18768	preview	-	LICENSE;COPYING
data/mypaint-brushes/tanda/acrylic-05-with-water.myb	daa14f3b955a2d74bc4670000e7a159da95994f3	4722fa440468770b0d41e7e6aa6dd0fc48e3f35aa2b4bbc252c2eaaef4ba8845	5689	brush	3	LICENSE;COPYING
data/mypaint-brushes/tanda/acrylic-05-with-water_prev.png	6082a1b6eb6d556a13e59dd13bff2e31eea82564	351b292c8fb23f123b7d10fbaab86cb983720000004052fab6197d08180cc426	17699	preview	-	LICENSE;COPYING
data/mypaint-brushes/tanda/charcoal-01.myb	efda2625e965f8ae2c9209ae5f089a6ec4dd3b9b	cc84adc53a83eecdc8bf639b15ea039dd56cb534185a4a863c91d589adfb7428	6310	brush	3	LICENSE;COPYING
data/mypaint-brushes/tanda/charcoal-01_prev.png	a00f558d6df6f1e740d2ccced96f628a614e0ca9	d17b9160d28234735e2f9d0e7193075a23023fe5cf86512d93e7230d33195b2c	22725	preview	-	LICENSE;COPYING
data/mypaint-brushes/tanda/charcoal-03.myb	a3450e9dc80a16f6f4a3af07c5a367b1d40b3cd2	fab91fcff953a9a0fb9352cf287939c1bb81b386a75fbc8cb4c10ca49402fbf6	6264	brush	3	LICENSE;COPYING
data/mypaint-brushes/tanda/charcoal-03_prev.png	2e13ee0f5f3dd3e69aecbd2c6ef307973e1e9ddf	18decd709265751f4e2aa6efc0bb6a9d2076a140b083c4f7efe21bf62b85dece	21876	preview	-	LICENSE;COPYING
data/mypaint-brushes/tanda/charcoal-04.myb	9541a17544d62c2db65ab7a3db65fe5af73c445b	43421e07ca61b0b7b42588809cc659477a50ddaa716c97807efbcb942eb64e9b	6000	brush	3	LICENSE;COPYING
data/mypaint-brushes/tanda/charcoal-04_prev.png	8747a6a02b2786f96571165a73e2b982f7995904	f3e02e952ca13e80a655faef9616d962b823777ce36689441a2267dfe9875df4	25806	preview	-	LICENSE;COPYING
data/mypaint-brushes/tanda/charcoal-blur1.myb	74b7e4829d77fe9eb228aefab44ef736e613d233	78522101cd990a2f4cabda133dbcb5fc28114b4a90049436792a68adc536346d	5626	brush	3	LICENSE;COPYING
data/mypaint-brushes/tanda/charcoal-blur1_prev.png	b8c8b3d268725504ee2fa0ac12d5f3e1319e8c0d	a482b55a664bf47c55999ac6ab76ea0fe137f74e965d0b23e009fa5ffefacbca	21348	preview	-	LICENSE;COPYING
data/mypaint-brushes/tanda/files	9b5ce39ca19cf1acfd971eb3d1bd5c253bbb9dff	f0fe7483f3edfe854ab85ce38f7b8cce1b74aff528b62f84bbb2f15d6a93532e	923	support	-	LICENSE;COPYING
data/mypaint-brushes/tanda/marker-01.myb	e697bcac116bf67bf44ebd3a483f261278b4eaeb	cc3123667a6920e0c3db3274487b71dd88d3bc9990505bf6fe1a9e1dedb22557	5514	brush	3	LICENSE;COPYING
data/mypaint-brushes/tanda/marker-01_prev.png	e2abd3274aa39099aca6d84539cfd3961cc140ca	e4c7bbe7a5088205ad3a463823c1697ea73526771509c852f8807e86880be295	20829	preview	-	LICENSE;COPYING
data/mypaint-brushes/tanda/marker-05.myb	f04f675c9643416d447441786ecfab7231535ef3	9f835ab972ef868fef0f83afaa865b5199fd3a36a2e804c77cbae263eb0816aa	5676	brush	3	LICENSE;COPYING
data/mypaint-brushes/tanda/marker-05_prev.png	969ae88fdb23a14d82387c62f902d479799577c9	08c262b721c4aebf4fc9734ba5dcfe4a999d916e819bd8af4db16b90baeea147	20304	preview	-	LICENSE;COPYING
data/mypaint-brushes/tanda/oil-01-clean.myb	f046a3ae051f0e190fd93519bef895999db7a654	0818c1a4c283c21131f495ab3d97ee951c41a6ee87ddbeb45e82c39b4aa18f75	6762	brush	3	LICENSE;COPYING
data/mypaint-brushes/tanda/oil-01-clean_prev.png	c930617c78c2e6ca3a147e1806654b46fc4c2532	c0e19d6d7c33d9ff1c1652f0879be840c82c4dd00fe3efed838218b04f4356c9	18529	preview	-	LICENSE;COPYING
data/mypaint-brushes/tanda/oil-01-paint.myb	20f2c49bced504143b0b5314703c39e0b3ae8557	ce90c7f7b34298b66aa552f0a1625dce6d8ac228cf19e54ca02a66db240cc041	7395	brush	3	LICENSE;COPYING
data/mypaint-brushes/tanda/oil-01-paint_prev.png	c5c94e5dbe521e358590ae0d946747885e939e4b	0761b8da63a713248916016dc691cf66f01b6c803546305ec898e4793dc59bac	18625	preview	-	LICENSE;COPYING
data/mypaint-brushes/tanda/oil-03-clean.myb	3d75f68bbe8a95d40d3ff507758540e7559749e0	81a03b39caa5432cf205394dae4a77288daa2e5baf9af0d179a544c90f321527	7023	brush	3	LICENSE;COPYING
data/mypaint-brushes/tanda/oil-03-clean_prev.png	f84d6d50e2cb63e8769afb238522bcce3b699ca0	2c0e2fc80b5903a45a03365e87677fb9cbb2015cb62d718c94d5bfa370e2b853	17815	preview	-	LICENSE;COPYING
data/mypaint-brushes/tanda/oil-03-paint.myb	eb0bf4a6cedce7658471d07578159a3f1be0d6f3	f86fb4ecd2c715f4300869ada217417217621b9652f0dc1075f07b828fdc7185	7813	brush	3	LICENSE;COPYING
data/mypaint-brushes/tanda/oil-03-paint_prev.png	04ff7f979306a15d56940bc702c52d18423ebd29	a89932a1e01d95e78171419803563f23fdd7d8516db28cbef06bbace43b556f3	19485	preview	-	LICENSE;COPYING
data/mypaint-brushes/tanda/oil-06-clean.myb	d74f74ad80b7e2e76fa52c072560fa64ccd48c85	5c3aef7e3510c2841cf2b491e7baac10c0126a731d0cd6b585ade7f94cc1450b	5639	brush	3	LICENSE;COPYING
data/mypaint-brushes/tanda/oil-06-clean_prev.png	402f30dc6b2d0ce9e2e44e54f0e3d0218f092f0a	04030e000758839366e2f9531637269378977459b28edb9254996081335196b9	15356	preview	-	LICENSE;COPYING
data/mypaint-brushes/tanda/oil-06-paint.myb	6ecdb046a2984ffd1969cc03955f34b6ce5b32c2	ac86ce16a2eb4bb83199792aa0abf71bfea35d1d3be3d642b06bf5a046ce0a44	6008	brush	3	LICENSE;COPYING
data/mypaint-brushes/tanda/oil-06-paint_prev.png	41c82273789e19589971f47bcc330bbff8e749c8	e721bc9e9b98950f2db4226a14b325988daa42cd16882ede1e0714e59719e0d5	16163	preview	-	LICENSE;COPYING
data/mypaint-brushes/tanda/oil-mop.myb	84abcf58d8d333de1b360193af3db22ebcfc20b1	0bc5a53e6d69b0c56b6434e8412cb32f7a81c39aac4dc9d6afa8edc9e6bc6de4	6324	brush	3	LICENSE;COPYING
data/mypaint-brushes/tanda/oil-mop_prev.png	5325cedf986bfe113079744c210777e8c265492b	993699036cfbed845d14f0303cf2ab858885d919f2e29908780798674c68421a	14836	preview	-	LICENSE;COPYING
data/mypaint-brushes/tanda/pencil-2b.myb	a094b1ad2d53b76288b9ac3460abe1595efca6b1	57548f1abe4f5e4320ded68797fee2c2892d30f82c5ea187ff4a99b5481e9d26	5538	brush	3	LICENSE;COPYING
data/mypaint-brushes/tanda/pencil-2b_prev.png	7e8f5f2a270e1507424b266684229159b7e4b2ea	5b359495a47d9a977181c99bcd64d5b7a7ca595ccd62f688b95378897842b4a3	29006	preview	-	LICENSE;COPYING
data/mypaint-brushes/tanda/pencil-8b.myb	8c0ab0d7d8843d49a117aa9b72e73d3b1e702b97	c2ed05a0cb92346ff93f6511ae8253c827e060d5503cf1ab5874da415894bbb2	5787	brush	3	LICENSE;COPYING
data/mypaint-brushes/tanda/pencil-8b_prev.png	a1281b0d3e8bffe443e474b22072502ba2caf636	138a33fdb542365471fbc473aaf44f56b017d05ec314739349252b4151b991bb	31076	preview	-	LICENSE;COPYING
data/mypaint-brushes/tanda/splatter-02.myb	8517a2f83320a5278e33b0b1f07d2575b3acae96	ac2310dbfca644bd407d427ced2f25896c04cf1de3b704d4c0ca7d8b32fb34be	4883	brush	3	LICENSE;COPYING
data/mypaint-brushes/tanda/splatter-02_prev.png	c20a273d6555b6770ccc466736c1f77bad7260d9	c0dce7be9754b6a358e6a2e9a16746925e59c7cb40cccedaedc1f90df8ea4577	16168	preview	-	LICENSE;COPYING
data/mypaint-brushes/tanda/splatter-04.myb	d9bb3db249d8fca571c368ff22239a8e064c1509	297e6dd77bde488dc79704e950e507d9b916ac05192050b53cd8f3a36234906c	5802	brush	3	LICENSE;COPYING
data/mypaint-brushes/tanda/splatter-04_prev.png	03d801c66e326e6ed4eb6bf9b74dbe2e823492cf	48db81ab9642f260f43094e7231e03616b8a3139909fbf2f47830964bc940546	9876	preview	-	LICENSE;COPYING
data/mypaint-brushes/tanda/texture-03.myb	dd1c04f2455aec376d3772370e5b31f14e14dc03	e4819ecb86a15bf174df9406a0265f416ab24173ae4e7673d888c92a9227999d	5401	brush	3	LICENSE;COPYING
data/mypaint-brushes/tanda/texture-03_prev.png	0a746418e94c6e12f63232aa1cd04abb8c1c412a	54721f54c885c262b42d10e9a35b64af84046df6402dc6ec21da2caacfa8a783	19667	preview	-	LICENSE;COPYING
data/mypaint-brushes/tanda/texture-06.myb	341f4415baadd53e7cd77640df10173d6299e35d	0ac645e7bece3fcb5d5e7e28695b6fafc88de6a0d565db1ff435428c49e22882	5921	brush	3	LICENSE;COPYING
data/mypaint-brushes/tanda/texture-06_prev.png	33e885938bb6910e739a454d10300e5f2864ae7b	f8729165d66725a2e73d70e91afe9562c0d91261759e805f7db43373d467502e	21153	preview	-	LICENSE;COPYING
data/mypaint-brushes/tanda/texture-12.myb	174fef1f6d77c6d5e33e48d846e3d8c5f0034a7d	553d0b8289617aa2403eb07e68d2e742df2d0c28f2800058e4d7e0789ea3fbdc	5949	brush	3	LICENSE;COPYING
data/mypaint-brushes/tanda/texture-12_prev.png	93cd9b6b9dbde6ee90a3cdd18d7364fa2d58f2c0	23a83889b9fffe0bea437ed78f55138a03405713870aacc59e93215358e78747	18720	preview	-	LICENSE;COPYING
data/mypaint-brushes/tanda/water-01.myb	8d1558cc1339ab6dda67c8e78d680b5c460b1355	36a8671d60e7b83f5e4dfeeee975f4088e8c1084432f0b5c8f79ca3ced791756	5639	brush	3	LICENSE;COPYING
data/mypaint-brushes/tanda/water-01_prev.png	4e8b95a9c20fe3301f2d0fdd30989262aed138a5	007d123bfb0c74c4f35b0591f4be2af8c2deb63b7e6ec45e2400f93fbd79d6db	18796	preview	-	LICENSE;COPYING
data/mypaint-brushes/tanda/water-02.myb	4d4cad09edf114b5c2b87e1db8d19225bafa8462	86e01ef5a717f89a42b5aaa867a401c942210fbad3654d40109791d891cf6b63	4838	brush	3	LICENSE;COPYING
data/mypaint-brushes/tanda/water-02_prev.png	9b711aa7b954dbe41cdf14b3213bec1f29e58dbc	153cbbc2d2befd423c0ea85f4bb962f497cb6bc21dcd6d8b28cacda5713089b9	18624	preview	-	LICENSE;COPYING
data/mypaint-brushes/tanda/water-05.myb	cb0a2ab32bca209644ee95ea202ac648831bdd8b	d8260be76e37f99c7ef5e5bf212df42ce5148d81156a6dab97be12bbc140a88f	4836	brush	3	LICENSE;COPYING
data/mypaint-brushes/tanda/water-05_prev.png	0d699a7b4483f873fc30646e858d643fc8410edc	4f740a23923cb35bfc0ff61914e4b733cdffb25f40257507d4dbe8f6762355a0	16770	preview	-	LICENSE;COPYING
data/mypaint-brushes/tanda/water-06.myb	39537a0b862cdb6ac1736b539c54f423d552b63c	242051ca254fbb9b05c9b8d59c0781e1447963b64847087593f5c1e1df4c5db8	7609	brush	3	LICENSE;COPYING
data/mypaint-brushes/tanda/water-06_prev.png	96eda5ea16f5dfa3d65a6c4c9c25c0d59885e8fd	3f2d96d4c0590343e2694c86fe58192f2a5d7b8f4a3711162efe08bce4bd52cf	11826	preview	-	LICENSE;COPYING
data/mypaint-brushes/tanda/watercolor-02-paint.myb	e0f7542f726fddbf17aed5492252af72562b6b2f	da244b2b76c10409ac0466719e5f178b186f3ee5e7be9233337f40b9eca18bae	8034	brush	3	LICENSE;COPYING
data/mypaint-brushes/tanda/watercolor-02-paint_prev.png	ffb13821fddaf91239b19c5fe24e31b96e446a15	e83afa5ebe53c4c0c9753df054268f5718961a928975a26f11b5e56e63180a5d	18875	preview	-	LICENSE;COPYING
data/mypaint-brushes/tanda/watercolor-02-water.myb	bf8ec2e6c4e32cc5b58a9d7f7c4e140e23193b7f	b83363418aee53b2b9c0f74e3c5f25419a5ba37fa5b403d6572611f18e790daa	7251	brush	3	LICENSE;COPYING
data/mypaint-brushes/tanda/watercolor-02-water_prev.png	8b824145e8f6089a22b5975bb8ff812a4758192b	a928b0a8c318f803ac75cd1ecfb16eed7c2e76bb33c21749a5d75d16bc645e8d	17459	preview	-	LICENSE;COPYING
