c_entry	legacy_site	cpp_operation	rule	implementation
features_entry_point	app/gimp-features.cpp:70	ApplicationRef::initialize_features	Explicit registration method delegates to this C entry; owner context is passed by adapter and lifecycle state belongs to one Application/ActionGroup store	TODO
gimp_bucket_fill_brush_tool_get_type	app/tools/gimpbucketfillbrushtool.cpp:485	TypeTraits<GimpBucketFillBrushTool>::type	Lazy TypeTraits delegates to C GType registration; no C++ global class singleton or implementation placement	TODO
gimp_bucket_fill_brush_tool_register	app/tools/gimpbucketfillbrushtool.cpp:490	BucketFillBrushToolRef::register_type	Explicit registration method delegates to this C entry; owner context is passed by adapter and lifecycle state belongs to one Application/ActionGroup store	TODO
gimp_canvas_perspective_guide_get_type	app/display/gimpcanvasperspectiveguide.cpp:295	TypeTraits<GimpCanvasPerspectiveGuide>::type	Lazy TypeTraits delegates to C GType registration; no C++ global class singleton or implementation placement	TODO
gimp_canvas_perspective_guide_new	app/display/gimpcanvasperspectiveguide.cpp:300	CanvasPerspectiveGuideRef::create	Named handle method delegates directly to this sole C entry; C entry and exact vfunc adapter resolve the same typed slot; no duplicate implementation	TODO
gimp_cell_renderer_popup_clicked	app/widgets/gimpcellrendererpopup.cpp:344	CellRendererPopupRef::clicked	Named handle method delegates directly to this sole C entry; C entry and exact vfunc adapter resolve the same typed slot; no duplicate implementation	TODO
gimp_cell_renderer_popup_get_type	app/widgets/gimpcellrendererpopup.cpp:341	TypeTraits<GimpCellRendererPopup>::type	Lazy TypeTraits delegates to C GType registration; no C++ global class singleton or implementation placement	TODO
gimp_cell_renderer_popup_new	app/widgets/gimpcellrendererpopup.cpp:342	CellRendererPopupRef::create	Named handle method delegates directly to this sole C entry; C entry and exact vfunc adapter resolve the same typed slot; no duplicate implementation	TODO
gimp_clone_layer_get_source	app/core/gimpclonelayer.cpp:688	CloneLayerRef::source	Named handle method delegates directly to this sole C entry; C entry and exact vfunc adapter resolve the same typed slot; no duplicate implementation; returned borrowed GimpLayer is retained by owning LayerRef, lazy name resolution semantics preserved	TODO
gimp_clone_layer_get_type	app/core/gimpclonelayer.cpp:664	TypeTraits<GimpCloneLayer>::type	Lazy TypeTraits delegates to C GType registration; no C++ global class singleton or implementation placement	TODO
gimp_clone_layer_new	app/core/gimpclonelayer.cpp:669	CloneLayerRef::create	Named handle method delegates directly to this sole C entry; C entry and exact vfunc adapter resolve the same typed slot; no duplicate implementation	TODO
gimp_clone_layer_set_source	app/core/gimpclonelayer.cpp:681	CloneLayerRef::set_source	Named handle method delegates directly to this sole C entry; C entry and exact vfunc adapter resolve the same typed slot; no duplicate implementation	TODO
gimp_clone_layer_set_source_by_name	app/core/gimpclonelayer.cpp:696	CloneLayerRef::set_source_name	Named handle method delegates directly to this sole C entry; C entry and exact vfunc adapter resolve the same typed slot; no duplicate implementation	TODO
gimp_clone_layer_undo_get_type	app/core/gimpclonelayerundo.cpp:61	TypeTraits<GimpCloneLayerUndo>::type	Lazy TypeTraits delegates to C GType registration; no C++ global class singleton or implementation placement	TODO
gimp_display_shell_attach_on_canvas_view	app/display/gimpdisplayshell-overlays.cpp:670	DisplayShellRef::attach_on_canvas_view	Named handle method delegates directly to this sole C entry; C entry and exact vfunc adapter resolve the same typed slot; no duplicate implementation	TODO
gimp_display_shell_detach_on_canvas_view	app/display/gimpdisplayshell-overlays.cpp:713	DisplayShellRef::detach_on_canvas_view	Named handle method delegates directly to this sole C entry; C entry and exact vfunc adapter resolve the same typed slot; no duplicate implementation	TODO
gimp_display_shell_update_on_canvas_opacity	app/display/gimpdisplayshell-overlays.cpp:659	DisplayShellRef::update_on_canvas_opacity	Named handle method delegates directly to this sole C entry; C entry and exact vfunc adapter resolve the same typed slot; no duplicate implementation	TODO
gimp_display_shell_update_on_canvas_views	app/display/gimpdisplayshell-overlays.cpp:601	DisplayShellRef::update_on_canvas_views	Named handle method delegates directly to this sole C entry; C entry and exact vfunc adapter resolve the same typed slot; no duplicate implementation	TODO
gimp_editor_add_action_dropdown	app/widgets/gimpeditor-cxx.cpp:182	EditorRef::add_action_dropdown	Named handle method delegates directly to this sole C entry; C entry and exact vfunc adapter resolve the same typed slot; no duplicate implementation	TODO
gimp_editor_add_dropdown	app/widgets/gimpeditor-cxx.cpp:89	EditorRef::add_dropdown	Named handle method delegates directly to this sole C entry; C entry and exact vfunc adapter resolve the same typed slot; no duplicate implementation	TODO
gimp_filter_layer_get_procedure	app/core/gimpfilterlayer.cpp:1186	FilterLayerRef::get_procedure	Named handle method delegates directly to this sole C entry; C entry and exact vfunc adapter resolve the same typed slot; no duplicate implementation	TODO
gimp_filter_layer_get_procedure_args	app/core/gimpfilterlayer.cpp:1192	FilterLayerRef::get_procedure_args	Named handle method delegates directly to this sole C entry; C entry and exact vfunc adapter resolve the same typed slot; no duplicate implementation; deep-copy GValues with independently owned array; do not shallow-copy internal string/object pointers	TODO
gimp_filter_layer_get_type	app/core/gimpfilterlayer.cpp:1170	TypeTraits<GimpFilterLayer>::type	Lazy TypeTraits delegates to C GType registration; no C++ global class singleton or implementation placement	TODO
gimp_filter_layer_mark_as_loaded	app/core/gimpfilterlayer.cpp:1206	FilterLayerRef::mark_as_loaded	Named handle method delegates directly to this sole C entry; C entry and exact vfunc adapter resolve the same typed slot; no duplicate implementation	TODO
gimp_filter_layer_new	app/core/gimpfilterlayer.cpp:1175	FilterLayerRef::create	Named handle method delegates directly to this sole C entry; C entry and exact vfunc adapter resolve the same typed slot; no duplicate implementation	TODO
gimp_filter_layer_set_procedure	app/core/gimpfilterlayer.cpp:1198	FilterLayerRef::set_procedure	Named handle method delegates directly to this sole C entry; C entry and exact vfunc adapter resolve the same typed slot; no duplicate implementation	TODO
gimp_image_generator_options_get_type	app/tools/gimpimagegeneratortool.cpp:137	TypeTraits<GimpImageGeneratorOptions>::type	Lazy TypeTraits delegates to C GType registration; no C++ global class singleton or implementation placement; removal only after31.011 dependency proof, never assumed here	TODO
gimp_image_generator_tool_get_type	app/tools/gimpimagegeneratortool.cpp:472	TypeTraits<GimpImageGeneratorTool>::type	Lazy TypeTraits delegates to C GType registration; no C++ global class singleton or implementation placement; removal only after31.011 dependency proof, never assumed here	TODO
gimp_image_generator_tool_register	app/tools/gimpimagegeneratortool.cpp:437	ImageGeneratorToolRef::register_type	Explicit registration method delegates to this C entry; owner context is passed by adapter and lifecycle state belongs to one Application/ActionGroup store; removal only after31.011 dependency proof, never assumed here	TODO
gimp_json_resource_get_type	app/presets/gimpjsonresource.cpp:215	TypeTraits<GimpJsonResource>::type	Lazy TypeTraits delegates to C GType registration; no C++ global class singleton or implementation placement	TODO
gimp_json_resource_new	app/presets/gimpjsonresource.cpp:219	JsonResourceRef::create	Named handle method delegates directly to this sole C entry; C entry and exact vfunc adapter resolve the same typed slot; no duplicate implementation	TODO
gimp_layer_tile_view_get_type	app/widgets/gimplayertileview.cpp:1594	TypeTraits<GimpLayerTileView>::type	Lazy TypeTraits delegates to C GType registration; no C++ global class singleton or implementation placement	TODO
gimp_layer_tile_view_new	app/widgets/gimplayertileview.cpp:1595	LayerTileViewRef::create	Named handle method delegates directly to this sole C entry; C entry and exact vfunc adapter resolve the same typed slot; no duplicate implementation	TODO
gimp_mypaint_brush_begin_use	app/core/gimpmypaintbrush.cpp:383	MypaintBrushRef::begin_use	Named handle method delegates directly to this sole C entry; C entry and exact vfunc adapter resolve the same typed slot; no duplicate implementation	TODO
gimp_mypaint_brush_button_with_popup	app/tools/gimpmypaintbrushoptions-gui.cpp:325	ContextRef::create_mypaint_brush_button	Named handle method delegates directly to this sole C entry; C entry and exact vfunc adapter resolve the same typed slot; no duplicate implementation	TODO
gimp_mypaint_brush_duplicate	app/core/gimpmypaintbrush.cpp:350	MypaintBrushRef::duplicate	Named handle method delegates directly to this sole C entry; C entry and exact vfunc adapter resolve the same typed slot; no duplicate implementation	TODO
gimp_mypaint_brush_editor_get_type	app/widgets/gimpmypaintbrusheditor.cpp:84	TypeTraits<GimpMypaintBrushEditor>::type	Lazy TypeTraits delegates to C GType registration; no C++ global class singleton or implementation placement	TODO
gimp_mypaint_brush_editor_new	app/widgets/gimpmypaintbrusheditor.cpp:284	MypaintBrushEditorRef::create	Named handle method delegates directly to this sole C entry; C entry and exact vfunc adapter resolve the same typed slot; no duplicate implementation	TODO
gimp_mypaint_brush_end_use	app/core/gimpmypaintbrush.cpp:394	MypaintBrushRef::end_use	Named handle method delegates directly to this sole C entry; C entry and exact vfunc adapter resolve the same typed slot; no duplicate implementation	TODO
gimp_mypaint_brush_get_standard	app/core/gimpmypaintbrush.cpp:364	MypaintBrushRef::get_standard	Named handle method delegates directly to this sole C entry; C entry and exact vfunc adapter resolve the same typed slot; no duplicate implementation; borrowed standard resource is retained, never adopted as a newly-owned return	TODO
gimp_mypaint_brush_get_type	app/core/gimpmypaintbrush.cpp:100	TypeTraits<GimpMypaintBrush>::type	Lazy TypeTraits delegates to C GType registration; no C++ global class singleton or implementation placement	TODO
gimp_mypaint_brush_load	app/core/gimpmypaintbrush-load.cpp:111	MypaintBrushRef::load	Named handle method delegates directly to this sole C entry; C entry and exact vfunc adapter resolve the same typed slot; no duplicate implementation	TODO
gimp_mypaint_brush_new	app/core/gimpmypaintbrush.cpp:334	MypaintBrushRef::create	Named handle method delegates directly to this sole C entry; C entry and exact vfunc adapter resolve the same typed slot; no duplicate implementation	TODO
gimp_mypaint_brush_save	app/core/gimpmypaintbrush-save.cpp:101	MypaintBrushRef::save	Named handle method delegates directly to this sole C entry; C entry and exact vfunc adapter resolve the same typed slot; no duplicate implementation	TODO
gimp_mypaint_brush_select_mypaint_brush	app/core/gimpmypaintbrush.cpp:406	MypaintBrushRef::select_mypaint_brush	Named handle method delegates directly to this sole C entry; C entry and exact vfunc adapter resolve the same typed slot; no duplicate implementation	TODO
gimp_mypaint_brush_want_null_motion	app/core/gimpmypaintbrush.cpp:420	MypaintBrushRef::want_null_motion	Named handle method delegates directly to this sole C entry; C entry and exact vfunc adapter resolve the same typed slot; no duplicate implementation	TODO
gimp_mypaint_core_undo_get_type	app/paint/gimpmypaintcoreundo.cpp:56	TypeTraits<GimpMypaintCoreUndo>::type	Lazy TypeTraits delegates to C GType registration; no C++ global class singleton or implementation placement	TODO
gimp_mypaint_options_copy_brush_props	app/paint/gimpmypaintoptions.cpp:358	MypaintOptionsRef::copy_brush_props	Named handle method delegates directly to this sole C entry; C entry and exact vfunc adapter resolve the same typed slot; no duplicate implementation	TODO
gimp_mypaint_options_get_brush_mode	app/paint/gimpmypaintoptions.cpp:347	MypaintOptionsRef::get_brush_mode	Named handle method delegates directly to this sole C entry; C entry and exact vfunc adapter resolve the same typed slot; no duplicate implementation	TODO
gimp_mypaint_options_get_current_brush	app/paint/gimpmypaintoptions.cpp:533	MypaintOptionsRef::get_current_brush	Named handle method delegates directly to this sole C entry; C entry and exact vfunc adapter resolve the same typed slot; no duplicate implementation	TODO
gimp_mypaint_options_get_mapping_point	app/paint/gimpmypaintoptions.cpp:571	MypaintOptionsRef::get_mapping_point	Named handle method delegates directly to this sole C entry; C entry and exact vfunc adapter resolve the same typed slot; no duplicate implementation	TODO
gimp_mypaint_options_get_type	app/paint/gimpmypaintoptions.cpp:95	TypeTraits<GimpMypaintOptions>::type	Lazy TypeTraits delegates to C GType registration; no C++ global class singleton or implementation placement	TODO
gimp_mypaint_options_gui	app/tools/gimpmypaintoptions-gui.cpp:543	MypaintOptionsRef::gui	Named handle method delegates directly to this sole C entry; C entry and exact vfunc adapter resolve the same typed slot; no duplicate implementation	TODO
gimp_mypaint_options_gui_horizontal	app/tools/gimpmypaintoptions-gui.cpp:573	MypaintOptionsRef::gui_horizontal	Named handle method delegates directly to this sole C entry; C entry and exact vfunc adapter resolve the same typed slot; no duplicate implementation	TODO
gimp_mypaint_options_is_ready	app/paint/gimpmypaintoptions.cpp:606	MypaintOptionsRef::is_ready	Named handle method delegates directly to this sole C entry; C entry and exact vfunc adapter resolve the same typed slot; no duplicate implementation	TODO
gimp_mypaint_options_new	app/paint/gimpmypaintoptions.cpp:334	MypaintOptionsRef::create	Named handle method delegates directly to this sole C entry; C entry and exact vfunc adapter resolve the same typed slot; no duplicate implementation	TODO
gimp_mypaint_options_set_mapping_point	app/paint/gimpmypaintoptions.cpp:539	MypaintOptionsRef::set_mapping_point	Named handle method delegates directly to this sole C entry; C entry and exact vfunc adapter resolve the same typed slot; no duplicate implementation	TODO
gimp_mypaint_tool_enable_color_picker	app/tools/gimpmypainttool.cpp:222	MypaintToolRef::enable_color_picker	Named handle method delegates directly to this sole C entry; C entry and exact vfunc adapter resolve the same typed slot; no duplicate implementation	TODO
gimp_mypaint_tool_get_type	app/tools/gimpmypainttool.cpp:117	TypeTraits<GimpMypaintTool>::type	Lazy TypeTraits delegates to C GType registration; no C++ global class singleton or implementation placement	TODO
gimp_mypaint_tool_register	app/tools/gimpmypainttool.cpp:813	MypaintToolRef::register_type	Explicit registration method delegates to this C entry; owner context is passed by adapter and lifecycle state belongs to one Application/ActionGroup store	TODO
gimp_perspective_guide_add_vanish_points	app/core/gimpperspectiveguide.cpp:255	PerspectiveGuideRef::add_vanish_points	Named handle method delegates directly to this sole C entry; C entry and exact vfunc adapter resolve the same typed slot; no duplicate implementation	TODO
gimp_perspective_guide_get_type	app/core/gimpperspectiveguide.cpp:240	TypeTraits<GimpPerspectiveGuide>::type	Lazy TypeTraits delegates to C GType registration; no C++ global class singleton or implementation placement	TODO
gimp_perspective_guide_get_vanish_point_length	app/core/gimpperspectiveguide.cpp:250	PerspectiveGuideRef::get_vanish_point_length	Named handle method delegates directly to this sole C entry; C entry and exact vfunc adapter resolve the same typed slot; no duplicate implementation	TODO
gimp_perspective_guide_get_vanish_points	app/core/gimpperspectiveguide.cpp:265	PerspectiveGuideRef::get_vanish_points	Named handle method delegates directly to this sole C entry; C entry and exact vfunc adapter resolve the same typed slot; no duplicate implementation	TODO
gimp_perspective_guide_new	app/core/gimpperspectiveguide.cpp:245	PerspectiveGuideRef::create	Named handle method delegates directly to this sole C entry; C entry and exact vfunc adapter resolve the same typed slot; no duplicate implementation	TODO
gimp_perspective_guide_options_get_type	app/tools/gimpperspectiveguidetool.cpp:137	TypeTraits<GimpPerspectiveGuideOptions>::type	Lazy TypeTraits delegates to C GType registration; no C++ global class singleton or implementation placement	TODO
gimp_perspective_guide_remove_vanish_points	app/core/gimpperspectiveguide.cpp:260	PerspectiveGuideRef::remove_vanish_points	Named handle method delegates directly to this sole C entry; C entry and exact vfunc adapter resolve the same typed slot; no duplicate implementation	TODO
gimp_perspective_guide_set_vanish_points	app/core/gimpperspectiveguide.cpp:270	PerspectiveGuideRef::set_vanish_points	Named handle method delegates directly to this sole C entry; C entry and exact vfunc adapter resolve the same typed slot; no duplicate implementation	TODO
gimp_perspective_guide_tool_get_type	app/tools/gimpperspectiveguidetool.cpp:662	TypeTraits<GimpPerspectiveGuideTool>::type	Lazy TypeTraits delegates to C GType registration; no C++ global class singleton or implementation placement	TODO
gimp_perspective_guide_tool_register	app/tools/gimpperspectiveguidetool.cpp:627	PerspectiveGuideToolRef::register_type	Explicit registration method delegates to this C entry; owner context is passed by adapter and lifecycle state belongs to one Application/ActionGroup store	TODO
gimp_popover_new	app/widgets/popupper.cpp:420	PopoverRef::create	Named handle method delegates directly to this sole C entry; C entry and exact vfunc adapter resolve the same typed slot; no duplicate implementation	TODO
gimp_tool_tile_view_get_type	app/widgets/gimptooltileview.cpp:600	TypeTraits<GimpToolTileView>::type	Lazy TypeTraits delegates to C GType registration; no C++ global class singleton or implementation placement	TODO
gimp_tool_tile_view_new	app/widgets/gimptooltileview.cpp:601	ToolTileViewRef::create	Named handle method delegates directly to this sole C entry; C entry and exact vfunc adapter resolve the same typed slot; no duplicate implementation	TODO
preset_factory_gui_action_group_entry_point	app/presets/preset-factory-gui.cpp:247	ActionGroupRef::register_preset_actions	Explicit registration method delegates to this C entry; owner context is passed by adapter and lifecycle state belongs to one Application/ActionGroup store	TODO
preset_factory_gui_dialogs_actions_entry_point	app/presets/preset-factory-gui.cpp:240	ActionGroupRef::register_preset_dialog_actions	Explicit registration method delegates to this C entry; owner context is passed by adapter and lifecycle state belongs to one Application/ActionGroup store	TODO
preset_factory_gui_prefs_entry_point	app/presets/preset-factory-gui.cpp:233	ApplicationRef::preset_preferences	Explicit registration method delegates to this C entry; owner context is passed by adapter and lifecycle state belongs to one Application/ActionGroup store	TODO
